timestamp,CO_mg_m3,NO2_ug_m3,O3_ug_m3,SO2_ug_m3
2022-01-01T00:00:00Z,0.98,40.0,46.0,14.0
2022-01-01T01:00:00Z,0.96,40.0,43.0,13.0
2022-01-01T02:00:00Z,0.95,44.0,37.0,12.0
2022-01-01T03:00:00Z,0.89,43.0,36.0,12.0
2022-01-01T04:00:00Z,0.86,44.0,31.0,11.0
2022-01-01T05:00:00Z,0.84,44.0,28.0,12.0
2022-01-01T06:00:00Z,0.79,42.0,28.0,11.0
2022-01-01T07:00:00Z,0.75,45.0,24.0,11.0
2022-01-01T08:00:00Z,0.7,45.0,23.0,10.0
2022-01-01T09:00:00Z,0.69,40.0,29.0,10.0
2022-01-01T10:00:00Z,0.8,35.0,36.0,13.0
2022-01-01T11:00:00Z,0.91,32.0,46.0,13.0
2022-01-01T12:00:00Z,0.93,33.0,52.0,13.0
2022-01-01T13:00:00Z,0.86,35.0,61.0,14.0
2022-01-01T14:00:00Z,0.87,37.0,66.0,15.0
2022-01-01T15:00:00Z,0.87,41.0,68.0,15.0
2022-01-01T16:00:00Z,0.93,46.0,68.0,15.0
2022-01-01T17:00:00Z,0.91,54.0,58.0,14.0
2022-01-01T18:00:00Z,0.99,74.0,34.0,13.0
2022-01-01T19:00:00Z,1.19,90.0,10.0,11.0
2022-01-01T20:00:00Z,1.45,93.0,8.0,12.0
2022-01-01T21:00:00Z,1.54,90.0,5.0,11.0
2022-01-01T22:00:00Z,1.51,89.0,5.0,11.0
2022-01-01T23:00:00Z,1.51,88.0,5.0,11.0
2022-01-02T00:00:00Z,1.45,86.0,4.0,11.0
2022-01-02T01:00:00Z,1.44,83.0,5.0,11.0
2022-01-02T02:00:00Z,1.46,79.0,7.0,11.0
2022-01-02T03:00:00Z,1.54,76.0,6.0,11.0
2022-01-02T04:00:00Z,1.61,74.0,7.0,11.0
2022-01-02T05:00:00Z,1.67,73.0,6.0,13.0
2022-01-02T06:00:00Z,1.65,81.0,5.0,13.0
2022-01-02T07:00:00Z,1.41,80.0,5.0,14.0
2022-01-02T08:00:00Z,1.3,77.0,5.0,16.0
2022-01-02T09:00:00Z,1.24,68.0,11.0,15.0
2022-01-02T10:00:00Z,1.14,53.0,23.0,15.0
2022-01-02T11:00:00Z,1.09,46.0,33.0,15.0
2022-01-02T12:00:00Z,1.15,43.0,42.0,15.0
2022-01-02T13:00:00Z,1.04,37.0,53.0,13.0
2022-01-02T14:00:00Z,0.88,36.0,59.0,12.0
2022-01-02T15:00:00Z,0.82,38.0,62.0,12.0
2022-01-02T16:00:00Z,0.79,40.0,61.0,12.0
2022-01-02T17:00:00Z,0.73,45.0,53.0,12.0
2022-01-02T18:00:00Z,0.86,56.0,38.0,13.0
2022-01-02T19:00:00Z,0.99,60.0,34.0,15.0
2022-01-02T20:00:00Z,0.95,59.0,31.0,15.0
2022-01-02T21:00:00Z,0.99,56.0,29.0,14.0
2022-01-02T22:00:00Z,1.01,55.0,25.0,17.0
2022-01-02T23:00:00Z,0.96,52.0,24.0,13.0
2022-01-03T00:00:00Z,0.88,48.0,21.0,10.0
2022-01-03T01:00:00Z,0.85,49.0,16.0,10.0
2022-01-03T02:00:00Z,0.79,47.0,17.0,9.0
2022-01-03T03:00:00Z,0.78,49.0,13.0,8.0
2022-01-03T04:00:00Z,0.74,47.0,14.0,7.0
2022-01-03T05:00:00Z,0.75,46.0,16.0,8.0
2022-01-03T06:00:00Z,0.78,47.0,13.0,8.0
2022-01-03T07:00:00Z,0.83,51.0,10.0,8.0
2022-01-03T08:00:00Z,0.87,52.0,8.0,9.0
2022-01-03T09:00:00Z,0.9,51.0,9.0,9.0
2022-01-03T10:00:00Z,0.88,47.0,20.0,10.0
2022-01-03T11:00:00Z,0.91,44.0,32.0,12.0
2022-01-03T12:00:00Z,1.0,42.0,46.0,14.0
2022-01-03T13:00:00Z,1.05,44.0,58.0,15.0
2022-01-03T14:00:00Z,1.05,47.0,68.0,15.0
2022-01-03T15:00:00Z,1.05,53.0,70.0,14.0
2022-01-03T16:00:00Z,1.07,67.0,57.0,14.0
2022-01-03T17:00:00Z,1.05,79.0,41.0,12.0
2022-01-03T18:00:00Z,1.18,100.0,16.0,12.0
2022-01-03T19:00:00Z,1.28,104.0,12.0,11.0
2022-01-03T20:00:00Z,1.43,104.0,9.0,11.0
2022-01-03T21:00:00Z,1.49,102.0,11.0,12.0
2022-01-03T22:00:00Z,1.49,100.0,10.0,12.0
2022-01-03T23:00:00Z,1.5,96.0,10.0,10.0
2022-01-04T00:00:00Z,1.48,91.0,16.0,10.0
2022-01-04T01:00:00Z,1.45,86.0,15.0,10.0
2022-01-04T02:00:00Z,1.41,85.0,11.0,11.0
2022-01-04T03:00:00Z,1.49,86.0,7.0,12.0
2022-01-04T04:00:00Z,1.45,80.0,7.0,15.0
2022-01-04T05:00:00Z,1.69,84.0,4.0,16.0
2022-01-04T06:00:00Z,1.66,80.0,4.0,15.0
2022-01-04T07:00:00Z,1.71,75.0,3.0,15.0
2022-01-04T08:00:00Z,1.68,69.0,4.0,15.0
2022-01-04T09:00:00Z,1.6,61.0,9.0,17.0
2022-01-04T10:00:00Z,1.57,59.0,12.0,18.0
2022-01-04T11:00:00Z,1.6,60.0,15.0,18.0
2022-01-04T12:00:00Z,1.71,59.0,19.0,19.0
2022-01-04T13:00:00Z,1.64,55.0,26.0,20.0
2022-01-04T14:00:00Z,1.6,57.0,26.0,20.0
2022-01-04T15:00:00Z,1.55,59.0,23.0,18.0
2022-01-04T16:00:00Z,1.51,62.0,17.0,16.0
2022-01-04T17:00:00Z,1.41,63.0,14.0,15.0
2022-01-04T18:00:00Z,1.3,60.0,17.0,14.0
2022-01-04T19:00:00Z,1.23,53.0,22.0,12.0
2022-01-04T20:00:00Z,1.18,49.0,27.0,11.0
2022-01-04T21:00:00Z,1.0,37.0,40.0,9.0
2022-01-04T22:00:00Z,0.74,25.0,55.0,8.0
2022-01-04T23:00:00Z,0.81,23.0,60.0,7.0
2022-01-05T00:00:00Z,0.79,20.0,61.0,7.0
2022-01-05T01:00:00Z,0.7,20.0,61.0,6.0
2022-01-05T02:00:00Z,0.69,18.0,61.0,6.0
2022-01-05T03:00:00Z,0.64,19.0,60.0,6.0
2022-01-05T04:00:00Z,0.59,17.0,58.0,6.0
2022-01-05T05:00:00Z,0.54,18.0,53.0,5.0
2022-01-05T06:00:00Z,0.49,19.0,46.0,5.0
2022-01-05T07:00:00Z,0.49,22.0,41.0,5.0
2022-01-05T08:00:00Z,0.56,30.0,28.0,5.0
2022-01-05T09:00:00Z,0.67,35.0,20.0,5.0
2022-01-05T10:00:00Z,0.7,36.0,20.0,5.0
2022-01-05T11:00:00Z,0.66,32.0,30.0,5.0
2022-01-05T12:00:00Z,0.64,27.0,39.0,5.0
2022-01-05T13:00:00Z,0.63,24.0,42.0,5.0
2022-01-05T14:00:00Z,0.59,24.0,48.0,5.0
2022-01-05T15:00:00Z,0.61,26.0,49.0,5.0
2022-01-05T16:00:00Z,0.74,31.0,42.0,5.0
2022-01-05T17:00:00Z,0.71,36.0,36.0,6.0
2022-01-05T18:00:00Z,0.77,42.0,27.0,6.0
2022-01-05T19:00:00Z,0.79,48.0,19.0,6.0
2022-01-05T20:00:00Z,0.86,54.0,13.0,6.0
2022-01-05T21:00:00Z,0.89,57.0,9.0,6.0
2022-01-05T22:00:00Z,0.88,56.0,10.0,6.0
2022-01-05T23:00:00Z,0.9,54.0,10.0,7.0
2022-01-06T00:00:00Z,0.88,52.0,9.0,6.0
2022-01-06T01:00:00Z,0.85,50.0,6.0,6.0
2022-01-06T02:00:00Z,0.91,50.0,3.0,7.0
2022-01-06T03:00:00Z,0.91,50.0,2.0,7.0
2022-01-06T04:00:00Z,0.98,48.0,3.0,7.0
2022-01-06T05:00:00Z,1.05,48.0,3.0,8.0
2022-01-06T06:00:00Z,1.01,48.0,4.0,8.0
2022-01-06T07:00:00Z,1.01,49.0,3.0,9.0
2022-01-06T08:00:00Z,1.03,48.0,3.0,8.0
2022-01-06T09:00:00Z,1.24,49.0,6.0,9.0
2022-01-06T10:00:00Z,1.15,49.0,13.0,11.0
2022-01-06T11:00:00Z,1.16,44.0,31.0,15.0
2022-01-06T12:00:00Z,1.08,35.0,49.0,13.0
2022-01-06T13:00:00Z,1.0,30.0,61.0,10.0
2022-01-06T14:00:00Z,1.0,29.0,70.0,10.0
2022-01-06T15:00:00Z,0.93,30.0,72.0,9.0
2022-01-06T16:00:00Z,0.86,31.0,74.0,8.0
2022-01-06T17:00:00Z,0.91,36.0,68.0,8.0
2022-01-06T18:00:00Z,0.99,46.0,53.0,8.0
2022-01-06T19:00:00Z,1.01,50.0,48.0,8.0
2022-01-06T20:00:00Z,1.04,59.0,34.0,7.0
2022-01-06T21:00:00Z,1.09,65.0,26.0,8.0
2022-01-06T22:00:00Z,1.15,65.0,21.0,8.0
2022-01-06T23:00:00Z,1.18,71.0,14.0,8.0
2022-01-07T00:00:00Z,1.14,58.0,23.0,8.0
2022-01-07T01:00:00Z,1.2,56.0,18.0,7.0
2022-01-07T02:00:00Z,1.24,54.0,16.0,6.0
2022-01-07T03:00:00Z,1.31,52.0,11.0,6.0
2022-01-07T04:00:00Z,1.33,52.0,12.0,6.0
2022-01-07T05:00:00Z,1.43,55.0,5.0,7.0
2022-01-07T06:00:00Z,1.46,57.0,5.0,9.0
2022-01-07T07:00:00Z,1.41,62.0,2.0,10.0
2022-01-07T08:00:00Z,1.5,61.0,3.0,10.0
2022-01-07T09:00:00Z,1.65,62.0,4.0,10.0
2022-01-07T10:00:00Z,1.5,65.0,7.0,11.0
2022-01-07T11:00:00Z,1.43,64.0,16.0,15.0
2022-01-07T12:00:00Z,1.39,54.0,36.0,18.0
2022-01-07T13:00:00Z,1.26,44.0,62.0,19.0
2022-01-07T14:00:00Z,1.12,38.0,76.0,16.0
2022-01-07T15:00:00Z,1.04,36.0,80.0,14.0
2022-01-07T16:00:00Z,1.1,39.0,79.0,12.0
2022-01-07T17:00:00Z,1.14,43.0,74.0,12.0
2022-01-07T18:00:00Z,1.14,44.0,70.0,11.0
2022-01-07T19:00:00Z,1.19,49.0,60.0,10.0
2022-01-07T20:00:00Z,1.16,45.0,62.0,10.0
2022-01-07T21:00:00Z,1.15,47.0,55.0,10.0
2022-01-07T22:00:00Z,1.18,45.0,52.0,10.0
2022-01-07T23:00:00Z,1.16,46.0,46.0,9.0
2022-01-08T00:00:00Z,1.16,50.0,39.0,9.0
2022-01-08T01:00:00Z,1.18,55.0,29.0,9.0
2022-01-08T02:00:00Z,1.22,61.0,20.0,9.0
2022-01-08T03:00:00Z,1.42,60.0,21.0,8.0
2022-01-08T04:00:00Z,1.4,55.0,28.0,8.0
2022-01-08T05:00:00Z,1.24,58.0,22.0,8.0
2022-01-08T06:00:00Z,1.23,59.0,16.0,7.0
2022-01-08T07:00:00Z,1.29,59.0,11.0,7.0
2022-01-08T08:00:00Z,1.35,59.0,8.0,7.0
2022-01-08T09:00:00Z,1.48,59.0,11.0,8.0
2022-01-08T10:00:00Z,1.51,58.0,34.0,11.0
2022-01-08T11:00:00Z,1.41,52.0,61.0,12.0
2022-01-08T12:00:00Z,1.18,39.0,80.0,12.0
2022-01-08T13:00:00Z,1.05,34.0,87.0,11.0
2022-01-08T14:00:00Z,0.93,31.0,93.0,10.0
2022-01-08T15:00:00Z,0.81,27.0,96.0,8.0
2022-01-08T16:00:00Z,0.79,26.0,93.0,8.0
2022-01-08T17:00:00Z,0.85,35.0,82.0,7.0
2022-01-08T18:00:00Z,0.94,39.0,70.0,7.0
2022-01-08T19:00:00Z,0.95,43.0,58.0,7.0
2022-01-08T20:00:00Z,1.01,44.0,53.0,8.0
2022-01-08T21:00:00Z,1.16,50.0,44.0,7.0
2022-01-08T22:00:00Z,1.25,49.0,41.0,7.0
2022-01-08T23:00:00Z,1.19,49.0,38.0,8.0
2022-01-09T00:00:00Z,1.18,49.0,35.0,7.0
2022-01-09T01:00:00Z,1.16,47.0,33.0,7.0
2022-01-09T02:00:00Z,1.14,49.0,28.0,7.0
2022-01-09T03:00:00Z,1.1,50.0,26.0,7.0
2022-01-09T04:00:00Z,1.15,49.0,24.0,8.0
2022-01-09T05:00:00Z,1.13,45.0,24.0,7.0
2022-01-09T06:00:00Z,1.15,48.0,18.0,8.0
2022-01-09T07:00:00Z,1.2,53.0,10.0,8.0
2022-01-09T08:00:00Z,1.26,55.0,9.0,9.0
2022-01-09T09:00:00Z,1.36,54.0,12.0,9.0
2022-01-09T10:00:00Z,1.38,54.0,21.0,10.0
2022-01-09T11:00:00Z,1.29,47.0,38.0,11.0
2022-01-09T12:00:00Z,1.24,42.0,53.0,12.0
2022-01-09T13:00:00Z,1.1,42.0,61.0,10.0
2022-01-09T14:00:00Z,1.0,35.0,75.0,9.0
2022-01-09T15:00:00Z,1.07,35.0,80.0,8.0
2022-01-09T16:00:00Z,1.07,35.0,80.0,7.0
2022-01-09T17:00:00Z,1.04,40.0,75.0,7.0
2022-01-09T18:00:00Z,1.06,50.0,57.0,7.0
2022-01-09T19:00:00Z,1.07,58.0,45.0,7.0
2022-01-09T20:00:00Z,1.1,64.0,35.0,10.0
2022-01-09T21:00:00Z,1.04,54.0,44.0,6.0
2022-01-09T22:00:00Z,1.01,46.0,51.0,6.0
2022-01-09T23:00:00Z,1.05,52.0,40.0,6.0
2022-01-10T00:00:00Z,1.11,58.0,26.0,6.0
2022-01-10T01:00:00Z,1.23,51.0,29.0,6.0
2022-01-10T02:00:00Z,1.31,55.0,19.0,6.0
2022-01-10T03:00:00Z,1.3,67.0,7.0,8.0
2022-01-10T04:00:00Z,1.24,62.0,13.0,8.0
2022-01-10T05:00:00Z,1.24,61.0,10.0,8.0
2022-01-10T06:00:00Z,1.29,61.0,7.0,8.0
2022-01-10T07:00:00Z,1.36,64.0,4.0,8.0
2022-01-10T08:00:00Z,1.53,66.0,3.0,9.0
2022-01-10T09:00:00Z,1.57,66.0,5.0,9.0
2022-01-10T10:00:00Z,1.63,70.0,5.0,10.0
2022-01-10T11:00:00Z,1.6,72.0,7.0,9.0
2022-01-10T12:00:00Z,1.64,78.0,11.0,10.0
2022-01-10T13:00:00Z,1.36,69.0,29.0,10.0
2022-01-10T14:00:00Z,1.04,42.0,66.0,9.0
2022-01-10T15:00:00Z,1.06,30.0,78.0,9.0
2022-01-10T16:00:00Z,1.14,35.0,59.0,6.0
2022-01-10T17:00:00Z,1.01,30.0,62.0,6.0
2022-01-10T18:00:00Z,1.14,36.0,47.0,6.0
2022-01-10T19:00:00Z,1.23,45.0,30.0,6.0
2022-01-10T20:00:00Z,1.29,47.0,21.0,6.0
2022-01-10T21:00:00Z,1.41,50.0,17.0,6.0
2022-01-10T22:00:00Z,1.4,41.0,25.0,6.0
2022-01-10T23:00:00Z,1.44,41.0,23.0,6.0
2022-01-11T00:00:00Z,1.46,41.0,24.0,8.0
2022-01-11T01:00:00Z,1.48,41.0,19.0,8.0
2022-01-11T02:00:00Z,1.38,42.0,15.0,7.0
2022-01-11T03:00:00Z,1.38,43.0,12.0,7.0
2022-01-11T04:00:00Z,1.33,42.0,9.0,7.0
2022-01-11T05:00:00Z,1.35,43.0,7.0,7.0
2022-01-11T06:00:00Z,1.24,40.0,8.0,7.0
2022-01-11T07:00:00Z,1.21,41.0,7.0,7.0
2022-01-11T08:00:00Z,1.13,40.0,8.0,7.0
2022-01-11T09:00:00Z,1.02,34.0,18.0,7.0
2022-01-11T10:00:00Z,1.02,30.0,30.0,9.0
2022-01-11T11:00:00Z,1.02,26.0,38.0,9.0
2022-01-11T12:00:00Z,1.07,26.0,41.0,8.0
2022-01-11T13:00:00Z,1.05,26.0,44.0,7.0
2022-01-11T14:00:00Z,1.07,26.0,48.0,7.0
2022-01-11T15:00:00Z,1.1,28.0,50.0,7.0
2022-01-11T16:00:00Z,1.15,31.0,50.0,6.0
2022-01-11T17:00:00Z,1.13,33.0,48.0,6.0
2022-01-11T18:00:00Z,1.14,36.0,44.0,6.0
2022-01-11T19:00:00Z,1.25,45.0,30.0,6.0
2022-01-11T20:00:00Z,1.32,51.0,22.0,6.0
2022-01-11T21:00:00Z,1.2,47.0,28.0,6.0
2022-01-11T22:00:00Z,1.23,42.0,33.0,6.0
2022-01-11T23:00:00Z,1.25,41.0,31.0,7.0
2022-01-12T00:00:00Z,1.29,53.0,18.0,7.0
2022-01-12T01:00:00Z,1.28,55.0,13.0,8.0
2022-01-12T02:00:00Z,1.22,57.0,7.0,7.0
2022-01-12T03:00:00Z,1.2,55.0,7.0,8.0
2022-01-12T04:00:00Z,1.14,54.0,7.0,8.0
2022-01-12T05:00:00Z,1.11,51.0,12.0,8.0
2022-01-12T06:00:00Z,1.06,53.0,12.0,8.0
2022-01-12T07:00:00Z,1.03,53.0,12.0,8.0
2022-01-12T08:00:00Z,1.1,52.0,12.0,8.0
2022-01-12T09:00:00Z,1.11,46.0,17.0,8.0
2022-01-12T10:00:00Z,1.0,41.0,24.0,8.0
2022-01-12T11:00:00Z,1.04,40.0,31.0,10.0
2022-01-12T12:00:00Z,1.1,36.0,45.0,10.0
2022-01-12T13:00:00Z,1.14,35.0,55.0,11.0
2022-01-12T14:00:00Z,1.09,37.0,61.0,11.0
2022-01-12T15:00:00Z,1.1,37.0,67.0,11.0
2022-01-12T16:00:00Z,1.13,36.0,72.0,10.0
2022-01-12T17:00:00Z,1.2,34.0,58.0,8.0
2022-01-12T18:00:00Z,1.24,28.0,52.0,6.0
2022-01-12T19:00:00Z,1.16,27.0,48.0,6.0
2022-01-12T20:00:00Z,1.21,32.0,34.0,6.0
2022-01-12T21:00:00Z,1.3,42.0,21.0,6.0
2022-01-12T22:00:00Z,1.32,47.0,14.0,6.0
2022-01-12T23:00:00Z,1.34,44.0,14.0,6.0
2022-01-13T00:00:00Z,1.35,45.0,10.0,7.0
2022-01-13T01:00:00Z,1.3,45.0,12.0,7.0
2022-01-13T02:00:00Z,1.09,37.0,25.0,6.0
2022-01-13T03:00:00Z,0.79,28.0,39.0,10.0
2022-01-13T04:00:00Z,0.75,29.0,35.0,9.0
2022-01-13T05:00:00Z,0.76,32.0,28.0,7.0
2022-01-13T06:00:00Z,0.81,33.0,25.0,7.0
2022-01-13T07:00:00Z,0.85,39.0,17.0,10.0
2022-01-13T08:00:00Z,0.91,44.0,10.0,10.0
2022-01-13T09:00:00Z,0.94,39.0,16.0,12.0
2022-01-13T10:00:00Z,1.0,36.0,26.0,12.0
2022-01-13T11:00:00Z,0.91,33.0,35.0,11.0
2022-01-13T12:00:00Z,0.77,29.0,46.0,10.0
2022-01-13T13:00:00Z,0.7,25.0,54.0,9.0
2022-01-13T14:00:00Z,0.63,22.0,60.0,8.0
2022-01-13T15:00:00Z,0.59,21.0,63.0,8.0
2022-01-13T16:00:00Z,0.59,22.0,63.0,8.0
2022-01-13T17:00:00Z,0.59,25.0,58.0,8.0
2022-01-13T18:00:00Z,0.69,37.0,43.0,7.0
2022-01-13T19:00:00Z,0.75,53.0,26.0,8.0
2022-01-13T20:00:00Z,0.82,67.0,14.0,8.0
2022-01-13T21:00:00Z,0.96,63.0,14.0,8.0
2022-01-13T22:00:00Z,0.96,63.0,9.0,8.0
2022-01-13T23:00:00Z,1.0,62.0,6.0,8.0
2022-01-14T00:00:00Z,1.09,61.0,4.0,8.0
2022-01-14T01:00:00Z,1.05,60.0,4.0,8.0
2022-01-14T02:00:00Z,1.09,58.0,5.0,9.0
2022-01-14T03:00:00Z,1.11,58.0,5.0,11.0
2022-01-14T04:00:00Z,1.2,59.0,5.0,11.0
2022-01-14T05:00:00Z,1.09,62.0,4.0,11.0
2022-01-14T06:00:00Z,0.96,59.0,3.0,11.0
2022-01-14T07:00:00Z,0.88,58.0,4.0,11.0
2022-01-14T08:00:00Z,0.84,55.0,8.0,10.0
2022-01-14T09:00:00Z,0.81,50.0,15.0,9.0
2022-01-14T10:00:00Z,0.79,48.0,19.0,9.0
2022-01-14T11:00:00Z,0.8,42.0,28.0,9.0
2022-01-14T12:00:00Z,0.73,34.0,40.0,10.0
2022-01-14T13:00:00Z,0.75,30.0,47.0,9.0
2022-01-14T14:00:00Z,0.75,27.0,51.0,9.0
2022-01-14T15:00:00Z,0.69,24.0,55.0,9.0
2022-01-14T16:00:00Z,0.66,25.0,55.0,9.0
2022-01-14T17:00:00Z,0.68,28.0,52.0,8.0
2022-01-14T18:00:00Z,0.85,33.0,42.0,8.0
2022-01-14T19:00:00Z,0.76,41.0,31.0,8.0
2022-01-14T20:00:00Z,0.81,45.0,26.0,8.0
2022-01-14T21:00:00Z,0.84,46.0,21.0,9.0
2022-01-14T22:00:00Z,1.01,49.0,15.0,8.0
2022-01-14T23:00:00Z,1.11,52.0,11.0,9.0
2022-01-15T00:00:00Z,1.0,52.0,9.0,9.0
2022-01-15T01:00:00Z,0.99,52.0,8.0,9.0
2022-01-15T02:00:00Z,1.06,54.0,6.0,9.0
2022-01-15T03:00:00Z,1.09,55.0,4.0,11.0
2022-01-15T04:00:00Z,1.16,55.0,3.0,13.0
2022-01-15T05:00:00Z,1.19,55.0,2.0,12.0
2022-01-15T06:00:00Z,1.18,53.0,2.0,12.0
2022-01-15T07:00:00Z,1.31,55.0,2.0,12.0
2022-01-15T08:00:00Z,1.41,54.0,3.0,11.0
2022-01-15T09:00:00Z,1.45,53.0,6.0,11.0
2022-01-15T10:00:00Z,1.39,52.0,10.0,14.0
2022-01-15T11:00:00Z,1.21,46.0,24.0,13.0
2022-01-15T12:00:00Z,1.08,31.0,45.0,11.0
2022-01-15T13:00:00Z,1.0,27.0,58.0,10.0
2022-01-15T14:00:00Z,0.9,24.0,68.0,10.0
2022-01-15T15:00:00Z,0.9,26.0,74.0,9.0
2022-01-15T16:00:00Z,0.92,31.0,75.0,10.0
2022-01-15T17:00:00Z,0.99,35.0,71.0,10.0
2022-01-15T18:00:00Z,1.16,55.0,46.0,9.0
2022-01-15T19:00:00Z,1.29,66.0,25.0,9.0
2022-01-15T20:00:00Z,1.39,76.0,14.0,9.0
2022-01-15T21:00:00Z,1.46,81.0,6.0,9.0
2022-01-15T22:00:00Z,1.49,78.0,8.0,9.0
2022-01-15T23:00:00Z,1.49,76.0,6.0,10.0
2022-01-16T00:00:00Z,1.51,73.0,7.0,11.0
2022-01-16T01:00:00Z,1.52,73.0,4.0,11.0
2022-01-16T02:00:00Z,1.4,69.0,4.0,11.0
2022-01-16T03:00:00Z,1.24,63.0,5.0,11.0
2022-01-16T04:00:00Z,1.1,52.0,11.0,10.0
2022-01-16T05:00:00Z,1.06,45.0,20.0,11.0
2022-01-16T06:00:00Z,1.09,39.0,26.0,10.0
2022-01-16T07:00:00Z,1.05,40.0,24.0,10.0
2022-01-16T08:00:00Z,1.01,41.0,23.0,9.0
2022-01-16T09:00:00Z,0.94,40.0,26.0,11.0
2022-01-16T10:00:00Z,0.95,35.0,34.0,13.0
2022-01-16T11:00:00Z,0.96,34.0,42.0,15.0
2022-01-16T12:00:00Z,1.0,32.0,53.0,14.0
2022-01-16T13:00:00Z,0.96,32.0,64.0,13.0
2022-01-16T14:00:00Z,0.91,29.0,70.0,12.0
2022-01-16T15:00:00Z,0.93,30.0,71.0,13.0
2022-01-16T16:00:00Z,0.98,31.0,73.0,11.0
2022-01-16T17:00:00Z,1.05,38.0,67.0,10.0
2022-01-16T18:00:00Z,1.05,52.0,49.0,11.0
2022-01-16T19:00:00Z,1.07,60.0,34.0,11.0
2022-01-16T20:00:00Z,1.09,71.0,19.0,10.0
2022-01-16T21:00:00Z,1.14,73.0,15.0,12.0
2022-01-16T22:00:00Z,1.15,75.0,10.0,12.0
2022-01-16T23:00:00Z,1.16,75.0,10.0,12.0
2022-01-17T00:00:00Z,1.2,75.0,6.0,11.0
2022-01-17T01:00:00Z,1.19,74.0,4.0,11.0
2022-01-17T02:00:00Z,1.14,70.0,4.0,10.0
2022-01-17T03:00:00Z,1.1,66.0,5.0,10.0
2022-01-17T04:00:00Z,1.03,63.0,4.0,10.0
2022-01-17T05:00:00Z,0.98,60.0,4.0,9.0
2022-01-17T06:00:00Z,0.91,57.0,4.0,9.0
2022-01-17T07:00:00Z,0.91,56.0,3.0,8.0
2022-01-17T08:00:00Z,0.93,53.0,4.0,8.0
2022-01-17T09:00:00Z,0.93,49.0,8.0,10.0
2022-01-17T10:00:00Z,0.89,48.0,14.0,11.0
2022-01-17T11:00:00Z,0.85,47.0,21.0,12.0
2022-01-17T12:00:00Z,0.8,44.0,33.0,12.0
2022-01-17T13:00:00Z,0.8,39.0,49.0,12.0
2022-01-17T14:00:00Z,0.84,31.0,74.0,11.0
2022-01-17T15:00:00Z,0.86,27.0,89.0,10.0
2022-01-17T16:00:00Z,1.04,31.0,86.0,10.0
2022-01-17T17:00:00Z,1.03,38.0,76.0,11.0
2022-01-17T18:00:00Z,1.14,57.0,47.0,13.0
2022-01-17T19:00:00Z,1.22,70.0,28.0,13.0
2022-01-17T20:00:00Z,1.33,84.0,13.0,11.0
2022-01-17T21:00:00Z,1.39,86.0,12.0,11.0
2022-01-17T22:00:00Z,1.37,83.0,11.0,11.0
2022-01-17T23:00:00Z,1.19,76.0,12.0,12.0
2022-01-18T00:00:00Z,1.09,69.0,15.0,13.0
2022-01-18T01:00:00Z,1.04,61.0,17.0,13.0
2022-01-18T02:00:00Z,1.03,56.0,17.0,11.0
2022-01-18T03:00:00Z,1.05,52.0,20.0,10.0
2022-01-18T04:00:00Z,1.06,51.0,17.0,9.0
2022-01-18T05:00:00Z,1.07,52.0,16.0,9.0
2022-01-18T06:00:00Z,1.1,52.0,14.0,9.0
2022-01-18T07:00:00Z,1.16,52.0,13.0,9.0
2022-01-18T08:00:00Z,1.19,54.0,9.0,9.0
2022-01-18T09:00:00Z,1.32,55.0,9.0,10.0
2022-01-18T10:00:00Z,1.16,53.0,15.0,10.0
2022-01-18T11:00:00Z,0.99,44.0,30.0,10.0
2022-01-18T12:00:00Z,0.93,36.0,43.0,10.0
2022-01-18T13:00:00Z,1.02,31.0,52.0,9.0
2022-01-18T14:00:00Z,1.05,31.0,55.0,9.0
2022-01-18T15:00:00Z,0.99,30.0,62.0,10.0
2022-01-18T16:00:00Z,0.94,31.0,67.0,10.0
2022-01-18T17:00:00Z,0.94,36.0,62.0,9.0
2022-01-18T18:00:00Z,1.01,48.0,43.0,9.0
2022-01-18T19:00:00Z,1.06,58.0,29.0,9.0
2022-01-18T20:00:00Z,1.02,57.0,25.0,8.0
2022-01-18T21:00:00Z,1.0,55.0,25.0,9.0
2022-01-18T22:00:00Z,1.01,58.0,20.0,9.0
2022-01-18T23:00:00Z,1.03,58.0,20.0,9.0
2022-01-19T00:00:00Z,1.01,55.0,21.0,9.0
2022-01-19T01:00:00Z,1.0,54.0,20.0,9.0
2022-01-19T02:00:00Z,0.99,55.0,15.0,10.0
2022-01-19T03:00:00Z,1.0,54.0,13.0,9.0
2022-01-19T04:00:00Z,0.99,53.0,13.0,9.0
2022-01-19T05:00:00Z,1.0,53.0,12.0,9.0
2022-01-19T06:00:00Z,0.99,50.0,15.0,9.0
2022-01-19T07:00:00Z,1.06,53.0,11.0,10.0
2022-01-19T08:00:00Z,1.14,58.0,5.0,11.0
2022-01-19T09:00:00Z,1.16,53.0,10.0,12.0
2022-01-19T10:00:00Z,1.0,47.0,23.0,15.0
2022-01-19T11:00:00Z,1.0,40.0,42.0,16.0
2022-01-19T12:00:00Z,1.1,40.0,59.0,16.0
2022-01-19T13:00:00Z,1.1,35.0,81.0,14.0
2022-01-19T14:00:00Z,1.02,31.0,94.0,13.0
2022-01-19T15:00:00Z,1.01,30.0,103.0,11.0
2022-01-19T16:00:00Z,1.02,32.0,105.0,11.0
2022-01-19T17:00:00Z,1.09,40.0,95.0,11.0
2022-01-19T18:00:00Z,1.24,48.0,74.0,11.0
2022-01-19T19:00:00Z,1.32,49.0,48.0,9.0
2022-01-19T20:00:00Z,1.26,41.0,38.0,8.0
2022-01-19T21:00:00Z,1.16,35.0,36.0,8.0
2022-01-19T22:00:00Z,0.94,30.0,37.0,7.0
2022-01-19T23:00:00Z,0.85,28.0,37.0,7.0
2022-01-20T00:00:00Z,0.85,27.0,38.0,7.0
2022-01-20T01:00:00Z,0.85,27.0,40.0,7.0
2022-01-20T02:00:00Z,0.79,26.0,39.0,8.0
2022-01-20T03:00:00Z,0.81,26.0,35.0,8.0
2022-01-20T04:00:00Z,0.88,26.0,34.0,8.0
2022-01-20T05:00:00Z,0.85,24.0,37.0,8.0
2022-01-20T06:00:00Z,0.84,21.0,40.0,8.0
2022-01-20T07:00:00Z,0.72,21.0,40.0,8.0
2022-01-20T08:00:00Z,0.64,22.0,40.0,8.0
2022-01-20T09:00:00Z,0.6,20.0,43.0,8.0
2022-01-20T10:00:00Z,0.57,21.0,44.0,7.0
2022-01-20T11:00:00Z,0.59,22.0,46.0,8.0
2022-01-20T12:00:00Z,0.6,24.0,49.0,8.0
2022-01-20T13:00:00Z,0.61,21.0,53.0,9.0
2022-01-20T14:00:00Z,0.64,22.0,55.0,9.0
2022-01-20T15:00:00Z,0.69,24.0,55.0,10.0
2022-01-20T16:00:00Z,0.71,28.0,55.0,10.0
2022-01-20T17:00:00Z,0.75,34.0,50.0,11.0
2022-01-20T18:00:00Z,0.79,47.0,38.0,11.0
2022-01-20T19:00:00Z,0.8,50.0,32.0,12.0
2022-01-20T20:00:00Z,0.79,51.0,29.0,12.0
2022-01-20T21:00:00Z,0.84,49.0,28.0,13.0
2022-01-20T22:00:00Z,0.89,47.0,26.0,17.0
2022-01-20T23:00:00Z,0.88,43.0,27.0,15.0
2022-01-21T00:00:00Z,0.84,41.0,24.0,11.0
2022-01-21T01:00:00Z,0.8,37.0,24.0,10.0
2022-01-21T02:00:00Z,0.75,38.0,22.0,10.0
2022-01-21T03:00:00Z,0.68,30.0,32.0,10.0
2022-01-21T04:00:00Z,0.63,28.0,33.0,9.0
2022-01-21T05:00:00Z,0.63,28.0,33.0,10.0
2022-01-21T06:00:00Z,0.65,31.0,30.0,10.0
2022-01-21T07:00:00Z,0.7,35.0,24.0,10.0
2022-01-21T08:00:00Z,0.75,40.0,20.0,10.0
2022-01-21T09:00:00Z,0.79,40.0,23.0,12.0
2022-01-21T10:00:00Z,0.8,36.0,32.0,15.0
2022-01-21T11:00:00Z,0.75,29.0,49.0,15.0
2022-01-21T12:00:00Z,0.68,21.0,58.0,13.0
2022-01-21T13:00:00Z,0.49,18.0,68.0,55.0
2022-01-21T14:00:00Z,0.5,17.0,71.0,10.0
2022-01-21T15:00:00Z,0.5,20.0,71.0,9.0
2022-01-21T16:00:00Z,0.5,23.0,70.0,9.0
2022-01-21T17:00:00Z,0.49,24.0,67.0,9.0
2022-01-21T18:00:00Z,0.52,30.0,59.0,9.0
2022-01-21T19:00:00Z,0.57,32.0,52.0,9.0
2022-01-21T20:00:00Z,0.6,30.0,49.0,8.0
2022-01-21T21:00:00Z,0.57,30.0,46.0,9.0
2022-01-21T22:00:00Z,0.56,27.0,46.0,8.0
2022-01-21T23:00:00Z,0.51,23.0,49.0,8.0
2022-01-22T00:00:00Z,0.5,20.0,54.0,8.0
2022-01-22T01:00:00Z,0.47,18.0,55.0,9.0
2022-01-22T02:00:00Z,0.46,18.0,55.0,8.0
2022-01-22T03:00:00Z,0.47,17.0,57.0,8.0
2022-01-22T04:00:00Z,0.51,17.0,55.0,8.0
2022-01-22T05:00:00Z,0.5,19.0,50.0,8.0
2022-01-22T06:00:00Z,0.6,21.0,46.0,8.0
2022-01-22T07:00:00Z,0.56,24.0,39.0,8.0
2022-01-22T08:00:00Z,0.59,28.0,32.0,7.0
2022-01-22T09:00:00Z,0.65,33.0,27.0,7.0
2022-01-22T10:00:00Z,0.69,33.0,29.0,7.0
2022-01-22T11:00:00Z,0.7,31.0,33.0,7.0
2022-01-22T12:00:00Z,0.68,28.0,39.0,7.0
2022-01-22T13:00:00Z,0.65,26.0,42.0,7.0
2022-01-22T14:00:00Z,0.71,31.0,38.0,7.0
2022-01-22T15:00:00Z,0.69,33.0,36.0,7.0
2022-01-22T16:00:00Z,0.69,35.0,34.0,7.0
2022-01-22T17:00:00Z,0.7,37.0,32.0,7.0
2022-01-22T18:00:00Z,0.74,38.0,29.0,7.0
2022-01-22T19:00:00Z,0.79,37.0,28.0,7.0
2022-01-22T20:00:00Z,0.83,36.0,28.0,7.0
2022-01-22T21:00:00Z,0.89,33.0,31.0,6.0
2022-01-22T22:00:00Z,0.78,28.0,38.0,7.0
2022-01-22T23:00:00Z,0.86,30.0,34.0,7.0
2022-01-23T00:00:00Z,0.9,33.0,29.0,7.0
2022-01-23T01:00:00Z,0.88,31.0,27.0,7.0
2022-01-23T02:00:00Z,0.82,28.0,29.0,6.0
2022-01-23T03:00:00Z,0.81,25.0,32.0,6.0
2022-01-23T04:00:00Z,0.79,23.0,35.0,6.0
2022-01-23T05:00:00Z,0.79,23.0,38.0,6.0
2022-01-23T06:00:00Z,0.79,22.0,37.0,6.0
2022-01-23T07:00:00Z,0.79,23.0,35.0,6.0
2022-01-23T08:00:00Z,0.75,24.0,38.0,6.0
2022-01-23T09:00:00Z,0.74,22.0,47.0,7.0
2022-01-23T10:00:00Z,0.74,21.0,53.0,7.0
2022-01-23T11:00:00Z,0.74,22.0,56.0,7.0
2022-01-23T12:00:00Z,0.78,23.0,61.0,7.0
2022-01-23T13:00:00Z,0.78,21.0,67.0,7.0
2022-01-23T14:00:00Z,0.79,20.0,76.0,8.0
2022-01-23T15:00:00Z,0.78,22.0,76.0,7.0
2022-01-23T16:00:00Z,0.8,24.0,70.0,7.0
2022-01-23T17:00:00Z,0.84,26.0,63.0,6.0
2022-01-23T18:00:00Z,0.86,27.0,59.0,6.0
2022-01-23T19:00:00Z,0.93,28.0,52.0,6.0
2022-01-23T20:00:00Z,0.99,31.0,43.0,6.0
2022-01-23T21:00:00Z,1.01,31.0,41.0,6.0
2022-01-23T22:00:00Z,0.98,30.0,43.0,7.0
2022-01-23T23:00:00Z,0.94,29.0,45.0,7.0
2022-01-24T00:00:00Z,0.95,29.0,43.0,7.0
2022-01-24T01:00:00Z,0.96,28.0,41.0,7.0
2022-01-24T02:00:00Z,1.04,28.0,37.0,8.0
2022-01-24T03:00:00Z,1.03,29.0,34.0,8.0
2022-01-24T04:00:00Z,1.05,29.0,32.0,8.0
2022-01-24T05:00:00Z,1.05,31.0,29.0,7.0
2022-01-24T06:00:00Z,1.0,31.0,29.0,8.0
2022-01-24T07:00:00Z,0.95,32.0,30.0,7.0
2022-01-24T08:00:00Z,0.93,31.0,32.0,7.0
2022-01-24T09:00:00Z,0.94,30.0,34.0,8.0
2022-01-24T10:00:00Z,0.91,30.0,37.0,8.0
2022-01-24T11:00:00Z,0.87,29.0,42.0,8.0
2022-01-24T12:00:00Z,0.86,27.0,51.0,9.0
2022-01-24T13:00:00Z,0.89,26.0,57.0,9.0
2022-01-24T14:00:00Z,0.91,29.0,55.0,10.0
2022-01-24T15:00:00Z,0.89,34.0,49.0,10.0
2022-01-24T16:00:00Z,0.91,40.0,45.0,10.0
2022-01-24T17:00:00Z,1.04,42.0,37.0,10.0
2022-01-24T18:00:00Z,1.14,44.0,32.0,8.0
2022-01-24T19:00:00Z,1.21,45.0,29.0,8.0
2022-01-24T20:00:00Z,1.18,44.0,28.0,8.0
2022-01-24T21:00:00Z,1.2,49.0,18.0,7.0
2022-01-24T22:00:00Z,1.23,52.0,12.0,8.0
2022-01-24T23:00:00Z,1.21,53.0,9.0,7.0
2022-01-25T00:00:00Z,1.16,51.0,10.0,7.0
2022-01-25T01:00:00Z,1.18,44.0,13.0,7.0
2022-01-25T02:00:00Z,1.1,39.0,18.0,8.0
2022-01-25T03:00:00Z,1.09,36.0,19.0,8.0
2022-01-25T04:00:00Z,1.05,36.0,17.0,8.0
2022-01-25T05:00:00Z,1.05,36.0,17.0,9.0
2022-01-25T06:00:00Z,1.07,36.0,13.0,9.0
2022-01-25T07:00:00Z,1.14,37.0,11.0,9.0
2022-01-25T08:00:00Z,1.2,37.0,10.0,9.0
2022-01-25T09:00:00Z,1.24,35.0,13.0,9.0
2022-01-25T10:00:00Z,1.24,34.0,20.0,10.0
2022-01-25T11:00:00Z,1.24,32.0,33.0,10.0
2022-01-25T12:00:00Z,1.21,27.0,51.0,11.0
2022-01-25T13:00:00Z,1.21,25.0,65.0,10.0
2022-01-25T14:00:00Z,1.14,25.0,73.0,9.0
2022-01-25T15:00:00Z,1.11,26.0,76.0,8.0
2022-01-25T16:00:00Z,1.1,28.0,75.0,8.0
2022-01-25T17:00:00Z,1.05,29.0,70.0,7.0
2022-01-25T18:00:00Z,1.09,34.0,60.0,7.0
2022-01-25T19:00:00Z,1.15,44.0,44.0,7.0
2022-01-25T20:00:00Z,1.18,46.0,40.0,8.0
2022-01-25T21:00:00Z,1.24,56.0,23.0,8.0
2022-01-25T22:00:00Z,1.34,61.0,17.0,8.0
2022-01-25T23:00:00Z,1.31,63.0,9.0,8.0
2022-01-26T00:00:00Z,1.36,64.0,8.0,8.0
2022-01-26T01:00:00Z,1.39,57.0,15.0,8.0
2022-01-26T02:00:00Z,1.42,54.0,17.0,9.0
2022-01-26T03:00:00Z,1.34,49.0,18.0,8.0
2022-01-26T04:00:00Z,1.32,49.0,15.0,8.0
2022-01-26T05:00:00Z,1.45,51.0,9.0,8.0
2022-01-26T06:00:00Z,1.69,55.0,4.0,9.0
2022-01-26T07:00:00Z,1.71,61.0,4.0,11.0
2022-01-26T08:00:00Z,1.74,62.0,4.0,14.0
2022-01-26T09:00:00Z,1.8,57.0,11.0,15.0
2022-01-26T10:00:00Z,1.87,48.0,25.0,15.0
2022-01-26T11:00:00Z,1.81,42.0,37.0,14.0
2022-01-26T12:00:00Z,1.76,39.0,47.0,16.0
2022-01-26T13:00:00Z,1.67,37.0,56.0,15.0
2022-01-26T14:00:00Z,1.36,32.0,68.0,13.0
2022-01-26T15:00:00Z,1.19,30.0,73.0,12.0
2022-01-26T16:00:00Z,1.21,32.0,71.0,12.0
2022-01-26T17:00:00Z,1.19,32.0,67.0,13.0
2022-01-26T18:00:00Z,1.16,33.0,63.0,15.0
2022-01-26T19:00:00Z,1.3,36.0,57.0,16.0
2022-01-26T20:00:00Z,1.06,32.0,56.0,13.0
2022-01-26T21:00:00Z,0.97,28.0,57.0,10.0
2022-01-26T22:00:00Z,1.06,31.0,54.0,11.0
2022-01-26T23:00:00Z,1.09,33.0,50.0,11.0
2022-01-27T00:00:00Z,1.03,30.0,52.0,11.0
2022-01-27T01:00:00Z,1.01,31.0,49.0,10.0
2022-01-27T02:00:00Z,0.95,33.0,47.0,11.0
2022-01-27T03:00:00Z,0.96,31.0,49.0,11.0
2022-01-27T04:00:00Z,1.03,33.0,45.0,13.0
2022-01-27T05:00:00Z,1.16,37.0,36.0,14.0
2022-01-27T06:00:00Z,1.21,40.0,31.0,14.0
2022-01-27T07:00:00Z,1.15,37.0,32.0,13.0
2022-01-27T08:00:00Z,1.13,37.0,33.0,13.0
2022-01-27T09:00:00Z,1.09,33.0,36.0,12.0
2022-01-27T10:00:00Z,0.99,31.0,41.0,12.0
2022-01-27T11:00:00Z,0.98,29.0,50.0,11.0
2022-01-27T12:00:00Z,0.93,24.0,64.0,12.0
2022-01-27T13:00:00Z,0.86,20.0,74.0,11.0
2022-01-27T14:00:00Z,0.86,21.0,80.0,11.0
2022-01-27T15:00:00Z,0.8,23.0,81.0,10.0
2022-01-27T16:00:00Z,0.8,24.0,81.0,10.0
2022-01-27T17:00:00Z,0.75,23.0,76.0,11.0
2022-01-27T18:00:00Z,0.81,27.0,71.0,12.0
2022-01-27T19:00:00Z,0.81,31.0,61.0,11.0
2022-01-27T20:00:00Z,0.76,33.0,54.0,11.0
2022-01-27T21:00:00Z,0.83,31.0,56.0,13.0
2022-01-27T22:00:00Z,0.86,32.0,53.0,14.0
2022-01-27T23:00:00Z,0.88,34.0,47.0,14.0
2022-01-28T00:00:00Z,0.89,31.0,48.0,14.0
2022-01-28T01:00:00Z,0.88,34.0,44.0,14.0
2022-01-28T02:00:00Z,0.84,33.0,42.0,13.0
2022-01-28T03:00:00Z,0.84,31.0,41.0,13.0
2022-01-28T04:00:00Z,0.86,33.0,34.0,13.0
2022-01-28T05:00:00Z,0.9,37.0,28.0,13.0
2022-01-28T06:00:00Z,0.96,39.0,25.0,12.0
2022-01-28T07:00:00Z,0.99,43.0,22.0,12.0
2022-01-28T08:00:00Z,0.96,39.0,30.0,12.0
2022-01-28T09:00:00Z,0.91,29.0,46.0,13.0
2022-01-28T10:00:00Z,0.86,25.0,55.0,14.0
2022-01-28T11:00:00Z,0.86,25.0,60.0,14.0
2022-01-28T12:00:00Z,0.91,24.0,62.0,14.0
2022-01-28T13:00:00Z,0.84,23.0,68.0,14.0
2022-01-28T14:00:00Z,0.94,23.0,68.0,13.0
2022-01-28T15:00:00Z,0.96,25.0,69.0,14.0
2022-01-28T16:00:00Z,0.93,26.0,68.0,14.0
2022-01-28T17:00:00Z,0.94,26.0,67.0,17.0
2022-01-28T18:00:00Z,0.94,28.0,63.0,20.0
2022-01-28T19:00:00Z,0.96,30.0,56.0,20.0
2022-01-28T20:00:00Z,1.0,34.0,47.0,18.0
2022-01-28T21:00:00Z,1.08,37.0,41.0,16.0
2022-01-28T22:00:00Z,1.09,38.0,34.0,15.0
2022-01-28T23:00:00Z,1.13,38.0,35.0,15.0
2022-01-29T00:00:00Z,1.16,35.0,34.0,14.0
2022-01-29T01:00:00Z,1.2,30.0,35.0,13.0
2022-01-29T02:00:00Z,1.23,28.0,34.0,11.0
2022-01-29T03:00:00Z,1.25,27.0,30.0,10.0
2022-01-29T04:00:00Z,1.31,29.0,25.0,10.0
2022-01-29T05:00:00Z,1.38,30.0,20.0,9.0
2022-01-29T06:00:00Z,1.36,30.0,18.0,9.0
2022-01-29T07:00:00Z,1.41,32.0,15.0,9.0
2022-01-29T08:00:00Z,1.42,35.0,11.0,9.0
2022-01-29T09:00:00Z,1.5,33.0,16.0,9.0
2022-01-29T10:00:00Z,1.59,32.0,23.0,21.0
2022-01-29T11:00:00Z,1.5,32.0,41.0,22.0
2022-01-29T12:00:00Z,1.36,31.0,60.0,19.0
2022-01-29T13:00:00Z,1.26,27.0,76.0,19.0
2022-01-29T14:00:00Z,1.29,25.0,88.0,18.0
2022-01-29T15:00:00Z,1.27,25.0,91.0,16.0
2022-01-29T16:00:00Z,1.31,27.0,91.0,15.0
2022-01-29T17:00:00Z,1.34,30.0,85.0,14.0
2022-01-29T18:00:00Z,1.39,32.0,78.0,12.0
2022-01-29T19:00:00Z,1.41,35.0,70.0,12.0
2022-01-29T20:00:00Z,1.41,35.0,66.0,12.0
2022-01-29T21:00:00Z,1.44,39.0,56.0,12.0
2022-01-29T22:00:00Z,1.45,41.0,51.0,12.0
2022-01-29T23:00:00Z,1.43,42.0,45.0,12.0
2022-01-30T00:00:00Z,1.39,47.0,36.0,11.0
2022-01-30T01:00:00Z,1.31,35.0,45.0,10.0
2022-01-30T02:00:00Z,1.21,30.0,48.0,9.0
2022-01-30T03:00:00Z,1.2,24.0,52.0,8.0
2022-01-30T04:00:00Z,1.2,24.0,52.0,8.0
2022-01-30T05:00:00Z,1.19,25.0,49.0,8.0
2022-01-30T06:00:00Z,1.16,26.0,45.0,8.0
2022-01-30T07:00:00Z,1.24,30.0,38.0,8.0
2022-01-30T08:00:00Z,1.36,45.0,19.0,9.0
2022-01-30T09:00:00Z,1.46,46.0,20.0,10.0
2022-01-30T10:00:00Z,1.54,39.0,39.0,14.0
2022-01-30T11:00:00Z,1.18,25.0,74.0,14.0
2022-01-30T12:00:00Z,1.03,19.0,89.0,12.0
2022-01-30T13:00:00Z,0.97,18.0,97.0,10.0
2022-01-30T14:00:00Z,0.89,15.0,102.0,9.0
2022-01-30T15:00:00Z,0.84,16.0,105.0,8.0
2022-01-30T16:00:00Z,0.89,17.0,106.0,8.0
2022-01-30T17:00:00Z,0.88,19.0,102.0,8.0
2022-01-30T18:00:00Z,0.86,22.0,95.0,7.0
2022-01-30T19:00:00Z,0.94,31.0,77.0,7.0
2022-01-30T20:00:00Z,1.03,41.0,57.0,7.0
2022-01-30T21:00:00Z,1.01,40.0,55.0,8.0
2022-01-30T22:00:00Z,1.05,35.0,60.0,7.0
2022-01-30T23:00:00Z,1.09,32.0,62.0,8.0
2022-01-31T00:00:00Z,1.09,29.0,66.0,7.0
2022-01-31T01:00:00Z,1.09,25.0,69.0,7.0
2022-01-31T02:00:00Z,1.05,24.0,68.0,7.0
2022-01-31T03:00:00Z,1.06,22.0,68.0,7.0
2022-01-31T04:00:00Z,1.09,22.0,66.0,7.0
2022-01-31T05:00:00Z,1.09,21.0,65.0,7.0
2022-01-31T06:00:00Z,1.05,20.0,68.0,8.0
2022-01-31T07:00:00Z,0.99,20.0,66.0,7.0
2022-01-31T08:00:00Z,0.99,22.0,63.0,8.0
2022-01-31T09:00:00Z,0.99,21.0,62.0,8.0
2022-01-31T10:00:00Z,1.01,16.0,66.0,8.0
2022-01-31T11:00:00Z,1.15,16.0,68.0,9.0
2022-01-31T12:00:00Z,0.99,14.0,79.0,9.0
2022-01-31T13:00:00Z,0.88,12.0,88.0,8.0
2022-01-31T14:00:00Z,0.82,12.0,94.0,9.0
2022-01-31T15:00:00Z,0.74,11.0,98.0,9.0
2022-01-31T16:00:00Z,0.73,12.0,100.0,9.0
2022-01-31T17:00:00Z,0.71,12.0,100.0,9.0
2022-01-31T18:00:00Z,0.75,14.0,96.0,9.0
2022-01-31T19:00:00Z,0.85,16.0,90.0,10.0
2022-01-31T20:00:00Z,0.77,18.0,84.0,12.0
2022-01-31T21:00:00Z,0.76,19.0,80.0,13.0
2022-01-31T22:00:00Z,0.81,22.0,73.0,13.0
2022-01-31T23:00:00Z,0.85,27.0,63.0,14.0
2022-02-01T00:00:00Z,0.86,31.0,51.0,14.0
2022-02-01T01:00:00Z,0.94,35.0,39.0,18.0
2022-02-01T02:00:00Z,0.93,32.0,37.0,15.0
2022-02-01T03:00:00Z,0.93,30.0,38.0,12.0
2022-02-01T04:00:00Z,0.98,35.0,32.0,13.0
2022-02-01T05:00:00Z,0.99,36.0,26.0,12.0
2022-02-01T06:00:00Z,1.01,36.0,27.0,12.0
2022-02-01T07:00:00Z,1.06,31.0,32.0,14.0
2022-02-01T08:00:00Z,1.1,31.0,35.0,16.0
2022-02-01T09:00:00Z,1.34,27.0,43.0,21.0
2022-02-01T10:00:00Z,1.19,20.0,60.0,26.0
2022-02-01T11:00:00Z,0.93,14.0,72.0,29.0
2022-02-01T12:00:00Z,0.85,13.0,82.0,21.0
2022-02-01T13:00:00Z,0.71,10.0,91.0,18.0
2022-02-01T14:00:00Z,0.66,10.0,95.0,14.0
2022-02-01T15:00:00Z,0.57,9.0,98.0,10.0
2022-02-01T16:00:00Z,0.63,10.0,98.0,10.0
2022-02-01T17:00:00Z,0.65,11.0,96.0,10.0
2022-02-01T18:00:00Z,0.6,12.0,91.0,10.0
2022-02-01T19:00:00Z,0.61,16.0,83.0,10.0
2022-02-01T20:00:00Z,0.65,20.0,75.0,11.0
2022-02-01T21:00:00Z,0.68,20.0,71.0,13.0
2022-02-01T22:00:00Z,0.69,20.0,66.0,12.0
2022-02-01T23:00:00Z,0.7,23.0,58.0,11.0
2022-02-02T00:00:00Z,0.68,21.0,58.0,11.0
2022-02-02T01:00:00Z,0.69,22.0,52.0,11.0
2022-02-02T02:00:00Z,0.7,23.0,45.0,10.0
2022-02-02T03:00:00Z,0.7,20.0,49.0,10.0
2022-02-02T04:00:00Z,0.7,13.0,55.0,10.0
2022-02-02T05:00:00Z,0.69,13.0,52.0,9.0
2022-02-02T06:00:00Z,0.73,13.0,50.0,8.0
2022-02-02T07:00:00Z,0.77,14.0,48.0,8.0
2022-02-02T08:00:00Z,0.81,18.0,44.0,9.0
2022-02-02T09:00:00Z,0.82,18.0,48.0,9.0
2022-02-02T10:00:00Z,0.81,14.0,61.0,11.0
2022-02-02T11:00:00Z,0.8,11.0,73.0,10.0
2022-02-02T12:00:00Z,0.73,11.0,81.0,10.0
2022-02-02T13:00:00Z,0.71,9.0,90.0,10.0
2022-02-02T14:00:00Z,0.7,10.0,96.0,10.0
2022-02-02T15:00:00Z,0.69,10.0,102.0,10.0
2022-02-02T16:00:00Z,0.71,10.0,103.0,9.0
2022-02-02T17:00:00Z,0.7,11.0,103.0,9.0
2022-02-02T18:00:00Z,0.71,15.0,97.0,9.0
2022-02-02T19:00:00Z,0.74,19.0,87.0,9.0
2022-02-02T20:00:00Z,0.78,23.0,77.0,9.0
2022-02-02T21:00:00Z,0.81,26.0,70.0,10.0
2022-02-02T22:00:00Z,0.86,27.0,64.0,10.0
2022-02-02T23:00:00Z,0.85,24.0,63.0,9.0
2022-02-03T00:00:00Z,0.84,21.0,63.0,9.0
2022-02-03T01:00:00Z,0.84,20.0,62.0,9.0
2022-02-03T02:00:00Z,0.82,20.0,57.0,8.0
2022-02-03T03:00:00Z,0.81,16.0,60.0,8.0
2022-02-03T04:00:00Z,0.84,21.0,51.0,8.0
2022-02-03T05:00:00Z,0.88,25.0,41.0,7.0
2022-02-03T06:00:00Z,0.86,29.0,32.0,7.0
2022-02-03T07:00:00Z,0.94,35.0,22.0,7.0
2022-02-03T08:00:00Z,0.95,36.0,20.0,7.0
2022-02-03T09:00:00Z,0.94,34.0,27.0,8.0
2022-02-03T10:00:00Z,0.88,28.0,49.0,10.0
2022-02-03T11:00:00Z,0.79,22.0,70.0,10.0
2022-02-03T12:00:00Z,0.75,14.0,93.0,10.0
2022-02-03T13:00:00Z,0.75,11.0,104.0,10.0
2022-02-03T14:00:00Z,0.8,11.0,113.0,11.0
2022-02-03T15:00:00Z,0.79,12.0,117.0,11.0
2022-02-03T16:00:00Z,0.81,13.0,116.0,10.0
2022-02-03T17:00:00Z,0.81,13.0,115.0,10.0
2022-02-03T18:00:00Z,0.79,16.0,108.0,10.0
2022-02-03T19:00:00Z,0.81,23.0,95.0,10.0
2022-02-03T20:00:00Z,0.89,28.0,83.0,10.0
2022-02-03T21:00:00Z,0.97,36.0,63.0,15.0
2022-02-03T22:00:00Z,1.2,42.0,51.0,10.0
2022-02-03T23:00:00Z,1.0,43.0,47.0,9.0
2022-02-04T00:00:00Z,0.94,35.0,52.0,9.0
2022-02-04T01:00:00Z,0.93,36.0,42.0,8.0
2022-02-04T02:00:00Z,0.87,30.0,47.0,8.0
2022-02-04T03:00:00Z,0.9,27.0,47.0,8.0
2022-02-04T04:00:00Z,0.89,27.0,45.0,8.0
2022-02-04T05:00:00Z,0.85,25.0,43.0,7.0
2022-02-04T06:00:00Z,0.86,30.0,38.0,7.0
2022-02-04T07:00:00Z,0.86,32.0,32.0,7.0
2022-02-04T08:00:00Z,0.94,39.0,24.0,7.0
2022-02-04T09:00:00Z,1.0,43.0,29.0,9.0
2022-02-04T10:00:00Z,0.91,24.0,67.0,10.0
2022-02-04T11:00:00Z,0.78,14.0,88.0,9.0
2022-02-04T12:00:00Z,0.76,12.0,97.0,10.0
2022-02-04T13:00:00Z,0.75,11.0,101.0,9.0
2022-02-04T14:00:00Z,0.7,11.0,104.0,9.0
2022-02-04T15:00:00Z,0.72,11.0,107.0,8.0
2022-02-04T16:00:00Z,0.72,12.0,107.0,8.0
2022-02-04T17:00:00Z,0.75,14.0,108.0,8.0
2022-02-04T18:00:00Z,0.85,16.0,102.0,8.0
2022-02-04T19:00:00Z,1.01,22.0,89.0,10.0
2022-02-04T20:00:00Z,1.03,24.0,85.0,11.0
2022-02-04T21:00:00Z,1.02,24.0,84.0,12.0
2022-02-04T22:00:00Z,1.06,26.0,77.0,12.0
2022-02-04T23:00:00Z,1.07,29.0,68.0,11.0
2022-02-05T00:00:00Z,1.07,29.0,60.0,12.0
2022-02-05T01:00:00Z,1.05,29.0,55.0,11.0
2022-02-05T02:00:00Z,1.03,27.0,54.0,11.0
2022-02-05T03:00:00Z,1.01,22.0,57.0,11.0
2022-02-05T04:00:00Z,0.85,16.0,59.0,11.0
2022-02-05T05:00:00Z,0.78,16.0,58.0,10.0
2022-02-05T06:00:00Z,0.74,19.0,52.0,10.0
2022-02-05T07:00:00Z,0.74,23.0,44.0,10.0
2022-02-05T08:00:00Z,0.79,31.0,35.0,10.0
2022-02-05T09:00:00Z,0.8,27.0,46.0,13.0
2022-02-05T10:00:00Z,0.71,17.0,66.0,13.0
2022-02-05T11:00:00Z,0.64,14.0,75.0,11.0
2022-02-05T12:00:00Z,0.64,11.0,79.0,11.0
2022-02-05T13:00:00Z,0.61,12.0,84.0,10.0
2022-02-05T14:00:00Z,0.6,10.0,90.0,9.0
2022-02-05T15:00:00Z,0.64,10.0,95.0,9.0
2022-02-05T16:00:00Z,0.7,11.0,95.0,10.0
2022-02-05T17:00:00Z,0.68,12.0,93.0,10.0
2022-02-05T18:00:00Z,0.63,15.0,86.0,9.0
2022-02-05T19:00:00Z,0.66,19.0,75.0,10.0
2022-02-05T20:00:00Z,0.69,23.0,70.0,11.0
2022-02-05T21:00:00Z,0.74,30.0,58.0,11.0
2022-02-05T22:00:00Z,0.75,35.0,50.0,14.0
2022-02-05T23:00:00Z,0.77,37.0,43.0,15.0
2022-02-06T00:00:00Z,0.77,40.0,36.0,11.0
2022-02-06T01:00:00Z,0.8,41.0,30.0,10.0
2022-02-06T02:00:00Z,0.81,42.0,27.0,10.0
2022-02-06T03:00:00Z,0.78,42.0,26.0,10.0
2022-02-06T04:00:00Z,0.79,39.0,28.0,11.0
2022-02-06T05:00:00Z,0.76,39.0,27.0,12.0
2022-02-06T06:00:00Z,0.81,41.0,23.0,12.0
2022-02-06T07:00:00Z,0.96,50.0,13.0,12.0
2022-02-06T08:00:00Z,1.03,52.0,12.0,12.0
2022-02-06T09:00:00Z,1.09,49.0,21.0,15.0
2022-02-06T10:00:00Z,0.84,30.0,58.0,19.0
2022-02-06T11:00:00Z,0.76,20.0,75.0,21.0
2022-02-06T12:00:00Z,0.71,15.0,83.0,16.0
2022-02-06T13:00:00Z,0.63,11.0,89.0,11.0
2022-02-06T14:00:00Z,0.61,12.0,92.0,10.0
2022-02-06T15:00:00Z,0.65,12.0,95.0,10.0
2022-02-06T16:00:00Z,0.69,13.0,97.0,10.0
2022-02-06T17:00:00Z,0.66,16.0,93.0,10.0
2022-02-06T18:00:00Z,0.68,20.0,84.0,10.0
2022-02-06T19:00:00Z,0.69,22.0,77.0,10.0
2022-02-06T20:00:00Z,0.68,23.0,72.0,11.0
2022-02-06T21:00:00Z,0.66,26.0,64.0,13.0
2022-02-06T22:00:00Z,0.66,26.0,63.0,14.0
2022-02-06T23:00:00Z,0.69,25.0,61.0,12.0
2022-02-07T00:00:00Z,0.69,24.0,62.0,15.0
2022-02-07T01:00:00Z,0.72,26.0,60.0,12.0
2022-02-07T02:00:00Z,0.72,24.0,59.0,11.0
2022-02-07T03:00:00Z,0.68,18.0,65.0,11.0
2022-02-07T04:00:00Z,0.61,11.0,76.0,9.0
2022-02-07T05:00:00Z,0.53,8.0,78.0,7.0
2022-02-07T06:00:00Z,0.49,8.0,72.0,6.0
2022-02-07T07:00:00Z,0.5,9.0,72.0,6.0
2022-02-07T08:00:00Z,0.5,11.0,73.0,7.0
2022-02-07T09:00:00Z,0.56,12.0,71.0,7.0
2022-02-07T10:00:00Z,0.56,14.0,72.0,7.0
2022-02-07T11:00:00Z,0.54,13.0,75.0,7.0
2022-02-07T12:00:00Z,0.54,13.0,75.0,7.0
2022-02-07T13:00:00Z,0.55,13.0,73.0,7.0
2022-02-07T14:00:00Z,0.63,12.0,78.0,7.0
2022-02-07T15:00:00Z,0.66,14.0,78.0,7.0
2022-02-07T16:00:00Z,0.65,15.0,78.0,7.0
2022-02-07T17:00:00Z,0.65,17.0,80.0,8.0
2022-02-07T18:00:00Z,0.75,22.0,74.0,9.0
2022-02-07T19:00:00Z,0.79,31.0,61.0,9.0
2022-02-07T20:00:00Z,0.81,33.0,55.0,9.0
2022-02-07T21:00:00Z,0.88,41.0,41.0,9.0
2022-02-07T22:00:00Z,0.94,44.0,31.0,8.0
2022-02-07T23:00:00Z,0.95,45.0,28.0,8.0
2022-02-08T00:00:00Z,0.91,42.0,31.0,8.0
2022-02-08T01:00:00Z,0.88,34.0,37.0,8.0
2022-02-08T02:00:00Z,0.97,34.0,34.0,8.0
2022-02-08T03:00:00Z,0.99,32.0,33.0,8.0
2022-02-08T04:00:00Z,0.93,32.0,31.0,7.0
2022-02-08T05:00:00Z,0.9,29.0,33.0,7.0
2022-02-08T06:00:00Z,0.89,28.0,34.0,7.0
2022-02-08T07:00:00Z,0.93,31.0,31.0,7.0
2022-02-08T08:00:00Z,0.99,40.0,26.0,7.0
2022-02-08T09:00:00Z,0.96,35.0,36.0,7.0
2022-02-08T10:00:00Z,0.83,22.0,57.0,8.0
2022-02-08T11:00:00Z,0.71,17.0,66.0,8.0
2022-02-08T12:00:00Z,0.7,15.0,76.0,8.0
2022-02-08T13:00:00Z,0.7,15.0,85.0,9.0
2022-02-08T14:00:00Z,0.69,15.0,91.0,9.0
2022-02-08T15:00:00Z,0.74,15.0,97.0,10.0
2022-02-08T16:00:00Z,0.75,18.0,99.0,10.0
2022-02-08T17:00:00Z,0.76,20.0,101.0,10.0
2022-02-08T18:00:00Z,0.81,28.0,89.0,9.0
2022-02-08T19:00:00Z,0.9,37.0,71.0,9.0
2022-02-08T20:00:00Z,0.92,43.0,58.0,9.0
2022-02-08T21:00:00Z,0.96,47.0,49.0,9.0
2022-02-08T22:00:00Z,0.95,46.0,46.0,8.0
2022-02-08T23:00:00Z,0.99,51.0,36.0,8.0
2022-02-09T00:00:00Z,1.11,53.0,29.0,10.0
2022-02-09T01:00:00Z,1.14,50.0,27.0,12.0
2022-02-09T02:00:00Z,1.11,50.0,25.0,10.0
2022-02-09T03:00:00Z,1.09,49.0,23.0,9.0
2022-02-09T04:00:00Z,1.04,50.0,21.0,9.0
2022-02-09T05:00:00Z,1.05,51.0,22.0,8.0
2022-02-09T06:00:00Z,1.07,47.0,26.0,9.0
2022-02-09T07:00:00Z,1.11,54.0,19.0,11.0
2022-02-09T08:00:00Z,1.21,61.0,9.0,11.0
2022-02-09T09:00:00Z,1.3,64.0,12.0,12.0
2022-02-09T10:00:00Z,1.2,65.0,25.0,13.0
2022-02-09T11:00:00Z,1.01,42.0,52.0,14.0
2022-02-09T12:00:00Z,0.89,21.0,77.0,11.0
2022-02-09T13:00:00Z,0.8,14.0,85.0,9.0
2022-02-09T14:00:00Z,0.77,11.0,87.0,8.0
2022-02-09T15:00:00Z,0.7,13.0,85.0,9.0
2022-02-09T16:00:00Z,0.7,15.0,80.0,8.0
2022-02-09T17:00:00Z,0.7,17.0,76.0,7.0
2022-02-09T18:00:00Z,0.75,23.0,68.0,8.0
2022-02-09T19:00:00Z,0.74,23.0,64.0,8.0
2022-02-09T20:00:00Z,0.69,22.0,62.0,8.0
2022-02-09T21:00:00Z,0.66,22.0,57.0,8.0
2022-02-09T22:00:00Z,0.65,25.0,47.0,9.0
2022-02-09T23:00:00Z,0.69,26.0,43.0,8.0
2022-02-10T00:00:00Z,0.71,27.0,38.0,8.0
2022-02-10T01:00:00Z,0.7,22.0,38.0,7.0
2022-02-10T02:00:00Z,0.79,23.0,34.0,7.0
2022-02-10T03:00:00Z,0.85,27.0,24.0,7.0
2022-02-10T04:00:00Z,0.85,30.0,17.0,7.0
2022-02-10T05:00:00Z,0.89,34.0,10.0,7.0
2022-02-10T06:00:00Z,0.93,34.0,7.0,7.0
2022-02-10T07:00:00Z,1.0,34.0,4.0,7.0
2022-02-10T08:00:00Z,0.95,30.0,12.0,7.0
2022-02-10T09:00:00Z,0.88,24.0,25.0,7.0
2022-02-10T10:00:00Z,0.85,24.0,29.0,7.0
2022-02-10T11:00:00Z,0.86,23.0,33.0,7.0
2022-02-10T12:00:00Z,0.9,26.0,39.0,8.0
2022-02-10T13:00:00Z,0.76,23.0,56.0,8.0
2022-02-10T14:00:00Z,0.69,17.0,70.0,8.0
2022-02-10T15:00:00Z,0.65,13.0,76.0,7.0
2022-02-10T16:00:00Z,0.64,13.0,77.0,7.0
2022-02-10T17:00:00Z,0.73,16.0,73.0,7.0
2022-02-10T18:00:00Z,0.73,18.0,63.0,7.0
2022-02-10T19:00:00Z,0.75,20.0,57.0,6.0
2022-02-10T20:00:00Z,0.74,23.0,52.0,6.0
2022-02-10T21:00:00Z,0.74,28.0,45.0,7.0
2022-02-10T22:00:00Z,0.79,33.0,34.0,7.0
2022-02-10T23:00:00Z,0.78,31.0,33.0,7.0
2022-02-11T00:00:00Z,0.79,29.0,31.0,7.0
2022-02-11T01:00:00Z,0.85,39.0,18.0,7.0
2022-02-11T02:00:00Z,0.88,46.0,14.0,8.0
2022-02-11T03:00:00Z,0.88,50.0,9.0,7.0
2022-02-11T04:00:00Z,0.91,52.0,10.0,8.0
2022-02-11T05:00:00Z,1.04,53.0,8.0,8.0
2022-02-11T06:00:00Z,1.08,52.0,7.0,8.0
2022-02-11T07:00:00Z,1.09,50.0,9.0,9.0
2022-02-11T08:00:00Z,1.13,49.0,7.0,9.0
2022-02-11T09:00:00Z,1.11,44.0,16.0,10.0
2022-02-11T10:00:00Z,1.01,37.0,28.0,11.0
2022-02-11T11:00:00Z,0.93,34.0,41.0,11.0
2022-02-11T12:00:00Z,1.02,26.0,55.0,11.0
2022-02-11T13:00:00Z,0.99,18.0,75.0,11.0
2022-02-11T14:00:00Z,0.87,15.0,86.0,10.0
2022-02-11T15:00:00Z,0.77,15.0,89.0,9.0
2022-02-11T16:00:00Z,0.74,17.0,89.0,8.0
2022-02-11T17:00:00Z,0.78,22.0,83.0,8.0
2022-02-11T18:00:00Z,0.79,29.0,75.0,8.0
2022-02-11T19:00:00Z,0.81,34.0,65.0,7.0
2022-02-11T20:00:00Z,0.9,38.0,54.0,8.0
2022-02-11T21:00:00Z,0.97,47.0,41.0,10.0
2022-02-11T22:00:00Z,0.87,45.0,44.0,11.0
2022-02-11T23:00:00Z,0.78,36.0,51.0,11.0
2022-02-12T00:00:00Z,0.79,32.0,53.0,12.0
2022-02-12T01:00:00Z,0.72,28.0,55.0,10.0
2022-02-12T02:00:00Z,0.75,26.0,58.0,10.0
2022-02-12T03:00:00Z,0.76,30.0,49.0,8.0
2022-02-12T04:00:00Z,0.76,30.0,45.0,8.0
2022-02-12T05:00:00Z,0.79,30.0,44.0,9.0
2022-02-12T06:00:00Z,0.83,33.0,38.0,9.0
2022-02-12T07:00:00Z,0.88,42.0,24.0,8.0
2022-02-12T08:00:00Z,0.95,51.0,15.0,9.0
2022-02-12T09:00:00Z,0.96,48.0,22.0,10.0
2022-02-12T10:00:00Z,0.94,42.0,46.0,13.0
2022-02-12T11:00:00Z,0.84,27.0,81.0,13.0
2022-02-12T12:00:00Z,0.7,18.0,108.0,12.0
2022-02-12T13:00:00Z,0.63,15.0,121.0,10.0
2022-02-12T14:00:00Z,0.63,14.0,125.0,9.0
2022-02-12T15:00:00Z,0.69,16.0,127.0,8.0
2022-02-12T16:00:00Z,0.66,17.0,125.0,8.0
2022-02-12T17:00:00Z,0.61,20.0,121.0,8.0
2022-02-12T18:00:00Z,0.64,22.0,116.0,7.0
2022-02-12T19:00:00Z,0.7,29.0,103.0,7.0
2022-02-12T20:00:00Z,0.74,37.0,86.0,8.0
2022-02-12T21:00:00Z,0.76,42.0,76.0,8.0
2022-02-12T22:00:00Z,0.85,48.0,60.0,8.0
2022-02-12T23:00:00Z,0.9,61.0,40.0,9.0
2022-02-13T00:00:00Z,0.85,67.0,36.0,10.0
2022-02-13T01:00:00Z,0.82,48.0,61.0,10.0
2022-02-13T02:00:00Z,0.79,36.0,66.0,11.0
2022-02-13T03:00:00Z,0.79,35.0,63.0,11.0
2022-02-13T04:00:00Z,0.79,32.0,62.0,10.0
2022-02-13T05:00:00Z,0.79,31.0,59.0,11.0
2022-02-13T06:00:00Z,0.81,32.0,54.0,11.0
2022-02-13T07:00:00Z,0.84,39.0,45.0,13.0
2022-02-13T08:00:00Z,0.85,42.0,39.0,12.0
2022-02-13T09:00:00Z,0.86,40.0,41.0,11.0
2022-02-13T10:00:00Z,0.82,35.0,54.0,11.0
2022-02-13T11:00:00Z,0.78,26.0,79.0,10.0
2022-02-13T12:00:00Z,0.73,19.0,101.0,9.0
2022-02-13T13:00:00Z,0.7,15.0,113.0,8.0
2022-02-13T14:00:00Z,0.64,15.0,117.0,7.0
2022-02-13T15:00:00Z,0.68,15.0,118.0,6.0
2022-02-13T16:00:00Z,0.68,16.0,115.0,6.0
2022-02-13T17:00:00Z,0.73,18.0,111.0,7.0
2022-02-13T18:00:00Z,0.74,21.0,107.0,7.0
2022-02-13T19:00:00Z,0.76,24.0,99.0,7.0
2022-02-13T20:00:00Z,0.79,27.0,89.0,7.0
2022-02-13T21:00:00Z,0.78,30.0,81.0,8.0
2022-02-13T22:00:00Z,0.83,37.0,67.0,9.0
2022-02-13T23:00:00Z,0.85,42.0,55.0,9.0
2022-02-14T00:00:00Z,0.93,49.0,42.0,11.0
2022-02-14T01:00:00Z,0.9,41.0,46.0,9.0
2022-02-14T02:00:00Z,0.84,39.0,46.0,9.0
2022-02-14T03:00:00Z,0.85,36.0,43.0,9.0
2022-02-14T04:00:00Z,0.91,39.0,35.0,9.0
2022-02-14T05:00:00Z,0.89,37.0,34.0,9.0
2022-02-14T06:00:00Z,0.92,32.0,34.0,8.0
2022-02-14T07:00:00Z,0.98,30.0,34.0,8.0
2022-02-14T08:00:00Z,1.05,35.0,23.0,8.0
2022-02-14T09:00:00Z,1.23,35.0,20.0,8.0
2022-02-14T10:00:00Z,1.18,30.0,27.0,9.0
2022-02-14T11:00:00Z,1.03,25.0,41.0,9.0
2022-02-14T12:00:00Z,1.0,20.0,54.0,9.0
2022-02-14T13:00:00Z,1.02,20.0,55.0,8.0
2022-02-14T14:00:00Z,0.98,20.0,57.0,9.0
2022-02-14T15:00:00Z,0.94,23.0,58.0,9.0
2022-02-14T16:00:00Z,0.91,26.0,52.0,9.0
2022-02-14T17:00:00Z,0.94,29.0,46.0,9.0
2022-02-14T18:00:00Z,1.0,32.0,39.0,9.0
2022-02-14T19:00:00Z,0.99,36.0,33.0,8.0
2022-02-14T20:00:00Z,0.98,35.0,33.0,8.0
2022-02-14T21:00:00Z,0.91,33.0,35.0,8.0
2022-02-14T22:00:00Z,0.91,34.0,31.0,8.0
2022-02-14T23:00:00Z,0.96,39.0,23.0,9.0
2022-02-15T00:00:00Z,1.09,36.0,20.0,11.0
2022-02-15T01:00:00Z,1.09,29.0,24.0,10.0
2022-02-15T02:00:00Z,0.98,24.0,29.0,9.0
2022-02-15T03:00:00Z,0.85,20.0,38.0,8.0
2022-02-15T04:00:00Z,0.91,19.0,40.0,9.0
2022-02-15T05:00:00Z,0.79,17.0,44.0,8.0
2022-02-15T06:00:00Z,0.75,17.0,46.0,9.0
2022-02-15T07:00:00Z,0.84,19.0,44.0,9.0
2022-02-15T08:00:00Z,0.93,20.0,45.0,9.0
2022-02-15T09:00:00Z,1.01,21.0,48.0,9.0
2022-02-15T10:00:00Z,0.96,20.0,52.0,10.0
2022-02-15T11:00:00Z,0.91,20.0,54.0,10.0
2022-02-15T12:00:00Z,0.85,19.0,57.0,10.0
2022-02-15T13:00:00Z,0.76,18.0,58.0,10.0
2022-02-15T14:00:00Z,0.69,18.0,56.0,8.0
2022-02-15T15:00:00Z,0.7,19.0,58.0,8.0
2022-02-15T16:00:00Z,0.66,19.0,60.0,8.0
2022-02-15T17:00:00Z,0.64,20.0,57.0,8.0
2022-02-15T18:00:00Z,0.64,21.0,53.0,7.0
2022-02-15T19:00:00Z,0.61,22.0,53.0,7.0
2022-02-15T20:00:00Z,0.59,21.0,52.0,8.0
2022-02-15T21:00:00Z,0.55,20.0,51.0,9.0
2022-02-15T22:00:00Z,0.63,19.0,49.0,8.0
2022-02-15T23:00:00Z,0.63,18.0,48.0,7.0
2022-02-16T00:00:00Z,0.59,17.0,47.0,7.0
2022-02-16T01:00:00Z,0.55,16.0,48.0,7.0
2022-02-16T02:00:00Z,0.54,16.0,49.0,8.0
2022-02-16T03:00:00Z,0.54,16.0,48.0,9.0
2022-02-16T04:00:00Z,0.58,18.0,44.0,10.0
2022-02-16T05:00:00Z,0.64,20.0,40.0,13.0
2022-02-16T06:00:00Z,0.63,20.0,41.0,12.0
2022-02-16T07:00:00Z,0.6,20.0,43.0,11.0
2022-02-16T08:00:00Z,0.67,23.0,42.0,12.0
2022-02-16T09:00:00Z,0.79,26.0,40.0,11.0
2022-02-16T10:00:00Z,1.01,31.0,35.0,12.0
2022-02-16T11:00:00Z,1.26,33.0,33.0,11.0
2022-02-16T12:00:00Z,1.36,29.0,37.0,12.0
2022-02-16T13:00:00Z,1.27,24.0,43.0,12.0
2022-02-16T14:00:00Z,1.18,23.0,50.0,12.0
2022-02-16T15:00:00Z,1.07,24.0,55.0,12.0
2022-02-16T16:00:00Z,1.01,26.0,56.0,12.0
2022-02-16T17:00:00Z,0.99,28.0,54.0,11.0
2022-02-16T18:00:00Z,0.97,32.0,47.0,9.0
2022-02-16T19:00:00Z,1.02,36.0,39.0,9.0
2022-02-16T20:00:00Z,0.99,41.0,31.0,9.0
2022-02-16T21:00:00Z,0.9,37.0,36.0,10.0
2022-02-16T22:00:00Z,0.82,35.0,36.0,9.0
2022-02-16T23:00:00Z,0.79,32.0,36.0,9.0
2022-02-17T00:00:00Z,0.74,26.0,49.0,8.0
2022-02-17T01:00:00Z,0.7,21.0,61.0,8.0
2022-02-17T02:00:00Z,0.65,19.0,64.0,8.0
2022-02-17T03:00:00Z,0.64,20.0,62.0,9.0
2022-02-17T04:00:00Z,0.76,24.0,51.0,11.0
2022-02-17T05:00:00Z,0.78,21.0,54.0,10.0
2022-02-17T06:00:00Z,0.7,20.0,53.0,9.0
2022-02-17T07:00:00Z,0.64,18.0,57.0,9.0
2022-02-17T08:00:00Z,0.57,17.0,61.0,9.0
2022-02-17T09:00:00Z,0.63,19.0,58.0,10.0
2022-02-17T10:00:00Z,0.6,19.0,60.0,10.0
2022-02-17T11:00:00Z,0.6,16.0,66.0,10.0
2022-02-17T12:00:00Z,0.56,15.0,72.0,10.0
2022-02-17T13:00:00Z,0.57,14.0,75.0,10.0
2022-02-17T14:00:00Z,0.61,14.0,77.0,10.0
2022-02-17T15:00:00Z,0.63,17.0,76.0,11.0
2022-02-17T16:00:00Z,0.64,19.0,72.0,10.0
2022-02-17T17:00:00Z,0.57,19.0,68.0,9.0
2022-02-17T18:00:00Z,0.53,19.0,67.0,8.0
2022-02-17T19:00:00Z,0.54,19.0,66.0,8.0
2022-02-17T20:00:00Z,0.54,18.0,66.0,9.0
2022-02-17T21:00:00Z,0.53,17.0,64.0,9.0
2022-02-17T22:00:00Z,0.49,16.0,65.0,8.0
2022-02-17T23:00:00Z,0.47,13.0,68.0,8.0
2022-02-18T00:00:00Z,0.45,13.0,67.0,7.0
2022-02-18T01:00:00Z,0.46,13.0,66.0,8.0
2022-02-18T02:00:00Z,0.47,14.0,62.0,8.0
2022-02-18T03:00:00Z,0.46,15.0,58.0,8.0
2022-02-18T04:00:00Z,0.47,17.0,54.0,8.0
2022-02-18T05:00:00Z,0.55,18.0,51.0,9.0
2022-02-18T06:00:00Z,0.58,20.0,49.0,9.0
2022-02-18T07:00:00Z,0.56,21.0,49.0,10.0
2022-02-18T08:00:00Z,0.6,26.0,44.0,11.0
2022-02-18T09:00:00Z,0.7,30.0,42.0,11.0
2022-02-18T10:00:00Z,0.68,28.0,48.0,11.0
2022-02-18T11:00:00Z,0.68,30.0,49.0,11.0
2022-02-18T12:00:00Z,0.75,34.0,42.0,11.0
2022-02-18T13:00:00Z,0.78,35.0,44.0,10.0
2022-02-18T14:00:00Z,0.79,33.0,47.0,10.0
2022-02-18T15:00:00Z,0.77,35.0,46.0,9.0
2022-02-18T16:00:00Z,0.79,38.0,42.0,8.0
2022-02-18T17:00:00Z,0.79,39.0,38.0,7.0
2022-02-18T18:00:00Z,0.8,40.0,34.0,7.0
2022-02-18T19:00:00Z,0.84,42.0,29.0,6.0
2022-02-18T20:00:00Z,0.98,43.0,24.0,6.0
2022-02-18T21:00:00Z,0.95,34.0,34.0,6.0
2022-02-18T22:00:00Z,0.95,34.0,32.0,7.0
2022-02-18T23:00:00Z,0.96,33.0,32.0,9.0
2022-02-19T00:00:00Z,0.81,25.0,42.0,8.0
2022-02-19T01:00:00Z,0.76,22.0,45.0,7.0
2022-02-19T02:00:00Z,0.76,20.0,44.0,7.0
2022-02-19T03:00:00Z,0.78,22.0,39.0,6.0
2022-02-19T04:00:00Z,0.68,23.0,38.0,6.0
2022-02-19T05:00:00Z,0.66,21.0,38.0,7.0
2022-02-19T07:00:00Z,0.71,28.0,25.0,8.0
2022-02-19T08:00:00Z,0.78,32.0,20.0,8.0
2022-02-19T09:00:00Z,0.9,30.0,28.0,9.0
2022-02-19T10:00:00Z,0.84,23.0,45.0,10.0
2022-02-19T11:00:00Z,0.78,19.0,60.0,11.0
2022-02-19T12:00:00Z,0.68,17.0,71.0,9.0
2022-02-19T13:00:00Z,0.64,15.0,80.0,9.0
2022-02-19T14:00:00Z,0.58,13.0,84.0,8.0
2022-02-19T15:00:00Z,0.55,13.0,84.0,8.0
2022-02-19T16:00:00Z,0.59,14.0,84.0,8.0
2022-02-19T17:00:00Z,0.54,14.0,80.0,8.0
2022-02-19T18:00:00Z,0.5,15.0,73.0,8.0
2022-02-19T19:00:00Z,0.54,20.0,65.0,7.0
2022-02-19T20:00:00Z,0.56,25.0,55.0,8.0
2022-02-19T21:00:00Z,0.61,29.0,48.0,8.0
2022-02-19T22:00:00Z,0.61,41.0,34.0,9.0
2022-02-19T23:00:00Z,0.63,45.0,25.0,9.0
2022-02-20T00:00:00Z,0.64,42.0,26.0,8.0
2022-02-20T01:00:00Z,0.6,39.0,27.0,8.0
2022-02-20T02:00:00Z,0.6,38.0,25.0,8.0
2022-02-20T03:00:00Z,0.64,42.0,18.0,8.0
2022-02-20T04:00:00Z,0.65,44.0,17.0,8.0
2022-02-20T05:00:00Z,0.68,43.0,20.0,8.0
2022-02-20T06:00:00Z,0.7,46.0,17.0,10.0
2022-02-20T07:00:00Z,0.74,47.0,15.0,11.0
2022-02-20T08:00:00Z,0.91,50.0,11.0,12.0
2022-02-20T09:00:00Z,0.98,52.0,15.0,18.0
2022-02-20T10:00:00Z,0.79,39.0,41.0,17.0
2022-02-20T11:00:00Z,0.56,22.0,65.0,10.0
2022-02-20T12:00:00Z,0.55,17.0,74.0,9.0
2022-02-20T13:00:00Z,0.56,13.0,86.0,8.0
2022-02-20T14:00:00Z,0.56,13.0,91.0,8.0
2022-02-20T15:00:00Z,0.55,13.0,93.0,17.0
2022-02-20T16:00:00Z,0.54,12.0,95.0,8.0
2022-02-20T17:00:00Z,0.53,13.0,93.0,7.0
2022-02-20T18:00:00Z,0.54,17.0,88.0,7.0
2022-02-20T19:00:00Z,0.53,25.0,74.0,7.0
2022-02-20T20:00:00Z,0.66,41.0,54.0,10.0
2022-02-20T21:00:00Z,0.79,51.0,35.0,14.0
2022-02-20T23:00:00Z,0.6,31.0,50.0,11.0
2022-02-21T00:00:00Z,0.61,31.0,49.0,11.0
2022-02-21T01:00:00Z,0.61,34.0,43.0,11.0
2022-02-21T02:00:00Z,0.71,37.0,38.0,11.0
2022-02-21T03:00:00Z,0.8,40.0,33.0,12.0
2022-02-21T04:00:00Z,0.82,44.0,27.0,13.0
2022-02-21T05:00:00Z,0.85,42.0,27.0,12.0
2022-02-21T06:00:00Z,0.8,48.0,21.0,13.0
2022-02-21T07:00:00Z,0.88,48.0,21.0,15.0
2022-02-21T08:00:00Z,0.9,49.0,25.0,15.0
2022-02-21T09:00:00Z,0.95,46.0,36.0,15.0
2022-02-21T10:00:00Z,0.84,40.0,50.0,15.0
2022-02-21T11:00:00Z,0.75,35.0,62.0,13.0
2022-02-21T12:00:00Z,0.7,24.0,79.0,11.0
2022-02-21T13:00:00Z,0.71,21.0,90.0,10.0
2022-02-21T14:00:00Z,0.69,17.0,99.0,9.0
2022-02-21T15:00:00Z,0.67,18.0,105.0,9.0
2022-02-21T16:00:00Z,0.64,19.0,101.0,10.0
2022-02-21T17:00:00Z,0.71,19.0,98.0,10.0
2022-02-21T18:00:00Z,0.71,24.0,91.0,10.0
2022-02-21T20:00:00Z,0.78,41.0,58.0,10.0
2022-02-21T21:00:00Z,0.81,47.0,49.0,10.0
2022-02-21T22:00:00Z,0.93,53.0,41.0,11.0
2022-02-21T23:00:00Z,0.99,63.0,27.0,10.0
2022-02-22T00:00:00Z,0.99,64.0,19.0,10.0
2022-02-22T01:00:00Z,0.98,66.0,19.0,11.0
2022-02-22T02:00:00Z,1.11,71.0,12.0,13.0
2022-02-22T03:00:00Z,1.24,63.0,18.0,14.0
2022-02-22T04:00:00Z,1.19,47.0,29.0,13.0
2022-02-22T05:00:00Z,1.1,43.0,28.0,13.0
2022-02-22T06:00:00Z,1.16,39.0,31.0,14.0
2022-02-22T07:00:00Z,0.98,38.0,32.0,12.0
2022-02-22T09:00:00Z,0.9,36.0,38.0,13.0
2022-02-22T10:00:00Z,0.87,31.0,48.0,14.0
2022-02-22T11:00:00Z,0.78,26.0,59.0,12.0
2022-02-22T12:00:00Z,0.79,25.0,66.0,12.0
2022-02-22T13:00:00Z,0.79,23.0,82.0,13.0
2022-02-22T14:00:00Z,0.76,21.0,92.0,11.0
2022-02-22T15:00:00Z,0.73,25.0,90.0,11.0
2022-02-22T16:00:00Z,0.7,26.0,88.0,11.0
2022-02-22T17:00:00Z,0.71,28.0,84.0,10.0
2022-02-22T18:00:00Z,0.79,30.0,78.0,10.0
2022-02-22T19:00:00Z,0.76,38.0,64.0,12.0
2022-02-22T20:00:00Z,0.75,46.0,52.0,13.0
2022-02-22T21:00:00Z,0.83,60.0,35.0,13.0
2022-02-22T22:00:00Z,0.9,70.0,23.0,13.0
2022-02-22T23:00:00Z,0.9,75.0,18.0,14.0
2022-02-23T00:00:00Z,0.93,75.0,14.0,13.0
2022-02-23T01:00:00Z,0.94,70.0,17.0,13.0
2022-02-23T02:00:00Z,0.94,66.0,15.0,14.0
2022-02-23T03:00:00Z,0.89,66.0,8.0,13.0
2022-02-23T04:00:00Z,0.83,53.0,15.0,12.0
2022-02-23T05:00:00Z,0.76,41.0,22.0,12.0
2022-02-23T06:00:00Z,0.83,31.0,34.0,12.0
2022-02-23T07:00:00Z,0.95,32.0,34.0,11.0
2022-02-23T08:00:00Z,0.93,35.0,33.0,13.0
2022-02-23T09:00:00Z,0.98,31.0,45.0,16.0
2022-02-23T10:00:00Z,0.93,25.0,57.0,16.0
2022-02-23T11:00:00Z,0.91,21.0,65.0,15.0
2022-02-23T12:00:00Z,0.8,20.0,72.0,14.0
2022-02-23T13:00:00Z,0.73,19.0,78.0,13.0
2022-02-23T14:00:00Z,0.63,19.0,82.0,11.0
2022-02-23T15:00:00Z,0.63,21.0,85.0,11.0
2022-02-23T16:00:00Z,0.63,21.0,85.0,10.0
2022-02-23T17:00:00Z,0.64,24.0,85.0,10.0
2022-02-23T18:00:00Z,0.64,29.0,78.0,10.0
2022-02-23T19:00:00Z,0.65,38.0,64.0,10.0
2022-02-23T20:00:00Z,0.71,52.0,43.0,10.0
2022-02-23T21:00:00Z,0.73,54.0,37.0,11.0
2022-02-23T22:00:00Z,0.74,62.0,28.0,13.0
2022-02-23T23:00:00Z,0.74,60.0,27.0,16.0
2022-02-24T00:00:00Z,0.71,48.0,36.0,14.0
2022-02-24T01:00:00Z,0.7,43.0,40.0,12.0
2022-02-24T02:00:00Z,0.75,42.0,38.0,12.0
2022-02-24T03:00:00Z,0.87,41.0,39.0,12.0
2022-02-24T04:00:00Z,0.73,44.0,33.0,11.0
2022-02-24T05:00:00Z,0.68,41.0,31.0,9.0
2022-02-24T06:00:00Z,0.64,37.0,32.0,8.0
2022-02-24T07:00:00Z,0.67,41.0,25.0,8.0
2022-02-24T08:00:00Z,0.74,45.0,20.0,10.0
2022-02-24T09:00:00Z,0.84,41.0,28.0,13.0
2022-02-24T10:00:00Z,0.81,38.0,40.0,15.0
2022-02-24T11:00:00Z,0.81,36.0,54.0,16.0
2022-02-24T12:00:00Z,0.87,32.0,73.0,15.0
2022-02-24T13:00:00Z,0.81,26.0,98.0,13.0
2022-02-24T14:00:00Z,0.76,22.0,119.0,11.0
2022-02-24T15:00:00Z,0.71,22.0,126.0,10.0
2022-02-24T16:00:00Z,0.69,23.0,132.0,9.0
2022-02-24T17:00:00Z,0.72,27.0,132.0,9.0
2022-02-24T18:00:00Z,0.77,29.0,129.0,10.0
2022-02-24T19:00:00Z,0.82,34.0,114.0,12.0
2022-02-24T20:00:00Z,0.83,35.0,104.0,11.0
2022-02-24T21:00:00Z,0.84,36.0,97.0,12.0
2022-02-24T22:00:00Z,0.86,38.0,91.0,12.0
2022-02-24T23:00:00Z,0.89,36.0,91.0,13.0
2022-02-25T00:00:00Z,0.94,37.0,87.0,15.0
2022-02-25T01:00:00Z,1.04,37.0,81.0,15.0
2022-02-25T02:00:00Z,1.03,37.0,75.0,15.0
2022-02-25T03:00:00Z,1.1,40.0,66.0,17.0
2022-02-25T04:00:00Z,1.11,41.0,63.0,15.0
2022-02-25T05:00:00Z,1.04,45.0,54.0,18.0
2022-02-25T06:00:00Z,0.94,46.0,50.0,16.0
2022-02-25T07:00:00Z,1.01,52.0,40.0,16.0
2022-02-25T08:00:00Z,1.19,57.0,40.0,19.0
2022-02-25T09:00:00Z,1.24,51.0,56.0,21.0
2022-02-25T10:00:00Z,1.0,41.0,75.0,20.0
2022-02-25T11:00:00Z,0.84,33.0,89.0,16.0
2022-02-25T12:00:00Z,0.79,28.0,104.0,14.0
2022-02-25T13:00:00Z,0.81,27.0,113.0,14.0
2022-02-25T14:00:00Z,0.77,22.0,124.0,12.0
2022-02-25T15:00:00Z,0.71,22.0,129.0,11.0
2022-02-25T16:00:00Z,0.7,24.0,134.0,11.0
2022-02-25T17:00:00Z,0.7,25.0,131.0,10.0
2022-02-25T18:00:00Z,0.73,28.0,124.0,10.0
2022-02-25T19:00:00Z,0.8,35.0,111.0,11.0
2022-02-25T20:00:00Z,0.85,45.0,92.0,12.0
2022-02-25T21:00:00Z,0.85,46.0,87.0,12.0
2022-02-25T22:00:00Z,0.85,41.0,89.0,12.0
2022-02-25T23:00:00Z,0.89,41.0,87.0,13.0
2022-02-26T00:00:00Z,0.81,36.0,94.0,14.0
2022-02-26T01:00:00Z,0.84,34.0,92.0,15.0
2022-02-26T02:00:00Z,0.88,33.0,91.0,15.0
2022-02-26T03:00:00Z,1.03,42.0,74.0,16.0
2022-02-26T04:00:00Z,1.05,42.0,72.0,16.0
2022-02-26T05:00:00Z,1.06,38.0,78.0,15.0
2022-02-26T06:00:00Z,1.0,34.0,82.0,15.0
2022-02-26T07:00:00Z,0.9,35.0,76.0,14.0
2022-02-26T08:00:00Z,0.94,46.0,64.0,14.0
2022-02-26T09:00:00Z,0.91,39.0,73.0,14.0
2022-02-26T10:00:00Z,0.8,25.0,88.0,12.0
2022-02-26T11:00:00Z,0.79,23.0,85.0,12.0
2022-02-26T12:00:00Z,0.76,22.0,89.0,12.0
2022-02-26T13:00:00Z,0.65,16.0,99.0,11.0
2022-02-26T14:00:00Z,0.63,19.0,102.0,11.0
2022-02-26T15:00:00Z,0.5,15.0,98.0,8.0
2022-02-26T16:00:00Z,0.44,14.0,94.0,7.0
2022-02-26T17:00:00Z,0.44,16.0,91.0,7.0
2022-02-26T18:00:00Z,0.44,18.0,87.0,7.0
2022-02-26T19:00:00Z,0.49,23.0,75.0,7.0
2022-02-26T20:00:00Z,0.54,33.0,61.0,8.0
2022-02-26T21:00:00Z,0.64,42.0,48.0,9.0
2022-02-26T22:00:00Z,0.65,49.0,38.0,9.0
2022-02-26T23:00:00Z,0.69,58.0,23.0,8.0
2022-02-27T00:00:00Z,0.76,59.0,16.0,10.0
2022-02-27T01:00:00Z,0.8,60.0,11.0,10.0
2022-02-27T02:00:00Z,0.79,64.0,10.0,13.0
2022-02-27T03:00:00Z,0.68,54.0,27.0,20.0
2022-02-27T04:00:00Z,0.68,32.0,51.0,12.0
2022-02-27T05:00:00Z,0.72,28.0,55.0,13.0
2022-02-27T06:00:00Z,0.83,27.0,58.0,12.0
2022-02-27T07:00:00Z,0.85,34.0,53.0,12.0
2022-02-27T08:00:00Z,0.83,37.0,55.0,13.0
2022-02-27T09:00:00Z,0.81,33.0,63.0,12.0
2022-02-27T10:00:00Z,0.73,26.0,73.0,10.0
2022-02-27T11:00:00Z,0.66,21.0,82.0,9.0
2022-02-27T12:00:00Z,0.63,19.0,88.0,9.0
2022-02-27T13:00:00Z,0.59,16.0,98.0,9.0
2022-02-27T14:00:00Z,0.56,15.0,110.0,9.0
2022-02-27T15:00:00Z,0.56,15.0,120.0,9.0
2022-02-27T16:00:00Z,0.55,15.0,123.0,9.0
2022-02-27T17:00:00Z,0.56,17.0,119.0,9.0
2022-02-27T18:00:00Z,0.53,21.0,109.0,8.0
2022-02-27T19:00:00Z,0.55,29.0,92.0,9.0
2022-02-27T20:00:00Z,0.59,35.0,82.0,11.0
2022-02-27T21:00:00Z,0.64,34.0,80.0,11.0
2022-02-27T22:00:00Z,0.66,32.0,88.0,12.0
2022-02-27T23:00:00Z,0.66,33.0,92.0,13.0
2022-02-28T00:00:00Z,0.72,35.0,91.0,13.0
2022-02-28T01:00:00Z,0.79,35.0,86.0,13.0
2022-02-28T02:00:00Z,0.73,43.0,69.0,15.0
2022-02-28T03:00:00Z,0.73,47.0,59.0,15.0
2022-02-28T04:00:00Z,0.78,47.0,52.0,15.0
2022-02-28T05:00:00Z,0.81,49.0,43.0,14.0
2022-02-28T06:00:00Z,0.82,49.0,37.0,14.0
2022-02-28T07:00:00Z,0.82,50.0,29.0,14.0
2022-02-28T08:00:00Z,0.82,50.0,25.0,13.0
2022-02-28T09:00:00Z,0.85,46.0,27.0,15.0
2022-02-28T10:00:00Z,0.84,43.0,34.0,15.0
2022-02-28T11:00:00Z,0.85,39.0,50.0,16.0
2022-02-28T12:00:00Z,0.91,35.0,74.0,16.0
2022-02-28T13:00:00Z,0.96,30.0,97.0,16.0
2022-02-28T14:00:00Z,0.93,30.0,118.0,15.0
2022-02-28T15:00:00Z,0.93,32.0,137.0,15.0
2022-02-28T16:00:00Z,0.89,29.0,151.0,14.0
2022-02-28T17:00:00Z,0.89,28.0,154.0,13.0
2022-02-28T18:00:00Z,0.93,33.0,144.0,13.0
2022-02-28T19:00:00Z,0.96,52.0,108.0,12.0
2022-02-28T20:00:00Z,1.07,77.0,65.0,12.0
2022-02-28T22:00:00Z,1.19,96.0,33.0,13.0
2022-02-28T23:00:00Z,1.3,103.0,25.0,14.0
2022-03-01T00:00:00Z,1.24,84.0,45.0,14.0
2022-03-01T01:00:00Z,1.03,64.0,51.0,14.0
2022-03-01T02:00:00Z,1.0,55.0,54.0,14.0
2022-03-01T03:00:00Z,1.2,53.0,51.0,15.0
2022-03-01T04:00:00Z,1.14,50.0,50.0,17.0
2022-03-01T05:00:00Z,0.98,51.0,32.0,17.0
2022-03-01T06:00:00Z,0.86,38.0,40.0,17.0
2022-03-01T07:00:00Z,0.7,26.0,48.0,11.0
2022-03-01T08:00:00Z,0.69,28.0,43.0,11.0
2022-03-01T09:00:00Z,0.66,25.0,48.0,10.0
2022-03-01T10:00:00Z,0.8,25.0,55.0,13.0
2022-03-01T11:00:00Z,0.9,24.0,63.0,16.0
2022-03-01T12:00:00Z,0.95,24.0,75.0,17.0
2022-03-01T13:00:00Z,0.96,22.0,91.0,16.0
2022-03-01T14:00:00Z,0.88,19.0,106.0,13.0
2022-03-01T15:00:00Z,0.7,15.0,114.0,10.0
2022-03-01T16:00:00Z,0.64,14.0,113.0,11.0
2022-03-01T17:00:00Z,0.64,17.0,112.0,10.0
2022-03-01T18:00:00Z,0.65,22.0,103.0,10.0
2022-03-01T19:00:00Z,0.68,25.0,93.0,10.0
2022-03-01T20:00:00Z,0.61,28.0,76.0,9.0
2022-03-01T21:00:00Z,0.56,29.0,67.0,8.0
2022-03-01T22:00:00Z,0.59,29.0,62.0,8.0
2022-03-01T23:00:00Z,0.65,37.0,50.0,8.0
2022-03-02T00:00:00Z,0.64,48.0,32.0,8.0
2022-03-02T01:00:00Z,0.75,51.0,24.0,9.0
2022-03-02T02:00:00Z,0.77,50.0,21.0,8.0
2022-03-02T03:00:00Z,0.94,54.0,16.0,10.0
2022-03-02T04:00:00Z,0.95,52.0,16.0,13.0
2022-03-02T05:00:00Z,0.96,53.0,14.0,14.0
2022-03-02T06:00:00Z,1.1,59.0,11.0,14.0
2022-03-02T07:00:00Z,1.16,63.0,7.0,18.0
2022-03-02T08:00:00Z,1.21,64.0,15.0,21.0
2022-03-02T09:00:00Z,1.24,58.0,34.0,23.0
2022-03-02T10:00:00Z,0.91,44.0,64.0,19.0
2022-03-02T11:00:00Z,0.69,34.0,78.0,16.0
2022-03-02T12:00:00Z,0.61,23.0,93.0,11.0
2022-03-02T13:00:00Z,0.56,18.0,99.0,11.0
2022-03-02T14:00:00Z,0.59,13.0,108.0,10.0
2022-03-02T15:00:00Z,0.53,13.0,112.0,9.0
2022-03-02T16:00:00Z,0.49,12.0,114.0,9.0
2022-03-02T17:00:00Z,0.47,12.0,114.0,8.0
2022-03-02T18:00:00Z,0.51,17.0,106.0,8.0
2022-03-02T19:00:00Z,0.59,33.0,84.0,8.0
2022-03-02T20:00:00Z,0.76,60.0,47.0,10.0
2022-03-02T21:00:00Z,0.91,75.0,27.0,11.0
2022-03-02T22:00:00Z,1.1,84.0,15.0,11.0
2022-03-02T23:00:00Z,1.02,84.0,10.0,11.0
2022-03-03T00:00:00Z,1.1,78.0,9.0,12.0
2022-03-03T01:00:00Z,1.15,77.0,11.0,12.0
2022-03-03T02:00:00Z,1.15,76.0,8.0,14.0
2022-03-03T03:00:00Z,1.16,72.0,11.0,16.0
2022-03-03T04:00:00Z,1.11,75.0,8.0,17.0
2022-03-03T05:00:00Z,1.07,75.0,8.0,18.0
2022-03-03T06:00:00Z,1.13,73.0,10.0,18.0
2022-03-03T07:00:00Z,1.25,75.0,7.0,19.0
2022-03-03T08:00:00Z,1.34,77.0,9.0,21.0
2022-03-03T09:00:00Z,1.25,80.0,20.0,30.0
2022-03-03T10:00:00Z,1.04,70.0,42.0,27.0
2022-03-03T11:00:00Z,0.88,46.0,76.0,19.0
2022-03-03T12:00:00Z,0.79,31.0,97.0,15.0
2022-03-03T13:00:00Z,0.7,25.0,112.0,14.0
2022-03-03T14:00:00Z,0.57,16.0,123.0,12.0
2022-03-03T15:00:00Z,0.59,16.0,125.0,11.0
2022-03-03T16:00:00Z,0.55,18.0,123.0,10.0
2022-03-03T17:00:00Z,0.56,21.0,117.0,10.0
2022-03-03T18:00:00Z,0.6,33.0,101.0,10.0
2022-03-03T19:00:00Z,0.79,57.0,66.0,11.0
2022-03-03T20:00:00Z,1.0,90.0,26.0,12.0
2022-03-03T21:00:00Z,1.03,99.0,14.0,12.0
2022-03-03T22:00:00Z,1.04,91.0,19.0,13.0
2022-03-03T23:00:00Z,0.94,82.0,32.0,18.0
2022-03-04T00:00:00Z,0.91,67.0,50.0,18.0
2022-03-04T01:00:00Z,0.93,54.0,62.0,18.0
2022-03-04T02:00:00Z,0.93,65.0,45.0,17.0
2022-03-04T03:00:00Z,0.88,68.0,40.0,17.0
2022-03-04T04:00:00Z,0.88,56.0,57.0,17.0
2022-03-04T05:00:00Z,0.86,56.0,55.0,19.0
2022-03-04T06:00:00Z,0.86,51.0,64.0,18.0
2022-03-04T07:00:00Z,0.89,48.0,68.0,16.0
2022-03-04T08:00:00Z,0.93,44.0,79.0,16.0
2022-03-04T09:00:00Z,0.86,36.0,89.0,14.0
2022-03-04T10:00:00Z,0.75,28.0,93.0,13.0
2022-03-04T11:00:00Z,0.7,25.0,90.0,12.0
2022-03-04T12:00:00Z,0.63,20.0,96.0,11.0
2022-03-04T13:00:00Z,0.54,14.0,105.0,10.0
2022-03-04T14:00:00Z,0.54,13.0,110.0,10.0
2022-03-04T15:00:00Z,0.57,15.0,112.0,11.0
2022-03-04T16:00:00Z,0.56,14.0,116.0,10.0
2022-03-04T17:00:00Z,0.6,16.0,116.0,10.0
2022-03-04T18:00:00Z,0.57,22.0,105.0,9.0
2022-03-04T19:00:00Z,0.61,32.0,85.0,9.0
2022-03-04T20:00:00Z,0.66,42.0,67.0,11.0
2022-03-04T21:00:00Z,0.76,50.0,56.0,13.0
2022-03-04T22:00:00Z,0.77,63.0,39.0,13.0
2022-03-04T23:00:00Z,0.8,66.0,30.0,12.0
2022-03-05T00:00:00Z,0.78,66.0,29.0,12.0
2022-03-05T01:00:00Z,0.84,49.0,32.0,12.0
2022-03-05T02:00:00Z,0.75,33.0,40.0,11.0
2022-03-05T03:00:00Z,0.65,25.0,48.0,11.0
2022-03-05T04:00:00Z,0.56,22.0,52.0,11.0
2022-03-05T05:00:00Z,0.54,24.0,45.0,11.0
2022-03-05T06:00:00Z,0.54,24.0,46.0,11.0
2022-03-05T07:00:00Z,0.56,31.0,39.0,15.0
2022-03-05T08:00:00Z,0.61,35.0,39.0,18.0
2022-03-05T09:00:00Z,0.74,28.0,53.0,19.0
2022-03-05T10:00:00Z,0.79,20.0,68.0,14.0
2022-03-05T11:00:00Z,0.67,16.0,77.0,12.0
2022-03-05T12:00:00Z,0.67,14.0,83.0,12.0
2022-03-05T13:00:00Z,0.66,13.0,88.0,13.0
2022-03-05T14:00:00Z,0.67,14.0,91.0,13.0
2022-03-05T15:00:00Z,0.65,14.0,94.0,13.0
2022-03-05T16:00:00Z,0.57,16.0,94.0,12.0
2022-03-05T17:00:00Z,0.55,18.0,91.0,10.0
2022-03-05T18:00:00Z,0.53,23.0,85.0,10.0
2022-03-05T19:00:00Z,0.57,28.0,75.0,10.0
2022-03-05T20:00:00Z,0.56,38.0,62.0,13.0
2022-03-05T21:00:00Z,0.59,42.0,58.0,22.0
2022-03-05T22:00:00Z,0.6,36.0,57.0,17.0
2022-03-05T23:00:00Z,0.56,34.0,57.0,16.0
2022-03-06T00:00:00Z,0.59,32.0,55.0,10.0
2022-03-06T01:00:00Z,0.56,35.0,47.0,12.0
2022-03-06T02:00:00Z,0.55,38.0,40.0,11.0
2022-03-06T03:00:00Z,0.56,40.0,33.0,13.0
2022-03-06T04:00:00Z,0.55,36.0,31.0,12.0
2022-03-06T05:00:00Z,0.59,34.0,30.0,13.0
2022-03-06T06:00:00Z,0.59,32.0,33.0,14.0
2022-03-06T07:00:00Z,0.59,35.0,31.0,14.0
2022-03-06T08:00:00Z,0.67,38.0,34.0,15.0
2022-03-06T09:00:00Z,0.64,32.0,47.0,15.0
2022-03-06T10:00:00Z,0.56,21.0,71.0,13.0
2022-03-06T11:00:00Z,0.54,17.0,77.0,11.0
2022-03-06T12:00:00Z,0.55,17.0,80.0,10.0
2022-03-06T13:00:00Z,0.56,16.0,84.0,11.0
2022-03-06T14:00:00Z,0.54,18.0,82.0,10.0
2022-03-06T15:00:00Z,0.54,19.0,80.0,10.0
2022-03-06T16:00:00Z,0.53,20.0,81.0,10.0
2022-03-06T17:00:00Z,0.54,21.0,80.0,10.0
2022-03-06T18:00:00Z,0.54,24.0,76.0,11.0
2022-03-06T19:00:00Z,0.59,27.0,71.0,10.0
2022-03-06T20:00:00Z,0.6,26.0,71.0,10.0
2022-03-06T21:00:00Z,0.61,28.0,67.0,9.0
2022-03-06T22:00:00Z,0.6,29.0,64.0,9.0
2022-03-06T23:00:00Z,0.63,32.0,58.0,10.0
2022-03-07T00:00:00Z,0.71,26.0,64.0,11.0
2022-03-07T01:00:00Z,0.75,24.0,65.0,11.0
2022-03-07T02:00:00Z,0.81,24.0,64.0,11.0
2022-03-07T03:00:00Z,0.78,25.0,60.0,11.0
2022-03-07T04:00:00Z,0.84,24.0,59.0,11.0
2022-03-07T05:00:00Z,0.8,24.0,56.0,11.0
2022-03-07T06:00:00Z,0.82,25.0,52.0,10.0
2022-03-07T07:00:00Z,0.79,30.0,44.0,11.0
2022-03-07T08:00:00Z,0.76,38.0,38.0,13.0
2022-03-07T09:00:00Z,0.81,35.0,44.0,15.0
2022-03-07T10:00:00Z,0.8,36.0,50.0,17.0
2022-03-07T11:00:00Z,0.76,31.0,68.0,16.0
2022-03-07T12:00:00Z,0.69,22.0,88.0,12.0
2022-03-07T13:00:00Z,0.64,16.0,102.0,11.0
2022-03-07T14:00:00Z,0.65,14.0,108.0,9.0
2022-03-07T15:00:00Z,0.66,14.0,111.0,9.0
2022-03-07T16:00:00Z,0.66,13.0,112.0,9.0
2022-03-07T17:00:00Z,0.7,15.0,111.0,10.0
2022-03-07T18:00:00Z,0.71,18.0,107.0,9.0
2022-03-07T19:00:00Z,0.75,28.0,89.0,10.0
2022-03-07T20:00:00Z,0.85,45.0,62.0,10.0
2022-03-07T21:00:00Z,0.94,60.0,41.0,10.0
2022-03-07T22:00:00Z,1.02,63.0,31.0,10.0
2022-03-07T23:00:00Z,1.16,71.0,20.0,11.0
2022-03-08T00:00:00Z,1.14,64.0,20.0,10.0
2022-03-08T01:00:00Z,1.05,60.0,21.0,10.0
2022-03-08T02:00:00Z,1.11,63.0,12.0,10.0
2022-03-08T03:00:00Z,1.22,69.0,8.0,11.0
2022-03-08T04:00:00Z,1.11,68.0,8.0,11.0
2022-03-08T05:00:00Z,1.16,67.0,7.0,10.0
2022-03-08T06:00:00Z,1.21,64.0,6.0,11.0
2022-03-08T07:00:00Z,1.34,58.0,6.0,11.0
2022-03-08T08:00:00Z,1.49,62.0,6.0,13.0
2022-03-08T09:00:00Z,1.38,67.0,17.0,16.0
2022-03-08T10:00:00Z,1.16,53.0,44.0,18.0
2022-03-08T11:00:00Z,1.05,35.0,75.0,17.0
2022-03-08T12:00:00Z,0.93,26.0,97.0,14.0
2022-03-08T13:00:00Z,0.82,18.0,113.0,13.0
2022-03-08T14:00:00Z,0.71,14.0,122.0,10.0
2022-03-08T15:00:00Z,0.64,12.0,127.0,9.0
2022-03-08T16:00:00Z,0.65,13.0,128.0,9.0
2022-03-08T17:00:00Z,0.61,16.0,123.0,8.0
2022-03-08T18:00:00Z,0.63,22.0,115.0,8.0
2022-03-08T19:00:00Z,0.65,33.0,97.0,8.0
2022-03-08T20:00:00Z,0.69,37.0,86.0,9.0
2022-03-08T21:00:00Z,0.69,40.0,80.0,13.0
2022-03-08T22:00:00Z,0.75,44.0,75.0,14.0
2022-03-08T23:00:00Z,0.76,41.0,75.0,13.0
2022-03-09T00:00:00Z,0.72,38.0,76.0,12.0
2022-03-09T01:00:00Z,0.72,47.0,64.0,12.0
2022-03-09T02:00:00Z,0.74,50.0,57.0,13.0
2022-03-09T03:00:00Z,0.76,52.0,51.0,13.0
2022-03-09T04:00:00Z,0.79,57.0,49.0,14.0
2022-03-09T05:00:00Z,0.81,70.0,33.0,13.0
2022-03-09T06:00:00Z,0.88,73.0,20.0,13.0
2022-03-09T07:00:00Z,0.86,74.0,16.0,13.0
2022-03-09T08:00:00Z,0.94,72.0,21.0,14.0
2022-03-09T09:00:00Z,0.95,64.0,34.0,19.0
2022-03-09T10:00:00Z,0.89,63.0,48.0,22.0
2022-03-09T11:00:00Z,0.8,52.0,73.0,20.0
2022-03-09T12:00:00Z,0.71,30.0,111.0,15.0
2022-03-09T13:00:00Z,0.63,16.0,140.0,12.0
2022-03-09T14:00:00Z,0.59,15.0,151.0,10.0
2022-03-09T15:00:00Z,0.6,15.0,160.0,10.0
2022-03-09T16:00:00Z,0.59,16.0,168.0,10.0
2022-03-09T17:00:00Z,0.59,16.0,169.0,10.0
2022-03-09T18:00:00Z,0.69,20.0,171.0,10.0
2022-03-09T19:00:00Z,0.7,25.0,158.0,12.0
2022-03-09T20:00:00Z,0.72,30.0,142.0,12.0
2022-03-09T21:00:00Z,0.74,38.0,132.0,14.0
2022-03-09T22:00:00Z,0.76,39.0,130.0,14.0
2022-03-09T23:00:00Z,0.76,36.0,130.0,13.0
2022-03-10T00:00:00Z,0.76,35.0,124.0,13.0
2022-03-10T01:00:00Z,0.75,35.0,111.0,14.0
2022-03-10T02:00:00Z,0.72,39.0,90.0,12.0
2022-03-10T03:00:00Z,0.74,45.0,72.0,11.0
2022-03-10T04:00:00Z,0.79,45.0,63.0,11.0
2022-03-10T05:00:00Z,0.75,39.0,63.0,12.0
2022-03-10T06:00:00Z,0.74,40.0,53.0,12.0
2022-03-10T07:00:00Z,0.79,46.0,41.0,12.0
2022-03-10T08:00:00Z,0.81,51.0,33.0,14.0
2022-03-10T09:00:00Z,0.85,46.0,38.0,16.0
2022-03-10T10:00:00Z,0.87,39.0,49.0,17.0
2022-03-10T11:00:00Z,0.86,37.0,67.0,16.0
2022-03-10T12:00:00Z,0.87,38.0,78.0,15.0
2022-03-10T13:00:00Z,0.9,42.0,83.0,15.0
2022-03-10T14:00:00Z,0.88,44.0,87.0,15.0
2022-03-10T15:00:00Z,0.86,42.0,92.0,16.0
2022-03-10T16:00:00Z,0.79,38.0,104.0,16.0
2022-03-10T17:00:00Z,0.8,36.0,110.0,16.0
2022-03-10T18:00:00Z,0.81,39.0,104.0,16.0
2022-03-10T19:00:00Z,0.83,50.0,87.0,15.0
2022-03-10T20:00:00Z,0.9,60.0,72.0,16.0
2022-03-10T21:00:00Z,0.86,61.0,64.0,19.0
2022-03-10T22:00:00Z,0.85,68.0,51.0,18.0
2022-03-10T23:00:00Z,0.85,70.0,39.0,16.0
2022-03-11T00:00:00Z,0.86,76.0,28.0,15.0
2022-03-11T01:00:00Z,0.82,65.0,30.0,16.0
2022-03-11T02:00:00Z,0.89,58.0,25.0,15.0
2022-03-11T03:00:00Z,0.96,53.0,22.0,13.0
2022-03-11T04:00:00Z,1.03,48.0,24.0,13.0
2022-03-11T05:00:00Z,1.0,44.0,27.0,13.0
2022-03-11T06:00:00Z,1.02,41.0,31.0,12.0
2022-03-11T07:00:00Z,1.19,38.0,39.0,13.0
2022-03-11T08:00:00Z,1.35,43.0,39.0,14.0
2022-03-11T09:00:00Z,1.74,41.0,55.0,17.0
2022-03-11T10:00:00Z,1.72,42.0,73.0,17.0
2022-03-11T11:00:00Z,1.57,38.0,103.0,17.0
2022-03-11T12:00:00Z,1.41,30.0,129.0,15.0
2022-03-11T13:00:00Z,1.3,24.0,152.0,14.0
2022-03-11T14:00:00Z,1.11,20.0,168.0,13.0
2022-03-11T15:00:00Z,0.94,21.0,174.0,14.0
2022-03-11T16:00:00Z,1.03,21.0,177.0,14.0
2022-03-11T17:00:00Z,0.67,23.0,170.0,14.0
2022-03-11T18:00:00Z,0.65,25.0,153.0,12.0
2022-03-11T19:00:00Z,0.65,28.0,126.0,11.0
2022-03-11T20:00:00Z,0.67,28.0,117.0,10.0
2022-03-11T21:00:00Z,0.78,27.0,105.0,11.0
2022-03-11T22:00:00Z,0.76,25.0,96.0,11.0
2022-03-11T23:00:00Z,0.81,20.0,103.0,9.0
2022-03-12T00:00:00Z,0.8,20.0,90.0,9.0
2022-03-12T01:00:00Z,0.96,20.0,77.0,9.0
2022-03-12T02:00:00Z,0.95,17.0,76.0,8.0
2022-03-12T03:00:00Z,0.86,17.0,80.0,7.0
2022-03-12T04:00:00Z,0.94,16.0,82.0,7.0
2022-03-12T05:00:00Z,0.98,16.0,80.0,7.0
2022-03-12T06:00:00Z,0.93,18.0,78.0,7.0
2022-03-12T07:00:00Z,0.79,18.0,80.0,7.0
2022-03-12T08:00:00Z,0.7,19.0,82.0,7.0
2022-03-12T09:00:00Z,0.82,22.0,77.0,7.0
2022-03-12T10:00:00Z,0.72,21.0,76.0,7.0
2022-03-12T11:00:00Z,0.68,20.0,77.0,7.0
2022-03-12T12:00:00Z,0.7,20.0,87.0,8.0
2022-03-12T13:00:00Z,0.74,18.0,105.0,10.0
2022-03-12T14:00:00Z,0.82,18.0,119.0,11.0
2022-03-12T15:00:00Z,0.79,20.0,127.0,11.0
2022-03-12T16:00:00Z,0.76,24.0,128.0,11.0
2022-03-12T17:00:00Z,0.78,30.0,117.0,11.0
2022-03-12T18:00:00Z,1.07,32.0,95.0,11.0
2022-03-12T19:00:00Z,1.24,34.0,76.0,11.0
2022-03-12T20:00:00Z,1.38,41.0,59.0,10.0
2022-03-12T21:00:00Z,1.17,42.0,50.0,10.0
2022-03-12T22:00:00Z,1.03,37.0,47.0,9.0
2022-03-12T23:00:00Z,1.16,29.0,53.0,9.0
2022-03-13T00:00:00Z,1.23,22.0,61.0,8.0
2022-03-13T01:00:00Z,1.06,22.0,60.0,9.0
2022-03-13T02:00:00Z,1.03,21.0,54.0,9.0
2022-03-13T03:00:00Z,1.13,25.0,45.0,9.0
2022-03-13T04:00:00Z,1.21,27.0,30.0,9.0
2022-03-13T05:00:00Z,1.24,29.0,20.0,8.0
2022-03-13T06:00:00Z,1.24,31.0,12.0,8.0
2022-03-13T07:00:00Z,1.3,34.0,7.0,9.0
2022-03-13T08:00:00Z,1.37,40.0,5.0,9.0
2022-03-13T09:00:00Z,1.39,45.0,8.0,10.0
2022-03-13T10:00:00Z,1.37,52.0,18.0,11.0
2022-03-13T11:00:00Z,1.4,47.0,31.0,11.0
2022-03-13T12:00:00Z,1.55,32.0,43.0,10.0
2022-03-13T13:00:00Z,1.6,24.0,58.0,9.0
2022-03-13T14:00:00Z,1.26,21.0,73.0,10.0
2022-03-13T15:00:00Z,1.04,18.0,91.0,10.0
2022-03-13T16:00:00Z,0.96,17.0,105.0,9.0
2022-03-13T17:00:00Z,0.88,19.0,106.0,9.0
2022-03-13T18:00:00Z,0.9,25.0,102.0,9.0
2022-03-13T19:00:00Z,0.89,28.0,91.0,10.0
2022-03-13T20:00:00Z,0.85,27.0,86.0,10.0
2022-03-13T21:00:00Z,0.77,24.0,85.0,9.0
2022-03-13T22:00:00Z,0.8,22.0,79.0,9.0
2022-03-13T23:00:00Z,0.82,20.0,74.0,9.0
2022-03-14T00:00:00Z,0.85,18.0,76.0,8.0
2022-03-14T01:00:00Z,0.94,17.0,72.0,8.0
2022-03-14T02:00:00Z,0.91,17.0,67.0,8.0
2022-03-14T03:00:00Z,0.9,16.0,62.0,8.0
2022-03-14T04:00:00Z,0.95,17.0,58.0,7.0
2022-03-14T05:00:00Z,0.96,18.0,51.0,7.0
2022-03-14T06:00:00Z,0.97,22.0,38.0,7.0
2022-03-14T07:00:00Z,1.11,25.0,36.0,7.0
2022-03-14T08:00:00Z,1.3,28.0,35.0,7.0
2022-03-14T09:00:00Z,1.16,31.0,29.0,7.0
2022-03-14T10:00:00Z,1.21,31.0,26.0,8.0
2022-03-14T11:00:00Z,1.27,26.0,47.0,8.0
2022-03-14T12:00:00Z,1.27,25.0,56.0,8.0
2022-03-14T13:00:00Z,1.19,24.0,62.0,8.0
2022-03-14T14:00:00Z,1.12,24.0,74.0,8.0
2022-03-14T15:00:00Z,1.06,25.0,79.0,8.0
2022-03-14T16:00:00Z,1.09,25.0,86.0,8.0
2022-03-14T17:00:00Z,0.96,23.0,91.0,8.0
2022-03-14T18:00:00Z,0.97,31.0,78.0,8.0
2022-03-14T19:00:00Z,1.14,48.0,49.0,8.0
2022-03-14T20:00:00Z,1.18,53.0,35.0,8.0
2022-03-14T21:00:00Z,1.31,54.0,30.0,9.0
2022-03-14T22:00:00Z,1.34,48.0,29.0,9.0
2022-03-14T23:00:00Z,1.32,46.0,28.0,9.0
2022-03-15T00:00:00Z,1.29,38.0,45.0,9.0
2022-03-15T01:00:00Z,1.0,27.0,66.0,9.0
2022-03-15T02:00:00Z,0.86,20.0,71.0,10.0
2022-03-15T03:00:00Z,0.76,19.0,64.0,8.0
2022-03-15T04:00:00Z,0.7,20.0,61.0,9.0
2022-03-15T05:00:00Z,0.68,20.0,62.0,8.0
2022-03-15T06:00:00Z,0.66,22.0,59.0,8.0
2022-03-15T07:00:00Z,0.68,25.0,58.0,9.0
2022-03-15T08:00:00Z,0.69,26.0,60.0,10.0
2022-03-15T09:00:00Z,0.69,25.0,65.0,9.0
2022-03-15T10:00:00Z,0.66,23.0,71.0,10.0
2022-03-15T11:00:00Z,0.65,20.0,78.0,10.0
2022-03-15T12:00:00Z,0.65,18.0,83.0,10.0
2022-03-15T13:00:00Z,0.66,16.0,91.0,10.0
2022-03-15T14:00:00Z,0.76,17.0,95.0,10.0
2022-03-15T15:00:00Z,0.8,18.0,99.0,11.0
2022-03-15T16:00:00Z,0.82,21.0,101.0,11.0
2022-03-15T17:00:00Z,0.86,25.0,100.0,11.0
2022-03-15T18:00:00Z,0.88,30.0,91.0,11.0
2022-03-15T19:00:00Z,0.9,49.0,60.0,10.0
2022-03-15T20:00:00Z,0.96,64.0,36.0,10.0
2022-03-15T21:00:00Z,1.01,75.0,22.0,11.0
2022-03-15T22:00:00Z,1.0,72.0,20.0,11.0
2022-03-15T23:00:00Z,1.02,76.0,17.0,12.0
2022-03-16T00:00:00Z,0.93,68.0,19.0,12.0
2022-03-16T01:00:00Z,0.94,67.0,17.0,13.0
2022-03-16T02:00:00Z,0.93,62.0,20.0,14.0
2022-03-16T03:00:00Z,0.97,57.0,21.0,13.0
2022-03-16T04:00:00Z,0.99,58.0,17.0,13.0
2022-03-16T05:00:00Z,1.0,62.0,10.0,13.0
2022-03-16T06:00:00Z,1.05,58.0,12.0,14.0
2022-03-16T07:00:00Z,1.1,57.0,12.0,14.0
2022-03-16T08:00:00Z,1.18,58.0,12.0,15.0
2022-03-16T09:00:00Z,1.14,55.0,23.0,18.0
2022-03-16T10:00:00Z,1.15,52.0,37.0,20.0
2022-03-16T11:00:00Z,1.09,50.0,54.0,18.0
2022-03-16T12:00:00Z,1.11,50.0,65.0,17.0
2022-03-16T13:00:00Z,1.23,42.0,89.0,17.0
2022-03-16T14:00:00Z,1.24,38.0,108.0,17.0
2022-03-16T15:00:00Z,1.25,35.0,120.0,16.0
2022-03-16T16:00:00Z,1.7,33.0,134.0,15.0
2022-03-16T17:00:00Z,1.4,28.0,124.0,13.0
2022-03-16T18:00:00Z,0.94,23.0,116.0,11.0
2022-03-16T19:00:00Z,0.74,18.0,116.0,9.0
2022-03-16T21:00:00Z,0.82,13.0,104.0,8.0
2022-03-16T22:00:00Z,0.88,13.0,97.0,9.0
2022-03-16T23:00:00Z,0.75,13.0,87.0,8.0
2022-03-17T00:00:00Z,0.83,15.0,77.0,7.0
2022-03-17T01:00:00Z,0.79,13.0,78.0,7.0
2022-03-17T02:00:00Z,0.72,12.0,78.0,8.0
2022-03-17T03:00:00Z,0.73,13.0,71.0,7.0
2022-03-17T04:00:00Z,0.75,14.0,65.0,7.0
2022-03-17T05:00:00Z,0.69,15.0,57.0,6.0
2022-03-17T06:00:00Z,0.69,15.0,54.0,6.0
2022-03-17T07:00:00Z,0.69,16.0,50.0,7.0
2022-03-17T08:00:00Z,0.64,14.0,56.0,6.0
2022-03-17T09:00:00Z,0.6,15.0,53.0,6.0
2022-03-17T10:00:00Z,0.58,18.0,49.0,6.0
2022-03-17T11:00:00Z,0.58,18.0,53.0,6.0
2022-03-17T12:00:00Z,0.56,17.0,57.0,7.0
2022-03-17T13:00:00Z,0.55,17.0,60.0,7.0
2022-03-17T14:00:00Z,0.57,18.0,60.0,7.0
2022-03-17T15:00:00Z,0.59,19.0,63.0,7.0
2022-03-17T16:00:00Z,0.59,20.0,64.0,9.0
2022-03-17T17:00:00Z,0.6,22.0,62.0,12.0
2022-03-17T18:00:00Z,0.65,24.0,60.0,10.0
2022-03-17T19:00:00Z,0.61,30.0,51.0,10.0
2022-03-17T20:00:00Z,0.61,33.0,42.0,10.0
2022-03-17T21:00:00Z,0.6,29.0,42.0,9.0
2022-03-17T22:00:00Z,0.59,31.0,41.0,9.0
2022-03-17T23:00:00Z,0.63,34.0,37.0,10.0
2022-03-18T00:00:00Z,0.69,35.0,32.0,10.0
2022-03-18T01:00:00Z,0.66,31.0,32.0,9.0
2022-03-18T02:00:00Z,0.73,32.0,26.0,9.0
2022-03-18T03:00:00Z,0.77,30.0,25.0,9.0
2022-03-18T04:00:00Z,0.8,31.0,23.0,9.0
2022-03-18T05:00:00Z,0.8,31.0,20.0,9.0
2022-03-18T06:00:00Z,0.77,32.0,17.0,9.0
2022-03-18T07:00:00Z,0.76,34.0,15.0,9.0
2022-03-18T08:00:00Z,0.76,31.0,19.0,9.0
2022-03-18T09:00:00Z,0.79,28.0,27.0,11.0
2022-03-18T10:00:00Z,0.82,31.0,30.0,12.0
2022-03-18T11:00:00Z,0.84,32.0,32.0,13.0
2022-03-18T12:00:00Z,0.82,31.0,34.0,13.0
2022-03-18T13:00:00Z,0.78,28.0,46.0,15.0
2022-03-18T14:00:00Z,0.83,28.0,51.0,14.0
2022-03-18T15:00:00Z,0.81,26.0,54.0,13.0
2022-03-18T16:00:00Z,0.81,24.0,60.0,13.0
2022-03-18T17:00:00Z,0.73,20.0,70.0,11.0
2022-03-18T18:00:00Z,0.71,23.0,69.0,10.0
2022-03-18T19:00:00Z,0.67,23.0,70.0,9.0
2022-03-18T20:00:00Z,0.67,24.0,60.0,9.0
2022-03-18T21:00:00Z,0.7,24.0,56.0,9.0
2022-03-18T22:00:00Z,0.7,26.0,53.0,9.0
2022-03-18T23:00:00Z,0.71,25.0,53.0,10.0
2022-03-19T00:00:00Z,0.64,22.0,53.0,9.0
2022-03-19T01:00:00Z,0.61,16.0,57.0,9.0
2022-03-19T02:00:00Z,0.63,17.0,50.0,9.0
2022-03-19T03:00:00Z,0.65,21.0,46.0,10.0
2022-03-19T04:00:00Z,0.64,25.0,38.0,10.0
2022-03-19T05:00:00Z,0.66,24.0,37.0,12.0
2022-03-19T06:00:00Z,0.71,25.0,34.0,10.0
2022-03-19T07:00:00Z,0.72,26.0,31.0,10.0
2022-03-19T08:00:00Z,0.9,26.0,32.0,10.0
2022-03-19T09:00:00Z,1.0,26.0,34.0,13.0
2022-03-19T10:00:00Z,0.99,23.0,42.0,14.0
2022-03-19T11:00:00Z,0.89,21.0,51.0,16.0
2022-03-19T12:00:00Z,0.85,21.0,54.0,14.0
2022-03-19T13:00:00Z,0.78,22.0,54.0,10.0
2022-03-19T14:00:00Z,0.74,22.0,54.0,9.0
2022-03-19T15:00:00Z,0.71,23.0,54.0,8.0
2022-03-19T16:00:00Z,0.73,24.0,54.0,8.0
2022-03-19T17:00:00Z,0.71,26.0,53.0,8.0
2022-03-19T18:00:00Z,0.73,27.0,51.0,8.0
2022-03-19T19:00:00Z,0.81,31.0,44.0,8.0
2022-03-19T20:00:00Z,0.8,29.0,46.0,8.0
2022-03-19T21:00:00Z,0.88,24.0,46.0,8.0
2022-03-19T22:00:00Z,0.97,23.0,43.0,7.0
2022-03-19T23:00:00Z,0.89,26.0,38.0,7.0
2022-03-20T00:00:00Z,0.88,24.0,40.0,8.0
2022-03-20T01:00:00Z,0.85,22.0,40.0,8.0
2022-03-20T02:00:00Z,0.84,24.0,37.0,8.0
2022-03-20T03:00:00Z,0.84,28.0,30.0,8.0
2022-03-20T04:00:00Z,0.85,30.0,24.0,11.0
2022-03-20T05:00:00Z,0.86,33.0,22.0,10.0
2022-03-20T06:00:00Z,0.88,32.0,22.0,9.0
2022-03-20T07:00:00Z,0.76,31.0,26.0,10.0
2022-03-20T08:00:00Z,0.7,29.0,35.0,11.0
2022-03-20T09:00:00Z,0.76,26.0,40.0,13.0
2022-03-20T10:00:00Z,0.97,25.0,46.0,15.0
2022-03-20T11:00:00Z,0.95,22.0,54.0,15.0
2022-03-20T12:00:00Z,0.86,21.0,58.0,12.0
2022-03-20T13:00:00Z,0.81,22.0,55.0,10.0
2022-03-20T14:00:00Z,0.76,23.0,55.0,9.0
2022-03-20T15:00:00Z,0.74,24.0,54.0,10.0
2022-03-20T16:00:00Z,0.69,26.0,54.0,11.0
2022-03-20T17:00:00Z,0.69,26.0,54.0,11.0
2022-03-20T18:00:00Z,0.69,29.0,53.0,11.0
2022-03-20T19:00:00Z,0.66,30.0,52.0,10.0
2022-03-20T20:00:00Z,0.64,31.0,49.0,10.0
2022-03-20T21:00:00Z,0.63,33.0,46.0,12.0
2022-03-20T22:00:00Z,0.59,36.0,43.0,14.0
2022-03-20T23:00:00Z,0.6,43.0,31.0,15.0
2022-03-21T00:00:00Z,0.57,45.0,27.0,17.0
2022-03-21T01:00:00Z,0.57,43.0,28.0,12.0
2022-03-21T02:00:00Z,0.59,38.0,29.0,12.0
2022-03-21T03:00:00Z,0.62,34.0,32.0,11.0
2022-03-21T04:00:00Z,0.64,30.0,33.0,9.0
2022-03-21T05:00:00Z,0.64,30.0,32.0,9.0
2022-03-21T06:00:00Z,0.65,26.0,37.0,10.0
2022-03-21T07:00:00Z,0.64,27.0,41.0,10.0
2022-03-21T08:00:00Z,0.7,28.0,49.0,9.0
2022-03-21T09:00:00Z,0.61,25.0,59.0,9.0
2022-03-21T10:00:00Z,0.58,23.0,65.0,9.0
2022-03-21T11:00:00Z,0.57,23.0,68.0,9.0
2022-03-21T12:00:00Z,0.59,22.0,72.0,9.0
2022-03-21T13:00:00Z,0.59,19.0,77.0,10.0
2022-03-21T14:00:00Z,0.75,21.0,76.0,12.0
2022-03-21T15:00:00Z,0.65,22.0,76.0,11.0
2022-03-21T16:00:00Z,0.6,25.0,72.0,9.0
2022-03-21T17:00:00Z,0.6,26.0,67.0,9.0
2022-03-21T18:00:00Z,0.6,32.0,53.0,9.0
2022-03-21T19:00:00Z,0.59,38.0,43.0,9.0
2022-03-21T20:00:00Z,0.55,39.0,42.0,9.0
2022-03-21T21:00:00Z,0.55,40.0,40.0,9.0
2022-03-21T22:00:00Z,0.54,35.0,42.0,8.0
2022-03-21T23:00:00Z,0.53,36.0,36.0,8.0
2022-03-22T00:00:00Z,0.55,40.0,30.0,8.0
2022-03-22T01:00:00Z,0.56,41.0,27.0,9.0
2022-03-22T02:00:00Z,0.58,41.0,26.0,8.0
2022-03-22T03:00:00Z,0.61,44.0,20.0,8.0
2022-03-22T04:00:00Z,0.63,49.0,16.0,9.0
2022-03-22T05:00:00Z,0.58,47.0,20.0,9.0
2022-03-22T06:00:00Z,0.57,50.0,16.0,9.0
2022-03-22T07:00:00Z,0.69,51.0,13.0,8.0
2022-03-22T08:00:00Z,0.8,55.0,12.0,10.0
2022-03-22T09:00:00Z,0.85,49.0,28.0,12.0
2022-03-22T10:00:00Z,0.96,41.0,42.0,14.0
2022-03-22T11:00:00Z,0.85,33.0,60.0,15.0
2022-03-22T12:00:00Z,0.75,26.0,88.0,13.0
2022-03-22T13:00:00Z,0.81,25.0,94.0,13.0
2022-03-22T14:00:00Z,0.8,24.0,100.0,13.0
2022-03-22T15:00:00Z,0.72,22.0,104.0,12.0
2022-03-22T16:00:00Z,0.74,23.0,103.0,13.0
2022-03-22T17:00:00Z,0.69,24.0,101.0,13.0
2022-03-22T18:00:00Z,0.68,27.0,96.0,12.0
2022-03-22T19:00:00Z,0.65,31.0,88.0,11.0
2022-03-22T20:00:00Z,0.67,37.0,76.0,11.0
2022-03-22T21:00:00Z,0.69,40.0,68.0,11.0
2022-03-22T22:00:00Z,0.74,36.0,66.0,12.0
2022-03-22T23:00:00Z,0.78,32.0,58.0,12.0
2022-03-23T00:00:00Z,0.88,36.0,48.0,13.0
2022-03-23T01:00:00Z,0.84,32.0,49.0,13.0
2022-03-23T02:00:00Z,0.89,32.0,46.0,13.0
2022-03-23T03:00:00Z,0.91,30.0,42.0,13.0
2022-03-23T04:00:00Z,0.8,25.0,46.0,12.0
2022-03-23T05:00:00Z,0.79,26.0,45.0,12.0
2022-03-23T06:00:00Z,0.8,29.0,39.0,12.0
2022-03-23T07:00:00Z,0.8,29.0,37.0,12.0
2022-03-23T08:00:00Z,0.74,26.0,47.0,13.0
2022-03-23T09:00:00Z,0.72,20.0,64.0,13.0
2022-03-23T10:00:00Z,0.66,20.0,73.0,12.0
2022-03-23T11:00:00Z,0.66,17.0,84.0,11.0
2022-03-23T12:00:00Z,0.6,15.0,93.0,11.0
2022-03-23T13:00:00Z,0.54,14.0,104.0,11.0
2022-03-23T14:00:00Z,0.53,13.0,111.0,10.0
2022-03-23T15:00:00Z,0.53,14.0,111.0,10.0
2022-03-23T16:00:00Z,0.5,14.0,108.0,9.0
2022-03-23T17:00:00Z,0.5,14.0,103.0,8.0
2022-03-23T18:00:00Z,0.55,15.0,100.0,8.0
2022-03-23T19:00:00Z,0.6,18.0,94.0,8.0
2022-03-23T20:00:00Z,0.63,18.0,87.0,8.0
2022-03-23T21:00:00Z,0.59,19.0,83.0,9.0
2022-03-23T22:00:00Z,0.64,21.0,76.0,9.0
2022-03-23T23:00:00Z,0.65,23.0,70.0,9.0
2022-03-24T00:00:00Z,0.75,32.0,59.0,10.0
2022-03-24T01:00:00Z,0.69,29.0,54.0,10.0
2022-03-24T02:00:00Z,0.79,29.0,53.0,9.0
2022-03-24T03:00:00Z,0.75,28.0,49.0,9.0
2022-03-24T04:00:00Z,0.68,26.0,52.0,9.0
2022-03-24T05:00:00Z,0.68,24.0,50.0,9.0
2022-03-24T06:00:00Z,0.75,24.0,46.0,9.0
2022-03-24T07:00:00Z,0.8,27.0,40.0,10.0
2022-03-24T08:00:00Z,0.97,33.0,37.0,11.0
2022-03-24T09:00:00Z,0.84,28.0,47.0,12.0
2022-03-24T10:00:00Z,0.8,22.0,60.0,12.0
2022-03-24T11:00:00Z,0.72,19.0,73.0,10.0
2022-03-24T12:00:00Z,0.64,14.0,83.0,9.0
2022-03-24T13:00:00Z,0.6,13.0,91.0,9.0
2022-03-24T14:00:00Z,0.58,13.0,99.0,9.0
2022-03-24T15:00:00Z,0.54,13.0,102.0,8.0
2022-03-24T16:00:00Z,0.53,13.0,104.0,8.0
2022-03-24T17:00:00Z,0.54,13.0,106.0,8.0
2022-03-24T18:00:00Z,0.6,17.0,109.0,9.0
2022-03-24T19:00:00Z,0.71,23.0,112.0,10.0
2022-03-24T20:00:00Z,0.76,27.0,114.0,10.0
2022-03-24T21:00:00Z,0.69,30.0,111.0,10.0
2022-03-24T22:00:00Z,0.68,30.0,113.0,10.0
2022-03-24T23:00:00Z,0.69,30.0,106.0,11.0
2022-03-25T00:00:00Z,0.69,34.0,99.0,10.0
2022-03-25T01:00:00Z,0.68,25.0,96.0,9.0
2022-03-25T02:00:00Z,0.69,26.0,86.0,8.0
2022-03-25T03:00:00Z,0.69,25.0,82.0,9.0
2022-03-25T04:00:00Z,0.64,22.0,71.0,8.0
2022-03-25T05:00:00Z,0.61,22.0,60.0,8.0
2022-03-25T06:00:00Z,0.59,21.0,55.0,8.0
2022-03-25T07:00:00Z,0.65,27.0,43.0,8.0
2022-03-25T08:00:00Z,0.67,29.0,39.0,8.0
2022-03-25T09:00:00Z,0.75,28.0,35.0,8.0
2022-03-25T10:00:00Z,0.75,28.0,27.0,7.0
2022-03-25T11:00:00Z,0.73,29.0,25.0,8.0
2022-03-25T12:00:00Z,0.71,28.0,27.0,7.0
2022-03-25T13:00:00Z,1.09,29.0,28.0,7.0
2022-03-25T14:00:00Z,1.35,31.0,31.0,7.0
2022-03-25T15:00:00Z,1.15,30.0,36.0,9.0
2022-03-25T16:00:00Z,0.85,27.0,44.0,7.0
2022-03-25T17:00:00Z,0.88,25.0,61.0,7.0
2022-03-25T18:00:00Z,0.95,23.0,62.0,7.0
2022-03-25T19:00:00Z,1.03,23.0,58.0,7.0
2022-03-25T20:00:00Z,1.25,24.0,54.0,7.0
2022-03-25T21:00:00Z,1.33,26.0,46.0,7.0
2022-03-25T22:00:00Z,1.38,23.0,53.0,7.0
2022-03-25T23:00:00Z,1.28,20.0,58.0,7.0
2022-03-26T00:00:00Z,1.11,20.0,59.0,7.0
2022-03-26T01:00:00Z,0.96,17.0,58.0,7.0
2022-03-26T02:00:00Z,0.8,18.0,51.0,8.0
2022-03-26T03:00:00Z,0.75,17.0,51.0,7.0
2022-03-26T04:00:00Z,0.72,16.0,53.0,7.0
2022-03-26T05:00:00Z,0.88,18.0,49.0,8.0
2022-03-26T06:00:00Z,0.78,19.0,44.0,7.0
2022-03-26T07:00:00Z,0.84,21.0,40.0,7.0
2022-03-26T08:00:00Z,0.83,24.0,39.0,8.0
2022-03-26T09:00:00Z,0.91,21.0,52.0,9.0
2022-03-26T10:00:00Z,0.77,20.0,61.0,10.0
2022-03-26T11:00:00Z,0.71,19.0,74.0,11.0
2022-03-26T12:00:00Z,0.67,19.0,79.0,10.0
2022-03-26T13:00:00Z,0.63,16.0,87.0,10.0
2022-03-26T14:00:00Z,0.56,14.0,99.0,10.0
2022-03-26T15:00:00Z,0.56,12.0,108.0,9.0
2022-03-26T16:00:00Z,0.49,11.0,112.0,9.0
2022-03-26T17:00:00Z,0.47,12.0,110.0,9.0
2022-03-26T18:00:00Z,0.5,17.0,102.0,10.0
2022-03-26T19:00:00Z,0.57,25.0,87.0,9.0
2022-03-26T20:00:00Z,0.6,31.0,70.0,12.0
2022-03-26T21:00:00Z,0.76,37.0,56.0,13.0
2022-03-26T22:00:00Z,0.84,42.0,48.0,14.0
2022-03-26T23:00:00Z,0.83,42.0,45.0,15.0
2022-03-27T00:00:00Z,0.71,38.0,50.0,16.0
2022-03-27T01:00:00Z,0.81,33.0,54.0,15.0
2022-03-27T02:00:00Z,0.81,35.0,52.0,13.0
2022-03-27T03:00:00Z,0.72,28.0,57.0,13.0
2022-03-27T04:00:00Z,0.63,21.0,65.0,11.0
2022-03-27T05:00:00Z,0.63,14.0,63.0,12.0
2022-03-27T06:00:00Z,0.71,18.0,49.0,12.0
2022-03-27T07:00:00Z,0.74,24.0,38.0,12.0
2022-03-27T08:00:00Z,0.76,27.0,39.0,14.0
2022-03-27T09:00:00Z,0.65,20.0,56.0,13.0
2022-03-27T10:00:00Z,0.54,14.0,69.0,12.0
2022-03-27T11:00:00Z,0.46,13.0,74.0,10.0
2022-03-27T12:00:00Z,0.46,12.0,79.0,11.0
2022-03-27T13:00:00Z,0.46,12.0,85.0,11.0
2022-03-27T14:00:00Z,0.48,12.0,90.0,11.0
2022-03-27T15:00:00Z,0.48,12.0,94.0,11.0
2022-03-27T16:00:00Z,0.44,13.0,96.0,10.0
2022-03-27T17:00:00Z,0.44,14.0,97.0,10.0
2022-03-27T18:00:00Z,0.47,17.0,96.0,10.0
2022-03-27T19:00:00Z,0.48,17.0,95.0,11.0
2022-03-27T20:00:00Z,0.51,19.0,90.0,10.0
2022-03-27T21:00:00Z,0.53,25.0,80.0,12.0
2022-03-27T22:00:00Z,0.55,29.0,70.0,15.0
2022-03-27T23:00:00Z,0.5,23.0,73.0,12.0
2022-03-28T00:00:00Z,0.49,18.0,77.0,9.0
2022-03-28T01:00:00Z,0.49,16.0,76.0,9.0
2022-03-28T02:00:00Z,0.49,17.0,74.0,9.0
2022-03-28T03:00:00Z,0.48,17.0,71.0,9.0
2022-03-28T04:00:00Z,0.44,15.0,69.0,8.0
2022-03-28T05:00:00Z,0.44,14.0,68.0,8.0
2022-03-28T06:00:00Z,0.42,14.0,68.0,9.0
2022-03-28T07:00:00Z,0.44,19.0,63.0,9.0
2022-03-28T08:00:00Z,0.46,23.0,60.0,10.0
2022-03-28T09:00:00Z,0.44,18.0,70.0,10.0
2022-03-28T10:00:00Z,0.4,14.0,79.0,9.0
2022-03-28T11:00:00Z,0.4,11.0,88.0,8.0
2022-03-28T12:00:00Z,0.37,9.0,94.0,8.0
2022-03-28T13:00:00Z,0.37,8.0,102.0,8.0
2022-03-28T14:00:00Z,0.36,9.0,108.0,7.0
2022-03-28T15:00:00Z,0.37,9.0,109.0,7.0
2022-03-28T16:00:00Z,0.4,10.0,112.0,7.0
2022-03-28T17:00:00Z,0.4,11.0,113.0,8.0
2022-03-28T18:00:00Z,0.41,13.0,109.0,8.0
2022-03-28T19:00:00Z,0.41,16.0,99.0,8.0
2022-03-28T20:00:00Z,0.41,20.0,89.0,9.0
2022-03-28T21:00:00Z,0.41,22.0,89.0,8.0
2022-03-28T22:00:00Z,0.41,19.0,93.0,9.0
2022-03-28T23:00:00Z,0.4,18.0,92.0,10.0
2022-03-29T00:00:00Z,0.41,18.0,89.0,10.0
2022-03-29T01:00:00Z,0.42,16.0,79.0,10.0
2022-03-29T02:00:00Z,0.42,15.0,74.0,9.0
2022-03-29T03:00:00Z,0.45,16.0,67.0,9.0
2022-03-29T04:00:00Z,0.47,16.0,59.0,9.0
2022-03-29T05:00:00Z,0.49,18.0,53.0,8.0
2022-03-29T06:00:00Z,0.51,18.0,53.0,9.0
2022-03-29T07:00:00Z,0.55,22.0,44.0,9.0
2022-03-29T08:00:00Z,0.6,24.0,43.0,9.0
2022-03-29T09:00:00Z,0.64,21.0,51.0,10.0
2022-03-29T10:00:00Z,0.69,19.0,63.0,11.0
2022-03-29T11:00:00Z,0.7,19.0,79.0,11.0
2022-03-29T12:00:00Z,0.69,17.0,98.0,10.0
2022-03-29T13:00:00Z,0.59,12.0,114.0,10.0
2022-03-29T14:00:00Z,0.55,11.0,121.0,8.0
2022-03-29T15:00:00Z,0.54,11.0,125.0,8.0
2022-03-29T16:00:00Z,0.5,10.0,126.0,8.0
2022-03-29T17:00:00Z,0.54,13.0,126.0,9.0
2022-03-29T18:00:00Z,0.55,13.0,126.0,8.0
2022-03-29T19:00:00Z,0.56,17.0,114.0,9.0
2022-03-29T20:00:00Z,0.63,30.0,89.0,10.0
2022-03-29T21:00:00Z,0.71,47.0,60.0,10.0
2022-03-29T22:00:00Z,0.73,53.0,51.0,10.0
2022-03-29T23:00:00Z,0.7,52.0,59.0,10.0
2022-03-30T00:00:00Z,0.73,53.0,57.0,10.0
2022-03-30T01:00:00Z,0.68,45.0,63.0,10.0
2022-03-30T02:00:00Z,0.66,37.0,69.0,10.0
2022-03-30T03:00:00Z,0.66,31.0,85.0,14.0
2022-03-30T04:00:00Z,0.65,24.0,87.0,15.0
2022-03-30T05:00:00Z,0.68,26.0,71.0,13.0
2022-03-30T06:00:00Z,0.69,31.0,53.0,12.0
2022-03-30T07:00:00Z,0.72,33.0,43.0,11.0
2022-03-30T08:00:00Z,0.75,35.0,45.0,12.0
2022-03-30T09:00:00Z,0.8,33.0,65.0,14.0
2022-03-30T10:00:00Z,0.81,31.0,84.0,17.0
2022-03-30T11:00:00Z,0.89,23.0,102.0,19.0
2022-03-30T12:00:00Z,1.0,17.0,128.0,20.0
2022-03-30T13:00:00Z,1.0,14.0,146.0,19.0
2022-03-30T14:00:00Z,0.8,11.0,150.0,16.0
2022-03-30T15:00:00Z,0.79,13.0,155.0,15.0
2022-03-30T16:00:00Z,0.85,14.0,166.0,15.0
2022-03-30T17:00:00Z,0.81,16.0,158.0,13.0
2022-03-30T18:00:00Z,0.81,18.0,144.0,11.0
2022-03-30T19:00:00Z,0.82,19.0,124.0,9.0
2022-03-30T20:00:00Z,0.94,20.0,94.0,9.0
2022-03-30T21:00:00Z,1.03,21.0,71.0,9.0
2022-03-30T22:00:00Z,0.94,21.0,63.0,9.0
2022-03-30T23:00:00Z,0.8,20.0,64.0,9.0
2022-03-31T00:00:00Z,0.72,21.0,63.0,10.0
2022-03-31T01:00:00Z,0.75,21.0,55.0,10.0
2022-03-31T02:00:00Z,0.76,21.0,51.0,10.0
2022-03-31T03:00:00Z,0.76,19.0,53.0,9.0
2022-03-31T04:00:00Z,0.8,17.0,57.0,9.0
2022-03-31T05:00:00Z,0.7,15.0,61.0,8.0
2022-03-31T06:00:00Z,0.56,12.0,74.0,8.0
2022-03-31T07:00:00Z,0.55,14.0,76.0,8.0
2022-03-31T08:00:00Z,0.54,15.0,80.0,8.0
2022-03-31T09:00:00Z,0.53,14.0,82.0,8.0
2022-03-31T10:00:00Z,0.49,14.0,83.0,9.0
2022-03-31T11:00:00Z,0.49,13.0,87.0,9.0
2022-03-31T12:00:00Z,0.49,13.0,88.0,9.0
2022-03-31T13:00:00Z,0.5,13.0,87.0,9.0
2022-03-31T14:00:00Z,0.5,12.0,92.0,9.0
2022-03-31T15:00:00Z,0.53,12.0,100.0,11.0
2022-03-31T16:00:00Z,0.59,13.0,110.0,13.0
2022-03-31T17:00:00Z,0.59,13.0,112.0,16.0
2022-03-31T18:00:00Z,0.6,14.0,110.0,15.0
2022-03-31T19:00:00Z,0.57,16.0,100.0,11.0
2022-03-31T20:00:00Z,0.57,17.0,91.0,11.0
2022-03-31T21:00:00Z,0.6,18.0,84.0,10.0
2022-03-31T22:00:00Z,0.59,18.0,79.0,10.0
2022-03-31T23:00:00Z,0.59,22.0,68.0,9.0
2022-04-01T00:00:00Z,0.61,34.0,50.0,9.0
2022-04-01T01:00:00Z,0.59,33.0,44.0,9.0
2022-04-01T02:00:00Z,0.6,42.0,30.0,9.0
2022-04-01T03:00:00Z,0.6,39.0,34.0,9.0
2022-04-01T04:00:00Z,0.64,30.0,40.0,10.0
2022-04-01T05:00:00Z,0.6,24.0,46.0,11.0
2022-04-01T06:00:00Z,0.61,21.0,57.0,10.0
2022-04-01T07:00:00Z,0.6,17.0,71.0,10.0
2022-04-01T08:00:00Z,0.61,15.0,81.0,10.0
2022-04-01T09:00:00Z,0.53,11.0,89.0,9.0
2022-04-01T10:00:00Z,0.5,11.0,90.0,9.0
2022-04-01T11:00:00Z,0.5,10.0,93.0,9.0
2022-04-01T12:00:00Z,0.45,9.0,97.0,8.0
2022-04-01T13:00:00Z,0.44,8.0,104.0,8.0
2022-04-01T14:00:00Z,0.44,7.0,109.0,7.0
2022-04-01T15:00:00Z,0.41,7.0,113.0,8.0
2022-04-01T16:00:00Z,0.41,8.0,116.0,8.0
2022-04-01T17:00:00Z,0.41,8.0,117.0,8.0
2022-04-01T18:00:00Z,0.4,9.0,115.0,8.0
2022-04-01T19:00:00Z,0.41,10.0,110.0,8.0
2022-04-01T20:00:00Z,0.41,11.0,104.0,8.0
2022-04-01T21:00:00Z,0.41,12.0,100.0,9.0
2022-04-01T22:00:00Z,0.46,12.0,95.0,9.0
2022-04-01T23:00:00Z,0.48,12.0,92.0,9.0
2022-04-02T00:00:00Z,0.5,14.0,90.0,9.0
2022-04-02T01:00:00Z,0.49,13.0,86.0,9.0
2022-04-02T02:00:00Z,0.44,13.0,82.0,9.0
2022-04-02T03:00:00Z,0.44,14.0,79.0,8.0
2022-04-02T04:00:00Z,0.44,13.0,79.0,8.0
2022-04-02T05:00:00Z,0.49,13.0,79.0,9.0
2022-04-02T06:00:00Z,0.5,12.0,85.0,10.0
2022-04-02T07:00:00Z,0.49,14.0,80.0,10.0
2022-04-02T08:00:00Z,0.52,17.0,79.0,11.0
2022-04-02T09:00:00Z,0.52,16.0,88.0,12.0
2022-04-02T10:00:00Z,0.48,12.0,98.0,9.0
2022-04-02T11:00:00Z,0.45,11.0,106.0,9.0
2022-04-02T12:00:00Z,0.44,9.0,110.0,9.0
2022-04-02T13:00:00Z,0.44,9.0,117.0,8.0
2022-04-02T14:00:00Z,0.45,8.0,123.0,8.0
2022-04-02T15:00:00Z,0.46,9.0,129.0,9.0
2022-04-02T16:00:00Z,0.47,8.0,133.0,10.0
2022-04-02T17:00:00Z,0.47,10.0,133.0,9.0
2022-04-02T18:00:00Z,0.47,11.0,130.0,9.0
2022-04-02T19:00:00Z,0.46,11.0,120.0,9.0
2022-04-02T20:00:00Z,0.46,13.0,108.0,8.0
2022-04-02T21:00:00Z,0.46,15.0,100.0,10.0
2022-04-02T22:00:00Z,0.46,16.0,96.0,11.0
2022-04-02T23:00:00Z,0.46,17.0,94.0,10.0
2022-04-03T00:00:00Z,0.44,17.0,97.0,8.0
2022-04-03T01:00:00Z,0.45,15.0,97.0,8.0
2022-04-03T02:00:00Z,0.45,15.0,97.0,8.0
2022-04-03T03:00:00Z,0.45,13.0,101.0,9.0
2022-04-03T04:00:00Z,0.48,16.0,93.0,9.0
2022-04-03T05:00:00Z,0.49,19.0,80.0,9.0
2022-04-03T06:00:00Z,0.49,17.0,80.0,9.0
2022-04-03T07:00:00Z,0.51,19.0,75.0,9.0
2022-04-03T08:00:00Z,0.52,19.0,84.0,10.0
2022-04-03T09:00:00Z,0.54,17.0,97.0,12.0
2022-04-03T10:00:00Z,0.55,16.0,106.0,13.0
2022-04-03T11:00:00Z,0.55,13.0,120.0,13.0
2022-04-03T12:00:00Z,0.54,10.0,134.0,11.0
2022-04-03T13:00:00Z,0.54,9.0,139.0,9.0
2022-04-03T14:00:00Z,0.54,8.0,142.0,9.0
2022-04-03T15:00:00Z,0.53,9.0,144.0,8.0
2022-04-03T16:00:00Z,0.53,9.0,147.0,8.0
2022-04-03T17:00:00Z,0.53,9.0,148.0,8.0
2022-04-03T18:00:00Z,0.53,10.0,144.0,7.0
2022-04-03T19:00:00Z,0.54,11.0,136.0,7.0
2022-04-03T20:00:00Z,0.57,13.0,129.0,8.0
2022-04-03T21:00:00Z,0.57,14.0,124.0,8.0
2022-04-03T22:00:00Z,0.56,14.0,126.0,9.0
2022-04-03T23:00:00Z,0.56,14.0,127.0,9.0
2022-04-04T00:00:00Z,0.56,16.0,123.0,9.0
2022-04-04T01:00:00Z,0.56,14.0,125.0,9.0
2022-04-04T02:00:00Z,0.57,13.0,126.0,9.0
2022-04-04T03:00:00Z,0.61,13.0,125.0,9.0
2022-04-04T04:00:00Z,0.6,13.0,119.0,9.0
2022-04-04T05:00:00Z,0.63,13.0,109.0,9.0
2022-04-04T06:00:00Z,0.66,14.0,99.0,9.0
2022-04-04T07:00:00Z,0.65,16.0,90.0,9.0
2022-04-04T08:00:00Z,0.75,18.0,86.0,10.0
2022-04-04T09:00:00Z,0.72,17.0,97.0,11.0
2022-04-04T10:00:00Z,0.69,15.0,114.0,11.0
2022-04-04T11:00:00Z,0.63,12.0,138.0,9.0
2022-04-04T12:00:00Z,0.57,11.0,151.0,9.0
2022-04-04T13:00:00Z,0.56,10.0,151.0,8.0
2022-04-04T14:00:00Z,0.56,10.0,151.0,8.0
2022-04-04T15:00:00Z,0.56,10.0,152.0,8.0
2022-04-04T16:00:00Z,0.54,10.0,152.0,8.0
2022-04-04T17:00:00Z,0.53,10.0,150.0,8.0
2022-04-04T18:00:00Z,0.54,10.0,148.0,8.0
2022-04-04T19:00:00Z,0.54,12.0,141.0,8.0
2022-04-04T20:00:00Z,0.54,14.0,132.0,8.0
2022-04-04T21:00:00Z,0.54,15.0,127.0,8.0
2022-04-04T22:00:00Z,0.55,15.0,129.0,9.0
2022-04-04T23:00:00Z,0.59,15.0,132.0,9.0
2022-04-05T00:00:00Z,0.64,16.0,129.0,9.0
2022-04-05T01:00:00Z,0.65,16.0,120.0,9.0
2022-04-05T02:00:00Z,0.61,16.0,110.0,9.0
2022-04-05T03:00:00Z,0.61,16.0,102.0,9.0
2022-04-05T04:00:00Z,0.63,17.0,96.0,11.0
2022-04-05T05:00:00Z,0.64,18.0,89.0,12.0
2022-04-05T06:00:00Z,0.66,20.0,83.0,13.0
2022-04-05T07:00:00Z,0.71,22.0,82.0,15.0
2022-04-05T08:00:00Z,0.75,23.0,82.0,15.0
2022-04-05T09:00:00Z,0.75,21.0,91.0,17.0
2022-04-05T10:00:00Z,0.75,19.0,103.0,17.0
2022-04-05T11:00:00Z,0.76,17.0,118.0,16.0
2022-04-05T12:00:00Z,0.7,14.0,128.0,14.0
2022-04-05T13:00:00Z,0.66,11.0,135.0,14.0
2022-04-05T14:00:00Z,0.64,10.0,140.0,13.0
2022-04-05T15:00:00Z,0.64,9.0,141.0,12.0
2022-04-05T16:00:00Z,0.62,8.0,138.0,11.0
2022-04-05T17:00:00Z,0.59,8.0,132.0,11.0
2022-04-05T18:00:00Z,0.55,8.0,124.0,10.0
2022-04-05T19:00:00Z,0.55,9.0,112.0,10.0
2022-04-05T20:00:00Z,0.6,12.0,96.0,11.0
2022-04-05T21:00:00Z,0.6,16.0,81.0,10.0
2022-04-05T22:00:00Z,0.63,17.0,76.0,11.0
2022-04-05T23:00:00Z,0.63,17.0,69.0,10.0
2022-04-06T00:00:00Z,0.65,23.0,55.0,10.0
2022-04-06T01:00:00Z,0.64,23.0,42.0,9.0
2022-04-06T02:00:00Z,0.64,32.0,30.0,9.0
2022-04-06T03:00:00Z,0.59,33.0,26.0,9.0
2022-04-06T04:00:00Z,0.57,28.0,34.0,8.0
2022-04-06T05:00:00Z,0.59,23.0,36.0,8.0
2022-04-06T06:00:00Z,0.6,22.0,35.0,8.0
2022-04-06T07:00:00Z,0.61,27.0,30.0,9.0
2022-04-06T08:00:00Z,0.63,23.0,48.0,10.0
2022-04-06T09:00:00Z,0.66,19.0,73.0,12.0
2022-04-06T10:00:00Z,0.73,17.0,91.0,14.0
2022-04-06T11:00:00Z,0.68,13.0,106.0,14.0
2022-04-06T12:00:00Z,0.64,10.0,123.0,13.0
2022-04-06T13:00:00Z,0.63,8.0,135.0,12.0
2022-04-06T14:00:00Z,0.58,6.0,139.0,11.0
2022-04-06T15:00:00Z,0.57,6.0,142.0,10.0
2022-04-06T16:00:00Z,0.59,6.0,139.0,10.0
2022-04-06T17:00:00Z,0.6,7.0,137.0,10.0
2022-04-06T18:00:00Z,0.72,12.0,114.0,10.0
2022-04-06T19:00:00Z,0.71,13.0,92.0,9.0
2022-04-06T20:00:00Z,0.68,12.0,87.0,8.0
2022-04-06T21:00:00Z,0.68,13.0,82.0,8.0
2022-04-06T22:00:00Z,0.68,13.0,79.0,8.0
2022-04-06T23:00:00Z,0.68,13.0,76.0,8.0
2022-04-07T00:00:00Z,0.64,14.0,73.0,8.0
2022-04-07T01:00:00Z,0.66,12.0,75.0,7.0
2022-04-07T02:00:00Z,0.64,11.0,80.0,7.0
2022-04-07T03:00:00Z,0.58,10.0,83.0,6.0
2022-04-07T04:00:00Z,0.58,9.0,83.0,6.0
2022-04-07T05:00:00Z,0.56,9.0,83.0,6.0
2022-04-07T06:00:00Z,0.56,10.0,79.0,6.0
2022-04-07T07:00:00Z,0.55,10.0,77.0,6.0
2022-04-07T08:00:00Z,0.58,11.0,73.0,6.0
2022-04-07T09:00:00Z,0.61,12.0,73.0,6.0
2022-04-07T10:00:00Z,0.62,12.0,73.0,7.0
2022-04-07T11:00:00Z,0.65,13.0,79.0,7.0
2022-04-07T12:00:00Z,0.68,12.0,95.0,7.0
2022-04-07T13:00:00Z,0.69,11.0,113.0,7.0
2022-04-07T14:00:00Z,0.7,10.0,126.0,8.0
2022-04-07T15:00:00Z,0.7,10.0,138.0,8.0
2022-04-07T16:00:00Z,0.72,10.0,142.0,8.0
2022-04-07T17:00:00Z,0.75,10.0,136.0,8.0
2022-04-07T18:00:00Z,0.76,10.0,123.0,9.0
2022-04-07T19:00:00Z,0.81,9.0,104.0,9.0
2022-04-07T20:00:00Z,0.79,10.0,79.0,8.0
2022-04-07T21:00:00Z,0.73,11.0,70.0,8.0
2022-04-07T22:00:00Z,0.74,12.0,67.0,8.0
2022-04-07T23:00:00Z,0.74,13.0,64.0,8.0
2022-04-08T00:00:00Z,0.75,18.0,56.0,8.0
2022-04-08T01:00:00Z,0.75,16.0,54.0,8.0
2022-04-08T02:00:00Z,0.75,18.0,45.0,8.0
2022-04-08T03:00:00Z,0.75,21.0,36.0,7.0
2022-04-08T04:00:00Z,0.74,22.0,37.0,7.0
2022-04-08T05:00:00Z,0.76,19.0,43.0,7.0
2022-04-08T06:00:00Z,0.79,17.0,43.0,7.0
2022-04-08T07:00:00Z,0.81,15.0,41.0,7.0
2022-04-08T08:00:00Z,0.78,12.0,44.0,7.0
2022-04-08T09:00:00Z,0.79,12.0,50.0,7.0
2022-04-08T10:00:00Z,0.8,11.0,59.0,7.0
2022-04-08T11:00:00Z,0.83,10.0,75.0,7.0
2022-04-08T12:00:00Z,0.81,9.0,107.0,9.0
2022-04-08T13:00:00Z,0.75,8.0,138.0,10.0
2022-04-08T14:00:00Z,0.72,7.0,159.0,11.0
2022-04-08T15:00:00Z,0.64,6.0,163.0,11.0
2022-04-08T16:00:00Z,0.55,6.0,157.0,10.0
2022-04-08T17:00:00Z,0.55,6.0,156.0,10.0
2022-04-08T18:00:00Z,0.53,8.0,152.0,9.0
2022-04-08T19:00:00Z,0.55,9.0,141.0,10.0
2022-04-08T20:00:00Z,0.57,11.0,131.0,11.0
2022-04-08T21:00:00Z,0.56,13.0,120.0,11.0
2022-04-08T22:00:00Z,0.56,14.0,111.0,13.0
2022-04-08T23:00:00Z,0.59,15.0,109.0,14.0
2022-04-09T00:00:00Z,0.57,17.0,103.0,15.0
2022-04-09T01:00:00Z,0.55,15.0,99.0,14.0
2022-04-09T02:00:00Z,0.54,16.0,94.0,14.0
2022-04-09T03:00:00Z,0.56,16.0,91.0,13.0
2022-04-09T04:00:00Z,0.57,16.0,82.0,13.0
2022-04-09T05:00:00Z,0.59,17.0,80.0,14.0
2022-04-09T06:00:00Z,0.6,17.0,77.0,14.0
2022-04-09T07:00:00Z,0.65,17.0,80.0,14.0
2022-04-09T08:00:00Z,0.62,17.0,87.0,14.0
2022-04-09T09:00:00Z,0.61,15.0,103.0,15.0
2022-04-09T10:00:00Z,0.61,13.0,123.0,13.0
2022-04-09T11:00:00Z,0.61,10.0,142.0,11.0
2022-04-09T12:00:00Z,0.56,9.0,149.0,11.0
2022-04-09T13:00:00Z,0.56,9.0,154.0,12.0
2022-04-09T14:00:00Z,0.58,8.0,157.0,12.0
2022-04-09T15:00:00Z,0.56,8.0,156.0,11.0
2022-04-09T16:00:00Z,0.53,7.0,156.0,11.0
2022-04-09T17:00:00Z,0.55,8.0,154.0,10.0
2022-04-09T18:00:00Z,0.55,8.0,151.0,10.0
2022-04-09T19:00:00Z,0.54,8.0,148.0,11.0
2022-04-09T20:00:00Z,0.54,11.0,137.0,11.0
2022-04-09T21:00:00Z,0.55,12.0,128.0,12.0
2022-04-09T22:00:00Z,0.59,13.0,126.0,13.0
2022-04-09T23:00:00Z,0.63,13.0,120.0,12.0
2022-04-10T00:00:00Z,0.61,13.0,123.0,12.0
2022-04-10T01:00:00Z,0.6,12.0,124.0,11.0
2022-04-10T02:00:00Z,0.61,13.0,115.0,12.0
2022-04-10T03:00:00Z,0.59,14.0,105.0,12.0
2022-04-10T04:00:00Z,0.65,14.0,98.0,13.0
2022-04-10T05:00:00Z,0.61,15.0,96.0,12.0
2022-04-10T06:00:00Z,0.6,16.0,90.0,12.0
2022-04-10T07:00:00Z,0.64,18.0,89.0,12.0
2022-04-10T08:00:00Z,0.69,19.0,90.0,14.0
2022-04-10T09:00:00Z,0.67,17.0,100.0,15.0
2022-04-10T10:00:00Z,0.72,15.0,114.0,15.0
2022-04-10T12:00:00Z,0.64,10.0,149.0,14.0
2022-04-10T13:00:00Z,0.63,8.0,165.0,13.0
2022-04-10T14:00:00Z,0.61,8.0,170.0,13.0
2022-04-10T15:00:00Z,0.6,8.0,171.0,12.0
2022-04-10T16:00:00Z,0.57,7.0,167.0,12.0
2022-04-10T17:00:00Z,0.57,7.0,164.0,12.0
2022-04-10T18:00:00Z,0.57,7.0,157.0,12.0
2022-04-10T19:00:00Z,0.61,9.0,146.0,12.0
2022-04-10T20:00:00Z,0.61,11.0,134.0,14.0
2022-04-10T21:00:00Z,0.62,12.0,129.0,13.0
2022-04-10T22:00:00Z,0.6,11.0,128.0,12.0
2022-04-10T23:00:00Z,0.6,11.0,123.0,11.0
2022-04-11T00:00:00Z,0.64,14.0,121.0,13.0
2022-04-11T01:00:00Z,0.64,14.0,120.0,15.0
2022-04-11T02:00:00Z,0.64,14.0,114.0,15.0
2022-04-11T03:00:00Z,0.66,14.0,106.0,15.0
2022-04-11T04:00:00Z,0.68,16.0,97.0,15.0
2022-04-11T05:00:00Z,0.71,17.0,89.0,15.0
2022-04-11T06:00:00Z,0.71,18.0,81.0,15.0
2022-04-11T07:00:00Z,0.71,19.0,79.0,15.0
2022-04-11T08:00:00Z,0.72,19.0,84.0,18.0
2022-04-11T09:00:00Z,0.78,18.0,102.0,20.0
2022-04-11T10:00:00Z,0.76,18.0,133.0,18.0
2022-04-11T11:00:00Z,0.76,12.0,168.0,16.0
2022-04-11T12:00:00Z,0.75,9.0,180.0,15.0
2022-04-11T13:00:00Z,0.76,8.0,186.0,14.0
2022-04-11T14:00:00Z,0.74,6.0,186.0,13.0
2022-04-11T15:00:00Z,0.69,6.0,181.0,12.0
2022-04-11T16:00:00Z,0.66,7.0,176.0,12.0
2022-04-11T17:00:00Z,0.68,6.0,173.0,11.0
2022-04-11T18:00:00Z,0.68,6.0,166.0,11.0
2022-04-11T19:00:00Z,0.69,7.0,156.0,12.0
2022-04-11T20:00:00Z,0.71,9.0,144.0,12.0
2022-04-11T21:00:00Z,0.71,11.0,134.0,12.0
2022-04-11T22:00:00Z,0.74,13.0,127.0,11.0
2022-04-11T23:00:00Z,0.78,13.0,123.0,12.0
2022-04-12T00:00:00Z,0.75,14.0,115.0,12.0
2022-04-12T01:00:00Z,0.74,14.0,106.0,12.0
2022-04-12T02:00:00Z,0.71,15.0,102.0,13.0
2022-04-12T03:00:00Z,0.71,17.0,92.0,12.0
2022-04-12T04:00:00Z,0.71,15.0,94.0,13.0
2022-04-12T05:00:00Z,0.74,16.0,86.0,13.0
2022-04-12T06:00:00Z,0.73,14.0,78.0,13.0
2022-04-12T07:00:00Z,0.79,12.0,67.0,10.0
2022-04-12T08:00:00Z,0.94,11.0,82.0,10.0
2022-04-12T09:00:00Z,0.86,11.0,102.0,9.0
2022-04-12T10:00:00Z,0.71,11.0,109.0,9.0
2022-04-12T11:00:00Z,0.6,9.0,99.0,8.0
2022-04-12T12:00:00Z,0.53,8.0,100.0,8.0
2022-04-12T13:00:00Z,0.47,9.0,96.0,7.0
2022-04-12T14:00:00Z,0.47,10.0,92.0,8.0
2022-04-12T15:00:00Z,0.46,12.0,89.0,9.0
2022-04-12T16:00:00Z,0.45,11.0,90.0,8.0
2022-04-12T17:00:00Z,0.42,11.0,90.0,7.0
2022-04-12T18:00:00Z,0.47,13.0,83.0,7.0
2022-04-12T19:00:00Z,0.49,15.0,77.0,7.0
2022-04-12T20:00:00Z,0.49,15.0,72.0,7.0
2022-04-12T21:00:00Z,0.49,15.0,70.0,7.0
2022-04-12T22:00:00Z,0.44,12.0,76.0,7.0
2022-04-12T23:00:00Z,0.42,12.0,79.0,7.0
2022-04-13T00:00:00Z,0.4,12.0,83.0,8.0
2022-04-13T01:00:00Z,0.4,12.0,81.0,8.0
2022-04-13T02:00:00Z,0.4,12.0,79.0,8.0
2022-04-13T03:00:00Z,0.41,12.0,77.0,7.0
2022-04-13T04:00:00Z,0.41,12.0,78.0,8.0
2022-04-13T05:00:00Z,0.41,12.0,79.0,8.0
2022-04-13T06:00:00Z,0.41,13.0,76.0,8.0
2022-04-13T07:00:00Z,0.46,15.0,75.0,9.0
2022-04-13T08:00:00Z,0.5,16.0,76.0,9.0
2022-04-13T09:00:00Z,0.54,16.0,77.0,9.0
2022-04-13T10:00:00Z,0.53,17.0,78.0,9.0
2022-04-13T11:00:00Z,0.57,15.0,83.0,10.0
2022-04-13T12:00:00Z,0.6,13.0,87.0,10.0
2022-04-13T13:00:00Z,0.57,12.0,94.0,10.0
2022-04-13T14:00:00Z,0.57,12.0,99.0,11.0
2022-04-13T15:00:00Z,0.57,13.0,101.0,11.0
2022-04-13T16:00:00Z,0.57,13.0,103.0,11.0
2022-04-13T17:00:00Z,0.56,14.0,107.0,11.0
2022-04-13T18:00:00Z,0.5,17.0,107.0,11.0
2022-04-13T19:00:00Z,0.54,20.0,103.0,11.0
2022-04-13T20:00:00Z,0.7,24.0,89.0,11.0
2022-04-13T21:00:00Z,0.79,29.0,74.0,11.0
2022-04-13T22:00:00Z,0.76,33.0,64.0,11.0
2022-04-13T23:00:00Z,0.69,33.0,53.0,10.0
2022-04-14T00:00:00Z,0.59,26.0,59.0,9.0
2022-04-14T01:00:00Z,0.59,20.0,61.0,9.0
2022-04-14T02:00:00Z,0.57,21.0,55.0,9.0
2022-04-14T03:00:00Z,0.6,23.0,43.0,9.0
2022-04-14T04:00:00Z,0.61,27.0,45.0,9.0
2022-04-14T05:00:00Z,0.64,39.0,29.0,9.0
2022-04-14T06:00:00Z,0.62,38.0,38.0,10.0
2022-04-14T07:00:00Z,0.65,34.0,45.0,11.0
2022-04-14T08:00:00Z,0.67,30.0,58.0,11.0
2022-04-14T09:00:00Z,0.64,26.0,71.0,13.0
2022-04-14T10:00:00Z,0.54,19.0,87.0,10.0
2022-04-14T11:00:00Z,0.5,16.0,95.0,9.0
2022-04-14T12:00:00Z,0.49,13.0,102.0,8.0
2022-04-14T13:00:00Z,0.51,13.0,104.0,8.0
2022-04-14T14:00:00Z,0.5,11.0,108.0,9.0
2022-04-14T15:00:00Z,0.53,13.0,114.0,10.0
2022-04-14T16:00:00Z,0.56,14.0,118.0,11.0
2022-04-14T17:00:00Z,0.6,16.0,117.0,11.0
2022-04-14T18:00:00Z,0.61,19.0,116.0,13.0
2022-04-14T19:00:00Z,0.65,22.0,100.0,14.0
2022-04-14T20:00:00Z,0.7,23.0,79.0,12.0
2022-04-14T21:00:00Z,0.75,28.0,60.0,12.0
2022-04-14T22:00:00Z,0.74,35.0,49.0,12.0
2022-04-14T23:00:00Z,0.7,37.0,53.0,12.0
2022-04-15T00:00:00Z,0.61,26.0,74.0,10.0
2022-04-15T01:00:00Z,0.56,18.0,83.0,9.0
2022-04-15T02:00:00Z,0.57,17.0,90.0,10.0
2022-04-15T03:00:00Z,0.57,19.0,88.0,11.0
2022-04-15T04:00:00Z,0.61,22.0,86.0,14.0
2022-04-15T05:00:00Z,0.63,25.0,81.0,15.0
2022-04-15T06:00:00Z,0.67,29.0,73.0,15.0
2022-04-15T07:00:00Z,0.71,37.0,69.0,16.0
2022-04-15T08:00:00Z,0.78,38.0,72.0,19.0
2022-04-15T09:00:00Z,0.8,27.0,87.0,24.0
2022-04-15T10:00:00Z,0.66,17.0,95.0,16.0
2022-04-15T11:00:00Z,0.55,12.0,102.0,11.0
2022-04-15T12:00:00Z,0.53,10.0,116.0,9.0
2022-04-15T13:00:00Z,0.54,10.0,127.0,9.0
2022-04-15T14:00:00Z,0.54,11.0,135.0,10.0
2022-04-15T15:00:00Z,0.54,11.0,139.0,10.0
2022-04-15T16:00:00Z,0.53,11.0,142.0,9.0
2022-04-15T17:00:00Z,0.53,11.0,142.0,9.0
2022-04-15T18:00:00Z,0.51,13.0,138.0,9.0
2022-04-15T19:00:00Z,0.54,14.0,131.0,9.0
2022-04-15T20:00:00Z,0.56,16.0,125.0,9.0
2022-04-15T21:00:00Z,0.61,18.0,114.0,9.0
2022-04-15T22:00:00Z,0.61,20.0,107.0,9.0
2022-04-15T23:00:00Z,0.64,24.0,98.0,9.0
2022-04-16T00:00:00Z,0.6,20.0,102.0,10.0
2022-04-16T01:00:00Z,0.56,18.0,97.0,9.0
2022-04-16T02:00:00Z,0.6,17.0,96.0,9.0
2022-04-16T03:00:00Z,0.57,15.0,97.0,9.0
2022-04-16T04:00:00Z,0.54,15.0,94.0,9.0
2022-04-16T05:00:00Z,0.53,17.0,87.0,10.0
2022-04-16T06:00:00Z,0.57,21.0,78.0,10.0
2022-04-16T07:00:00Z,0.61,26.0,74.0,12.0
2022-04-16T08:00:00Z,0.59,24.0,85.0,12.0
2022-04-16T09:00:00Z,0.55,17.0,100.0,11.0
2022-04-16T10:00:00Z,0.47,11.0,110.0,9.0
2022-04-16T11:00:00Z,0.5,10.0,114.0,9.0
2022-04-16T12:00:00Z,0.5,9.0,121.0,10.0
2022-04-16T13:00:00Z,0.51,8.0,129.0,10.0
2022-04-16T14:00:00Z,0.6,7.0,134.0,9.0
2022-04-16T15:00:00Z,0.55,7.0,133.0,9.0
2022-04-16T16:00:00Z,0.54,8.0,134.0,9.0
2022-04-16T17:00:00Z,0.56,10.0,133.0,9.0
2022-04-16T18:00:00Z,0.53,10.0,130.0,9.0
2022-04-16T19:00:00Z,0.53,12.0,122.0,8.0
2022-04-16T20:00:00Z,0.54,15.0,111.0,8.0
2022-04-16T21:00:00Z,0.53,15.0,107.0,8.0
2022-04-16T22:00:00Z,0.53,16.0,102.0,8.0
2022-04-16T23:00:00Z,0.51,18.0,99.0,9.0
2022-04-17T00:00:00Z,0.51,18.0,97.0,9.0
2022-04-17T01:00:00Z,0.51,21.0,90.0,9.0
2022-04-17T02:00:00Z,0.51,22.0,88.0,9.0
2022-04-17T03:00:00Z,0.51,23.0,89.0,9.0
2022-04-17T04:00:00Z,0.51,27.0,75.0,9.0
2022-04-17T05:00:00Z,0.51,34.0,60.0,9.0
2022-04-17T06:00:00Z,0.57,34.0,56.0,9.0
2022-04-17T07:00:00Z,0.61,33.0,62.0,13.0
2022-04-17T08:00:00Z,0.56,26.0,90.0,13.0
2022-04-17T09:00:00Z,0.53,23.0,105.0,11.0
2022-04-17T10:00:00Z,0.51,15.0,121.0,9.0
2022-04-17T11:00:00Z,0.49,11.0,130.0,8.0
2022-04-17T12:00:00Z,0.46,9.0,132.0,7.0
2022-04-17T13:00:00Z,0.44,8.0,133.0,7.0
2022-04-17T14:00:00Z,0.45,8.0,133.0,7.0
2022-04-17T15:00:00Z,0.46,8.0,136.0,7.0
2022-04-17T16:00:00Z,0.5,9.0,141.0,8.0
2022-04-17T17:00:00Z,0.51,10.0,146.0,8.0
2022-04-17T18:00:00Z,0.56,10.0,148.0,8.0
2022-04-17T19:00:00Z,0.56,13.0,145.0,8.0
2022-04-17T20:00:00Z,0.59,16.0,137.0,9.0
2022-04-17T21:00:00Z,0.6,18.0,134.0,10.0
2022-04-17T22:00:00Z,0.6,20.0,128.0,10.0
2022-04-17T23:00:00Z,0.6,20.0,122.0,9.0
2022-04-18T00:00:00Z,0.63,19.0,118.0,10.0
2022-04-18T01:00:00Z,0.64,20.0,110.0,9.0
2022-04-18T02:00:00Z,0.62,19.0,107.0,10.0
2022-04-18T03:00:00Z,0.65,20.0,100.0,10.0
2022-04-18T04:00:00Z,0.65,22.0,90.0,10.0
2022-04-18T05:00:00Z,0.67,26.0,82.0,12.0
2022-04-18T06:00:00Z,0.69,27.0,79.0,13.0
2022-04-18T07:00:00Z,0.74,29.0,78.0,14.0
2022-04-18T08:00:00Z,0.76,29.0,83.0,15.0
2022-04-18T09:00:00Z,0.8,27.0,92.0,16.0
2022-04-18T10:00:00Z,0.78,25.0,100.0,15.0
2022-04-18T11:00:00Z,0.63,15.0,117.0,12.0
2022-04-18T12:00:00Z,0.55,10.0,129.0,10.0
2022-04-18T13:00:00Z,0.54,8.0,135.0,9.0
2022-04-18T14:00:00Z,0.54,8.0,139.0,9.0
2022-04-18T15:00:00Z,0.55,9.0,139.0,9.0
2022-04-18T16:00:00Z,0.6,11.0,133.0,8.0
2022-04-18T17:00:00Z,0.6,10.0,131.0,8.0
2022-04-18T18:00:00Z,0.67,10.0,132.0,9.0
2022-04-18T19:00:00Z,0.64,11.0,136.0,8.0
2022-04-18T20:00:00Z,0.69,17.0,113.0,7.0
2022-04-18T21:00:00Z,0.69,26.0,91.0,7.0
2022-04-18T22:00:00Z,0.65,27.0,82.0,7.0
2022-04-18T23:00:00Z,0.64,22.0,81.0,7.0
2022-04-19T00:00:00Z,0.63,20.0,81.0,7.0
2022-04-19T01:00:00Z,0.6,18.0,83.0,7.0
2022-04-19T02:00:00Z,0.56,14.0,82.0,7.0
2022-04-19T03:00:00Z,0.57,14.0,73.0,7.0
2022-04-19T04:00:00Z,0.59,18.0,59.0,7.0
2022-04-19T05:00:00Z,0.64,25.0,47.0,7.0
2022-04-19T06:00:00Z,0.7,26.0,40.0,7.0
2022-04-19T07:00:00Z,0.74,28.0,39.0,8.0
2022-04-19T08:00:00Z,0.79,33.0,49.0,11.0
2022-04-19T09:00:00Z,0.76,29.0,74.0,12.0
2022-04-19T10:00:00Z,0.75,22.0,103.0,12.0
2022-04-19T11:00:00Z,0.71,19.0,125.0,12.0
2022-04-19T12:00:00Z,0.65,14.0,150.0,11.0
2022-04-19T13:00:00Z,0.66,11.0,168.0,10.0
2022-04-19T14:00:00Z,0.62,11.0,173.0,9.0
2022-04-19T15:00:00Z,0.62,11.0,171.0,9.0
2022-04-19T16:00:00Z,0.63,12.0,168.0,9.0
2022-04-19T17:00:00Z,0.63,14.0,163.0,8.0
2022-04-19T18:00:00Z,0.65,14.0,158.0,8.0
2022-04-19T19:00:00Z,0.65,16.0,147.0,8.0
2022-04-19T20:00:00Z,0.7,19.0,136.0,8.0
2022-04-19T21:00:00Z,0.72,26.0,113.0,9.0
2022-04-19T22:00:00Z,0.71,26.0,106.0,9.0
2022-04-19T23:00:00Z,0.72,25.0,104.0,9.0
2022-04-20T00:00:00Z,0.7,25.0,96.0,10.0
2022-04-20T01:00:00Z,0.72,25.0,90.0,10.0
2022-04-20T02:00:00Z,0.74,27.0,84.0,10.0
2022-04-20T03:00:00Z,0.77,34.0,68.0,12.0
2022-04-20T04:00:00Z,0.77,34.0,62.0,11.0
2022-04-20T05:00:00Z,0.79,28.0,71.0,12.0
2022-04-20T06:00:00Z,0.79,25.0,74.0,14.0
2022-04-20T07:00:00Z,0.81,26.0,75.0,16.0
2022-04-20T08:00:00Z,0.84,30.0,77.0,18.0
2022-04-20T09:00:00Z,0.84,28.0,94.0,19.0
2022-04-20T10:00:00Z,0.77,20.0,120.0,17.0
2022-04-20T11:00:00Z,0.71,16.0,135.0,14.0
2022-04-20T12:00:00Z,0.75,14.0,137.0,13.0
2022-04-20T13:00:00Z,0.71,13.0,146.0,13.0
2022-04-20T14:00:00Z,0.7,11.0,146.0,12.0
2022-04-20T15:00:00Z,0.69,11.0,142.0,12.0
2022-04-20T16:00:00Z,0.65,11.0,139.0,11.0
2022-04-20T17:00:00Z,0.63,11.0,134.0,11.0
2022-04-20T18:00:00Z,0.63,11.0,132.0,11.0
2022-04-20T19:00:00Z,0.64,13.0,126.0,10.0
2022-04-20T20:00:00Z,0.64,19.0,113.0,10.0
2022-04-20T21:00:00Z,0.66,24.0,102.0,11.0
2022-04-20T22:00:00Z,0.64,23.0,100.0,11.0
2022-04-20T23:00:00Z,0.65,23.0,95.0,11.0
2022-04-21T00:00:00Z,0.65,22.0,94.0,11.0
2022-04-21T01:00:00Z,0.59,20.0,90.0,11.0
2022-04-21T02:00:00Z,0.55,16.0,89.0,10.0
2022-04-21T03:00:00Z,0.51,13.0,94.0,11.0
2022-04-21T04:00:00Z,0.56,15.0,90.0,12.0
2022-04-21T05:00:00Z,0.57,13.0,90.0,11.0
2022-04-21T06:00:00Z,0.64,14.0,88.0,11.0
2022-04-21T07:00:00Z,0.66,20.0,78.0,11.0
2022-04-21T08:00:00Z,0.71,19.0,86.0,12.0
2022-04-21T09:00:00Z,0.65,15.0,101.0,11.0
2022-04-21T10:00:00Z,0.63,13.0,114.0,10.0
2022-04-21T11:00:00Z,0.59,9.0,123.0,9.0
2022-04-21T12:00:00Z,0.57,9.0,129.0,9.0
2022-04-21T13:00:00Z,0.56,7.0,135.0,9.0
2022-04-21T14:00:00Z,0.57,7.0,138.0,9.0
2022-04-21T15:00:00Z,0.57,7.0,140.0,9.0
2022-04-21T16:00:00Z,0.6,8.0,142.0,9.0
2022-04-21T17:00:00Z,0.6,7.0,140.0,9.0
2022-04-21T18:00:00Z,0.61,9.0,138.0,9.0
2022-04-21T19:00:00Z,0.65,11.0,134.0,9.0
2022-04-21T20:00:00Z,0.69,15.0,117.0,9.0
2022-04-21T21:00:00Z,0.7,17.0,108.0,10.0
2022-04-21T22:00:00Z,0.69,19.0,98.0,10.0
2022-04-21T23:00:00Z,0.7,18.0,96.0,11.0
2022-04-22T00:00:00Z,0.71,18.0,93.0,12.0
2022-04-22T01:00:00Z,0.7,19.0,86.0,12.0
2022-04-22T02:00:00Z,0.73,22.0,77.0,12.0
2022-04-22T03:00:00Z,0.74,28.0,61.0,12.0
2022-04-22T04:00:00Z,0.72,27.0,59.0,11.0
2022-04-22T05:00:00Z,0.76,31.0,51.0,11.0
2022-04-22T06:00:00Z,0.79,26.0,59.0,11.0
2022-04-22T07:00:00Z,0.82,26.0,62.0,13.0
2022-04-22T08:00:00Z,0.86,28.0,73.0,15.0
2022-04-22T09:00:00Z,0.81,26.0,93.0,15.0
2022-04-22T10:00:00Z,0.72,15.0,116.0,13.0
2022-04-22T11:00:00Z,0.66,11.0,131.0,13.0
2022-04-22T12:00:00Z,0.64,10.0,148.0,13.0
2022-04-22T13:00:00Z,0.66,9.0,165.0,13.0
2022-04-22T14:00:00Z,0.71,10.0,174.0,13.0
2022-04-22T15:00:00Z,0.74,10.0,175.0,12.0
2022-04-22T16:00:00Z,0.76,12.0,179.0,11.0
2022-04-22T17:00:00Z,0.76,15.0,187.0,11.0
2022-04-22T18:00:00Z,0.75,16.0,171.0,10.0
2022-04-22T19:00:00Z,0.7,17.0,149.0,10.0
2022-04-22T20:00:00Z,0.67,19.0,128.0,8.0
2022-04-22T21:00:00Z,0.8,17.0,137.0,9.0
2022-04-22T22:00:00Z,0.79,18.0,134.0,9.0
2022-04-22T23:00:00Z,0.69,15.0,128.0,9.0
2022-04-23T00:00:00Z,0.64,14.0,122.0,8.0
2022-04-23T01:00:00Z,0.62,14.0,115.0,8.0
2022-04-23T02:00:00Z,0.64,15.0,105.0,8.0
2022-04-23T03:00:00Z,0.67,16.0,98.0,9.0
2022-04-23T04:00:00Z,0.65,15.0,94.0,9.0
2022-04-23T05:00:00Z,0.66,15.0,89.0,9.0
2022-04-23T06:00:00Z,0.69,18.0,80.0,9.0
2022-04-23T07:00:00Z,0.66,20.0,77.0,10.0
2022-04-23T08:00:00Z,0.67,20.0,79.0,10.0
2022-04-23T09:00:00Z,0.66,17.0,90.0,10.0
2022-04-23T10:00:00Z,0.65,15.0,100.0,9.0
2022-04-23T11:00:00Z,0.63,14.0,111.0,10.0
2022-04-23T12:00:00Z,0.65,12.0,127.0,10.0
2022-04-23T13:00:00Z,0.63,10.0,140.0,10.0
2022-04-23T14:00:00Z,0.64,8.0,148.0,10.0
2022-04-23T15:00:00Z,0.66,8.0,153.0,10.0
2022-04-23T16:00:00Z,0.67,8.0,157.0,10.0
2022-04-23T17:00:00Z,0.69,8.0,155.0,10.0
2022-04-23T18:00:00Z,0.7,9.0,149.0,9.0
2022-04-23T19:00:00Z,0.74,10.0,142.0,9.0
2022-04-23T20:00:00Z,0.75,12.0,135.0,9.0
2022-04-23T21:00:00Z,0.8,15.0,124.0,9.0
2022-04-23T22:00:00Z,0.79,15.0,117.0,9.0
2022-04-23T23:00:00Z,0.8,14.0,114.0,10.0
2022-04-24T00:00:00Z,0.8,13.0,113.0,10.0
2022-04-24T01:00:00Z,0.79,11.0,113.0,10.0
2022-04-24T02:00:00Z,0.79,11.0,107.0,10.0
2022-04-24T03:00:00Z,0.81,13.0,100.0,10.0
2022-04-24T04:00:00Z,0.81,12.0,93.0,10.0
2022-04-24T05:00:00Z,0.82,14.0,81.0,11.0
2022-04-24T06:00:00Z,0.82,15.0,73.0,11.0
2022-04-24T07:00:00Z,0.86,18.0,67.0,12.0
2022-04-24T08:00:00Z,0.84,18.0,77.0,15.0
2022-04-24T09:00:00Z,0.8,15.0,88.0,15.0
2022-04-24T10:00:00Z,0.78,12.0,102.0,15.0
2022-04-24T11:00:00Z,0.7,10.0,115.0,13.0
2022-04-24T12:00:00Z,0.68,7.0,123.0,11.0
2022-04-24T13:00:00Z,0.64,6.0,129.0,11.0
2022-04-24T14:00:00Z,0.63,6.0,130.0,10.0
2022-04-24T15:00:00Z,0.61,6.0,130.0,9.0
2022-04-24T16:00:00Z,0.64,7.0,134.0,9.0
2022-04-24T17:00:00Z,0.65,8.0,132.0,9.0
2022-04-24T18:00:00Z,0.64,8.0,123.0,8.0
2022-04-24T19:00:00Z,0.65,12.0,107.0,8.0
2022-04-24T20:00:00Z,0.68,16.0,96.0,9.0
2022-04-24T21:00:00Z,0.64,17.0,96.0,9.0
2022-04-24T22:00:00Z,0.67,12.0,130.0,9.0
2022-04-24T23:00:00Z,0.73,11.0,148.0,9.0
2022-04-25T00:00:00Z,0.72,11.0,147.0,10.0
2022-04-25T01:00:00Z,0.71,11.0,141.0,10.0
2022-04-25T02:00:00Z,0.7,12.0,131.0,10.0
2022-04-25T03:00:00Z,0.73,13.0,120.0,10.0
2022-04-25T04:00:00Z,0.74,13.0,112.0,10.0
2022-04-25T05:00:00Z,0.75,14.0,102.0,10.0
2022-04-25T06:00:00Z,0.75,15.0,90.0,10.0
2022-04-25T07:00:00Z,0.82,15.0,73.0,10.0
2022-04-25T08:00:00Z,0.88,16.0,63.0,11.0
2022-04-25T09:00:00Z,0.9,16.0,55.0,10.0
2022-04-25T10:00:00Z,0.75,14.0,47.0,9.0
2022-04-25T11:00:00Z,0.66,11.0,50.0,8.0
2022-04-25T12:00:00Z,0.66,11.0,53.0,8.0
2022-04-25T13:00:00Z,0.64,11.0,56.0,8.0
2022-04-25T14:00:00Z,0.72,12.0,56.0,8.0
2022-04-25T15:00:00Z,0.7,12.0,58.0,7.0
2022-04-25T16:00:00Z,0.61,11.0,61.0,7.0
2022-04-25T17:00:00Z,0.61,11.0,62.0,7.0
2022-04-25T18:00:00Z,0.68,12.0,59.0,11.0
2022-04-25T19:00:00Z,0.67,12.0,54.0,7.0
2022-04-25T20:00:00Z,0.71,13.0,52.0,8.0
2022-04-25T21:00:00Z,0.7,14.0,57.0,8.0
2022-04-25T22:00:00Z,0.72,14.0,59.0,8.0
2022-04-25T23:00:00Z,0.76,17.0,43.0,8.0
2022-04-26T00:00:00Z,0.7,15.0,48.0,8.0
2022-04-26T01:00:00Z,0.71,14.0,55.0,8.0
2022-04-26T02:00:00Z,0.68,10.0,60.0,7.0
2022-04-26T03:00:00Z,0.65,10.0,60.0,7.0
2022-04-26T04:00:00Z,0.62,8.0,60.0,7.0
2022-04-26T05:00:00Z,0.62,8.0,57.0,7.0
2022-04-26T06:00:00Z,0.65,12.0,51.0,7.0
2022-04-26T07:00:00Z,0.66,15.0,46.0,7.0
2022-04-26T08:00:00Z,0.66,16.0,44.0,7.0
2022-04-26T09:00:00Z,0.66,18.0,47.0,7.0
2022-04-26T10:00:00Z,0.7,20.0,54.0,7.0
2022-04-26T11:00:00Z,0.72,20.0,68.0,8.0
2022-04-26T12:00:00Z,0.75,20.0,86.0,9.0
2022-04-26T13:00:00Z,0.73,17.0,108.0,8.0
2022-04-26T14:00:00Z,0.64,14.0,135.0,8.0
2022-04-26T15:00:00Z,0.64,11.0,153.0,8.0
2022-04-26T16:00:00Z,0.71,12.0,151.0,8.0
2022-04-26T17:00:00Z,0.8,13.0,141.0,9.0
2022-04-26T18:00:00Z,0.92,13.0,128.0,8.0
2022-04-26T19:00:00Z,0.9,15.0,128.0,8.0
2022-04-26T20:00:00Z,0.95,16.0,124.0,9.0
2022-04-26T21:00:00Z,0.93,24.0,108.0,9.0
2022-04-26T22:00:00Z,0.86,18.0,104.0,10.0
2022-04-26T23:00:00Z,0.86,19.0,93.0,10.0
2022-04-27T00:00:00Z,0.9,20.0,85.0,11.0
2022-04-27T01:00:00Z,0.88,18.0,81.0,10.0
2022-04-27T02:00:00Z,0.94,16.0,83.0,11.0
2022-04-27T03:00:00Z,0.9,16.0,85.0,12.0
2022-04-27T04:00:00Z,0.93,18.0,81.0,12.0
2022-04-27T05:00:00Z,0.9,19.0,77.0,12.0
2022-04-27T06:00:00Z,0.85,20.0,73.0,14.0
2022-04-27T07:00:00Z,0.78,25.0,71.0,15.0
2022-04-27T08:00:00Z,0.67,23.0,73.0,11.0
2022-04-27T09:00:00Z,0.59,18.0,81.0,9.0
2022-04-27T10:00:00Z,0.51,15.0,89.0,7.0
2022-04-27T11:00:00Z,0.46,14.0,95.0,7.0
2022-04-27T12:00:00Z,0.47,12.0,102.0,8.0
2022-04-27T13:00:00Z,0.49,10.0,111.0,8.0
2022-04-27T14:00:00Z,0.47,10.0,115.0,7.0
2022-04-27T15:00:00Z,0.45,11.0,116.0,7.0
2022-04-27T16:00:00Z,0.44,12.0,116.0,7.0
2022-04-27T17:00:00Z,0.42,14.0,112.0,7.0
2022-04-27T18:00:00Z,0.46,17.0,107.0,7.0
2022-04-27T19:00:00Z,0.47,17.0,99.0,7.0
2022-04-27T20:00:00Z,0.49,17.0,90.0,7.0
2022-04-27T21:00:00Z,0.5,16.0,85.0,7.0
2022-04-27T22:00:00Z,0.51,16.0,80.0,8.0
2022-04-27T23:00:00Z,0.5,16.0,76.0,7.0
2022-04-28T00:00:00Z,0.53,16.0,70.0,8.0
2022-04-28T01:00:00Z,0.59,17.0,65.0,9.0
2022-04-28T02:00:00Z,0.6,17.0,63.0,9.0
2022-04-28T03:00:00Z,0.59,16.0,64.0,9.0
2022-04-28T04:00:00Z,0.6,15.0,66.0,10.0
2022-04-28T05:00:00Z,0.59,15.0,66.0,9.0
2022-04-28T06:00:00Z,0.57,18.0,60.0,9.0
2022-04-28T07:00:00Z,0.54,20.0,64.0,9.0
2022-04-28T08:00:00Z,0.51,17.0,73.0,9.0
2022-04-28T09:00:00Z,0.51,15.0,79.0,9.0
2022-04-28T10:00:00Z,0.47,14.0,85.0,8.0
2022-04-28T11:00:00Z,0.44,13.0,89.0,8.0
2022-04-28T12:00:00Z,0.42,12.0,95.0,8.0
2022-04-28T13:00:00Z,0.47,12.0,97.0,8.0
2022-04-28T14:00:00Z,0.63,16.0,94.0,10.0
2022-04-28T15:00:00Z,0.64,21.0,92.0,9.0
2022-04-28T16:00:00Z,0.55,23.0,95.0,9.0
2022-04-28T17:00:00Z,0.59,23.0,93.0,8.0
2022-04-28T18:00:00Z,0.64,29.0,73.0,6.0
2022-04-28T19:00:00Z,0.6,28.0,73.0,6.0
2022-04-28T20:00:00Z,0.57,22.0,76.0,6.0
2022-04-28T21:00:00Z,0.6,21.0,69.0,6.0
2022-04-28T22:00:00Z,0.61,22.0,61.0,6.0
2022-04-28T23:00:00Z,0.66,26.0,51.0,6.0
2022-04-29T00:00:00Z,0.69,26.0,47.0,7.0
2022-04-29T01:00:00Z,0.67,26.0,46.0,7.0
2022-04-29T02:00:00Z,0.69,27.0,43.0,8.0
2022-04-29T03:00:00Z,0.7,25.0,45.0,8.0
2022-04-29T04:00:00Z,0.7,27.0,40.0,8.0
2022-04-29T05:00:00Z,0.7,28.0,36.0,8.0
2022-04-29T06:00:00Z,0.8,28.0,31.0,9.0
2022-04-29T07:00:00Z,0.94,28.0,32.0,11.0
2022-04-29T08:00:00Z,0.97,21.0,47.0,13.0
2022-04-29T09:00:00Z,0.84,18.0,61.0,12.0
2022-04-29T10:00:00Z,0.79,17.0,74.0,9.0
2022-04-29T11:00:00Z,0.8,16.0,85.0,8.0
2022-04-29T12:00:00Z,0.75,14.0,101.0,7.0
2022-04-29T13:00:00Z,0.76,14.0,113.0,6.0
2022-04-29T14:00:00Z,0.79,13.0,113.0,6.0
2022-04-29T15:00:00Z,0.86,14.0,115.0,6.0
2022-04-29T16:00:00Z,0.81,14.0,119.0,6.0
2022-04-29T17:00:00Z,0.75,15.0,118.0,5.0
2022-04-29T18:00:00Z,0.71,17.0,109.0,6.0
2022-04-29T19:00:00Z,0.71,18.0,98.0,6.0
2022-04-29T20:00:00Z,0.69,17.0,91.0,6.0
2022-04-29T21:00:00Z,0.66,16.0,84.0,6.0
2022-04-29T22:00:00Z,0.68,19.0,72.0,6.0
2022-04-29T23:00:00Z,0.7,23.0,62.0,6.0
2022-04-30T00:00:00Z,0.72,29.0,49.0,6.0
2022-04-30T01:00:00Z,0.71,32.0,38.0,6.0
2022-04-30T02:00:00Z,0.72,31.0,32.0,6.0
2022-04-30T03:00:00Z,0.71,35.0,27.0,6.0
2022-04-30T04:00:00Z,0.71,35.0,27.0,6.0
2022-04-30T05:00:00Z,0.73,33.0,31.0,7.0
2022-04-30T06:00:00Z,0.72,31.0,33.0,7.0
2022-04-30T07:00:00Z,0.76,31.0,31.0,10.0
2022-04-30T08:00:00Z,0.71,31.0,54.0,19.0
2022-04-30T09:00:00Z,0.75,29.0,70.0,11.0
2022-04-30T10:00:00Z,0.76,25.0,76.0,9.0
2022-04-30T11:00:00Z,0.78,17.0,90.0,8.0
2022-04-30T12:00:00Z,0.76,17.0,100.0,8.0
2022-04-30T13:00:00Z,0.78,17.0,107.0,8.0
2022-04-30T14:00:00Z,0.76,15.0,117.0,7.0
2022-04-30T15:00:00Z,0.78,16.0,121.0,7.0
2022-04-30T16:00:00Z,0.75,17.0,125.0,8.0
2022-04-30T17:00:00Z,0.76,18.0,127.0,8.0
2022-04-30T18:00:00Z,0.79,19.0,121.0,8.0
2022-04-30T19:00:00Z,0.83,24.0,90.0,8.0
2022-04-30T20:00:00Z,0.75,32.0,72.0,8.0
2022-04-30T21:00:00Z,0.72,35.0,65.0,9.0
2022-04-30T22:00:00Z,0.73,39.0,55.0,10.0
2022-04-30T23:00:00Z,0.74,37.0,52.0,16.0
2022-05-01T00:00:00Z,0.72,39.0,45.0,17.0
2022-05-01T01:00:00Z,0.66,42.0,36.0,12.0
2022-05-01T02:00:00Z,0.62,42.0,32.0,9.0
2022-05-01T03:00:00Z,0.64,43.0,24.0,8.0
2022-05-01T04:00:00Z,0.64,45.0,20.0,8.0
2022-05-01T05:00:00Z,0.56,33.0,26.0,9.0
2022-05-01T06:00:00Z,0.55,30.0,27.0,11.0
2022-05-01T07:00:00Z,0.57,28.0,36.0,15.0
2022-05-01T08:00:00Z,0.54,25.0,50.0,17.0
2022-05-01T09:00:00Z,0.46,20.0,68.0,15.0
2022-05-01T10:00:00Z,0.44,17.0,86.0,11.0
2022-05-01T11:00:00Z,0.41,15.0,97.0,9.0
2022-05-01T12:00:00Z,0.4,12.0,108.0,7.0
2022-05-01T13:00:00Z,0.41,11.0,115.0,6.0
2022-05-01T14:00:00Z,0.47,9.0,122.0,7.0
2022-05-01T15:00:00Z,0.44,9.0,126.0,7.0
2022-05-01T16:00:00Z,0.4,10.0,131.0,7.0
2022-05-01T17:00:00Z,0.4,10.0,134.0,7.0
2022-05-01T18:00:00Z,0.4,10.0,134.0,8.0
2022-05-01T19:00:00Z,0.41,14.0,127.0,8.0
2022-05-01T20:00:00Z,0.46,19.0,112.0,8.0
2022-05-01T21:00:00Z,0.53,29.0,96.0,9.0
2022-05-01T22:00:00Z,0.62,33.0,82.0,13.0
2022-05-01T23:00:00Z,0.67,31.0,78.0,13.0
2022-05-02T00:00:00Z,0.61,26.0,80.0,12.0
2022-05-02T01:00:00Z,0.57,25.0,78.0,12.0
2022-05-02T02:00:00Z,0.63,25.0,76.0,12.0
2022-05-02T03:00:00Z,0.64,25.0,68.0,12.0
2022-05-02T04:00:00Z,0.63,25.0,63.0,12.0
2022-05-02T05:00:00Z,0.64,25.0,59.0,10.0
2022-05-02T06:00:00Z,0.67,30.0,47.0,10.0
2022-05-02T07:00:00Z,0.72,32.0,47.0,13.0
2022-05-02T08:00:00Z,0.79,32.0,54.0,15.0
2022-05-02T09:00:00Z,0.78,29.0,71.0,15.0
2022-05-02T10:00:00Z,0.62,21.0,92.0,14.0
2022-05-02T11:00:00Z,0.59,18.0,107.0,14.0
2022-05-02T12:00:00Z,0.59,18.0,122.0,13.0
2022-05-02T13:00:00Z,0.59,17.0,139.0,13.0
2022-05-02T14:00:00Z,0.56,13.0,156.0,12.0
2022-05-02T15:00:00Z,0.54,12.0,165.0,12.0
2022-05-02T16:00:00Z,0.49,12.0,166.0,10.0
2022-05-02T17:00:00Z,0.42,12.0,156.0,9.0
2022-05-02T18:00:00Z,0.51,14.0,151.0,10.0
2022-05-02T19:00:00Z,0.59,15.0,146.0,10.0
2022-05-02T20:00:00Z,0.67,22.0,130.0,11.0
2022-05-02T21:00:00Z,0.72,27.0,103.0,13.0
2022-05-02T22:00:00Z,0.8,37.0,78.0,13.0
2022-05-02T23:00:00Z,0.75,41.0,69.0,12.0
2022-05-03T00:00:00Z,0.78,60.0,38.0,12.0
2022-05-03T01:00:00Z,0.82,77.0,25.0,12.0
2022-05-03T03:00:00Z,0.72,63.0,26.0,9.0
2022-05-03T04:00:00Z,0.75,59.0,24.0,8.0
2022-05-03T05:00:00Z,0.71,48.0,36.0,9.0
2022-05-03T06:00:00Z,0.76,42.0,34.0,10.0
2022-05-03T07:00:00Z,0.79,39.0,39.0,14.0
2022-05-03T08:00:00Z,0.95,37.0,54.0,17.0
2022-05-03T09:00:00Z,1.18,37.0,72.0,19.0
2022-05-03T10:00:00Z,0.9,29.0,101.0,17.0
2022-05-03T11:00:00Z,0.66,19.0,133.0,13.0
2022-05-03T13:00:00Z,0.47,10.0,163.0,12.0
2022-05-03T14:00:00Z,0.46,9.0,166.0,11.0
2022-05-03T15:00:00Z,0.44,10.0,165.0,9.0
2022-05-03T16:00:00Z,0.44,10.0,163.0,8.0
2022-05-03T17:00:00Z,0.42,10.0,159.0,8.0
2022-05-03T18:00:00Z,0.41,13.0,152.0,9.0
2022-05-03T19:00:00Z,0.46,13.0,143.0,9.0
2022-05-03T20:00:00Z,0.53,15.0,128.0,9.0
2022-05-03T21:00:00Z,0.51,18.0,114.0,9.0
2022-05-03T22:00:00Z,0.63,19.0,105.0,10.0
2022-05-03T23:00:00Z,0.64,21.0,99.0,11.0
2022-05-04T00:00:00Z,0.7,24.0,90.0,13.0
2022-05-04T01:00:00Z,0.84,25.0,85.0,17.0
2022-05-04T02:00:00Z,0.76,22.0,88.0,18.0
2022-05-04T03:00:00Z,0.71,22.0,84.0,18.0
2022-05-04T04:00:00Z,0.72,23.0,81.0,19.0
2022-05-04T05:00:00Z,0.74,24.0,81.0,16.0
2022-05-04T06:00:00Z,0.76,24.0,81.0,16.0
2022-05-04T07:00:00Z,0.76,27.0,82.0,16.0
2022-05-04T08:00:00Z,0.69,26.0,96.0,15.0
2022-05-04T09:00:00Z,0.69,24.0,110.0,16.0
2022-05-04T10:00:00Z,0.61,19.0,131.0,14.0
2022-05-04T11:00:00Z,0.5,16.0,145.0,11.0
2022-05-04T12:00:00Z,0.44,15.0,153.0,10.0
2022-05-04T13:00:00Z,0.4,11.0,156.0,9.0
2022-05-04T14:00:00Z,0.38,10.0,155.0,7.0
2022-05-04T15:00:00Z,0.35,9.0,152.0,7.0
2022-05-04T16:00:00Z,0.35,10.0,152.0,7.0
2022-05-04T17:00:00Z,0.39,11.0,154.0,7.0
2022-05-04T18:00:00Z,0.4,13.0,154.0,7.0
2022-05-04T19:00:00Z,0.41,12.0,150.0,8.0
2022-05-04T20:00:00Z,0.54,16.0,135.0,10.0
2022-05-04T21:00:00Z,0.59,19.0,126.0,10.0
2022-05-04T22:00:00Z,0.65,23.0,115.0,11.0
2022-05-04T23:00:00Z,0.74,28.0,102.0,13.0
2022-05-05T00:00:00Z,0.74,23.0,112.0,13.0
2022-05-05T01:00:00Z,0.72,21.0,110.0,13.0
2022-05-05T02:00:00Z,0.69,22.0,102.0,13.0
2022-05-05T03:00:00Z,0.67,21.0,99.0,14.0
2022-05-05T04:00:00Z,0.68,24.0,92.0,18.0
2022-05-05T05:00:00Z,0.55,22.0,90.0,12.0
2022-05-05T06:00:00Z,0.56,21.0,91.0,12.0
2022-05-05T07:00:00Z,0.63,23.0,95.0,12.0
2022-05-05T08:00:00Z,0.71,25.0,106.0,13.0
2022-05-05T09:00:00Z,0.78,23.0,120.0,16.0
2022-05-05T10:00:00Z,0.75,20.0,136.0,16.0
2022-05-05T11:00:00Z,0.64,15.0,153.0,13.0
2022-05-05T12:00:00Z,0.55,11.0,162.0,11.0
2022-05-05T13:00:00Z,0.49,9.0,161.0,9.0
2022-05-05T14:00:00Z,0.46,8.0,162.0,8.0
2022-05-05T15:00:00Z,0.4,8.0,159.0,7.0
2022-05-05T16:00:00Z,0.38,9.0,159.0,7.0
2022-05-05T17:00:00Z,0.43,10.0,164.0,8.0
2022-05-05T18:00:00Z,0.47,11.0,166.0,9.0
2022-05-05T19:00:00Z,0.64,14.0,162.0,12.0
2022-05-05T20:00:00Z,0.54,16.0,149.0,9.0
2022-05-05T21:00:00Z,0.47,20.0,138.0,8.0
2022-05-05T22:00:00Z,0.54,17.0,139.0,11.0
2022-05-05T23:00:00Z,0.64,18.0,130.0,10.0
2022-05-06T00:00:00Z,0.5,19.0,123.0,9.0
2022-05-06T01:00:00Z,0.66,19.0,122.0,12.0
2022-05-06T02:00:00Z,0.71,18.0,124.0,13.0
2022-05-06T03:00:00Z,0.53,18.0,117.0,11.0
2022-05-06T04:00:00Z,0.54,16.0,117.0,10.0
2022-05-06T05:00:00Z,0.55,17.0,113.0,10.0
2022-05-06T06:00:00Z,0.56,19.0,108.0,10.0
2022-05-06T07:00:00Z,0.57,24.0,108.0,11.0
2022-05-06T08:00:00Z,0.61,25.0,120.0,12.0
2022-05-06T09:00:00Z,0.62,24.0,131.0,13.0
2022-05-06T10:00:00Z,0.61,20.0,147.0,13.0
2022-05-06T11:00:00Z,0.59,17.0,161.0,12.0
2022-05-06T12:00:00Z,0.54,13.0,172.0,10.0
2022-05-06T13:00:00Z,0.52,11.0,179.0,9.0
2022-05-06T14:00:00Z,0.45,9.0,180.0,9.0
2022-05-06T15:00:00Z,0.4,8.0,171.0,8.0
2022-05-06T16:00:00Z,0.41,8.0,172.0,7.0
2022-05-06T17:00:00Z,0.42,9.0,168.0,8.0
2022-05-06T18:00:00Z,0.42,10.0,160.0,7.0
2022-05-06T19:00:00Z,0.42,14.0,146.0,7.0
2022-05-06T20:00:00Z,0.44,23.0,126.0,7.0
2022-05-06T21:00:00Z,0.5,29.0,111.0,10.0
2022-05-06T22:00:00Z,0.49,26.0,112.0,9.0
2022-05-06T23:00:00Z,0.54,24.0,106.0,9.0
2022-05-07T00:00:00Z,0.6,26.0,98.0,10.0
2022-05-07T01:00:00Z,0.61,31.0,98.0,12.0
2022-05-07T02:00:00Z,0.66,20.0,119.0,13.0
2022-05-07T03:00:00Z,0.88,19.0,100.0,13.0
2022-05-07T04:00:00Z,0.79,20.0,71.0,11.0
2022-05-07T05:00:00Z,0.67,20.0,57.0,10.0
2022-05-07T06:00:00Z,0.64,21.0,50.0,10.0
2022-05-07T07:00:00Z,0.59,20.0,51.0,9.0
2022-05-07T08:00:00Z,0.59,19.0,55.0,10.0
2022-05-07T09:00:00Z,0.65,16.0,61.0,8.0
2022-05-07T10:00:00Z,0.78,16.0,64.0,7.0
2022-05-07T11:00:00Z,0.69,14.0,68.0,6.0
2022-05-07T12:00:00Z,0.64,14.0,69.0,6.0
2022-05-07T13:00:00Z,0.64,14.0,76.0,7.0
2022-05-07T14:00:00Z,0.6,12.0,92.0,7.0
2022-05-07T15:00:00Z,0.47,9.0,109.0,7.0
2022-05-07T16:00:00Z,0.39,9.0,118.0,7.0
2022-05-07T17:00:00Z,0.39,9.0,119.0,7.0
2022-05-07T18:00:00Z,0.44,14.0,114.0,7.0
2022-05-07T19:00:00Z,0.44,15.0,109.0,8.0
2022-05-07T20:00:00Z,0.49,17.0,104.0,9.0
2022-05-07T21:00:00Z,0.47,18.0,104.0,9.0
2022-05-07T22:00:00Z,0.49,18.0,105.0,8.0
2022-05-07T23:00:00Z,0.47,17.0,105.0,9.0
2022-05-08T00:00:00Z,0.46,16.0,104.0,11.0
2022-05-08T01:00:00Z,0.46,15.0,102.0,10.0
2022-05-08T02:00:00Z,0.47,16.0,94.0,10.0
2022-05-08T03:00:00Z,0.51,18.0,85.0,10.0
2022-05-08T04:00:00Z,0.53,20.0,79.0,11.0
2022-05-08T05:00:00Z,0.54,19.0,75.0,13.0
2022-05-08T06:00:00Z,0.53,21.0,71.0,13.0
2022-05-08T07:00:00Z,0.53,22.0,70.0,13.0
2022-05-08T08:00:00Z,0.49,21.0,73.0,13.0
2022-05-08T09:00:00Z,0.5,21.0,75.0,12.0
2022-05-08T10:00:00Z,0.45,18.0,83.0,11.0
2022-05-08T11:00:00Z,0.45,14.0,93.0,11.0
2022-05-08T12:00:00Z,0.44,12.0,103.0,9.0
2022-05-08T13:00:00Z,0.42,9.0,114.0,8.0
2022-05-08T14:00:00Z,0.42,9.0,121.0,8.0
2022-05-08T15:00:00Z,0.42,10.0,123.0,8.0
2022-05-08T16:00:00Z,0.43,11.0,123.0,8.0
2022-05-08T17:00:00Z,0.42,11.0,125.0,8.0
2022-05-08T18:00:00Z,0.42,13.0,120.0,8.0
2022-05-08T19:00:00Z,0.42,14.0,116.0,8.0
2022-05-08T20:00:00Z,0.45,15.0,112.0,10.0
2022-05-08T21:00:00Z,0.42,15.0,108.0,10.0
2022-05-08T22:00:00Z,0.41,16.0,105.0,11.0
2022-05-08T23:00:00Z,0.35,14.0,105.0,10.0
2022-05-09T00:00:00Z,0.38,14.0,102.0,10.0
2022-05-09T01:00:00Z,0.4,15.0,100.0,10.0
2022-05-09T02:00:00Z,0.41,17.0,90.0,12.0
2022-05-09T03:00:00Z,0.34,15.0,87.0,12.0
2022-05-09T04:00:00Z,0.33,14.0,88.0,11.0
2022-05-09T05:00:00Z,0.33,14.0,88.0,10.0
2022-05-09T06:00:00Z,0.39,15.0,86.0,11.0
2022-05-09T07:00:00Z,0.41,21.0,74.0,12.0
2022-05-09T08:00:00Z,0.51,24.0,61.0,13.0
2022-05-09T09:00:00Z,0.51,25.0,55.0,12.0
2022-05-09T10:00:00Z,0.54,27.0,54.0,13.0
2022-05-09T11:00:00Z,0.51,23.0,65.0,10.0
2022-05-09T12:00:00Z,0.55,22.0,64.0,10.0
2022-05-09T13:00:00Z,0.56,22.0,66.0,10.0
2022-05-09T14:00:00Z,0.59,22.0,67.0,11.0
2022-05-09T15:00:00Z,0.54,23.0,70.0,11.0
2022-05-09T16:00:00Z,0.63,26.0,67.0,11.0
2022-05-09T17:00:00Z,0.66,29.0,63.0,10.0
2022-05-09T18:00:00Z,0.69,30.0,63.0,11.0
2022-05-09T19:00:00Z,0.77,28.0,64.0,10.0
2022-05-09T20:00:00Z,0.82,27.0,63.0,11.0
2022-05-09T21:00:00Z,0.96,29.0,61.0,12.0
2022-05-09T22:00:00Z,1.02,31.0,58.0,12.0
2022-05-09T23:00:00Z,0.95,27.0,63.0,12.0
2022-05-10T00:00:00Z,0.8,21.0,71.0,12.0
2022-05-10T01:00:00Z,0.66,20.0,73.0,12.0
2022-05-10T02:00:00Z,0.57,20.0,74.0,12.0
2022-05-10T03:00:00Z,0.59,17.0,78.0,11.0
2022-05-10T04:00:00Z,0.54,16.0,77.0,11.0
2022-05-10T05:00:00Z,0.49,15.0,74.0,10.0
2022-05-10T06:00:00Z,0.5,16.0,70.0,10.0
2022-05-10T07:00:00Z,0.49,18.0,64.0,11.0
2022-05-10T08:00:00Z,0.47,21.0,58.0,11.0
2022-05-10T09:00:00Z,0.45,21.0,61.0,10.0
2022-05-10T10:00:00Z,0.44,19.0,71.0,9.0
2022-05-10T11:00:00Z,0.45,16.0,83.0,8.0
2022-05-10T12:00:00Z,0.46,15.0,87.0,8.0
2022-05-10T13:00:00Z,0.41,14.0,92.0,8.0
2022-05-10T14:00:00Z,0.41,14.0,98.0,8.0
2022-05-10T15:00:00Z,0.41,14.0,101.0,8.0
2022-05-10T16:00:00Z,0.44,16.0,104.0,8.0
2022-05-10T17:00:00Z,0.44,16.0,107.0,9.0
2022-05-10T18:00:00Z,0.45,17.0,104.0,9.0
2022-05-10T19:00:00Z,0.45,19.0,96.0,9.0
2022-05-10T20:00:00Z,0.46,22.0,87.0,10.0
2022-05-10T21:00:00Z,0.47,23.0,84.0,9.0
2022-05-10T22:00:00Z,0.49,25.0,79.0,9.0
2022-05-10T23:00:00Z,0.5,26.0,72.0,10.0
2022-05-11T00:00:00Z,0.5,35.0,55.0,9.0
2022-05-11T02:00:00Z,0.54,49.0,36.0,12.0
2022-05-11T03:00:00Z,0.56,42.0,37.0,11.0
2022-05-11T04:00:00Z,0.56,40.0,33.0,10.0
2022-05-11T05:00:00Z,0.58,35.0,38.0,11.0
2022-05-11T06:00:00Z,0.56,29.0,42.0,11.0
2022-05-11T07:00:00Z,0.57,28.0,45.0,11.0
2022-05-11T08:00:00Z,0.54,25.0,59.0,10.0
2022-05-11T09:00:00Z,0.54,21.0,70.0,10.0
2022-05-11T10:00:00Z,0.51,17.0,91.0,10.0
2022-05-11T11:00:00Z,0.54,13.0,112.0,8.0
2022-05-11T12:00:00Z,0.56,12.0,128.0,8.0
2022-05-11T13:00:00Z,0.66,13.0,139.0,8.0
2022-05-11T14:00:00Z,0.76,13.0,147.0,9.0
2022-05-11T15:00:00Z,0.81,13.0,148.0,9.0
2022-05-11T16:00:00Z,0.7,14.0,146.0,8.0
2022-05-11T17:00:00Z,0.69,16.0,144.0,9.0
2022-05-11T18:00:00Z,0.9,18.0,142.0,10.0
2022-05-11T19:00:00Z,0.87,20.0,125.0,10.0
2022-05-11T20:00:00Z,0.53,21.0,99.0,9.0
2022-05-11T21:00:00Z,0.45,18.0,95.0,9.0
2022-05-11T22:00:00Z,0.5,17.0,98.0,9.0
2022-05-11T23:00:00Z,0.49,17.0,100.0,9.0
2022-05-12T00:00:00Z,0.47,16.0,102.0,8.0
2022-05-12T01:00:00Z,0.46,17.0,101.0,8.0
2022-05-12T02:00:00Z,0.44,17.0,94.0,9.0
2022-05-12T03:00:00Z,0.5,20.0,81.0,10.0
2022-05-12T04:00:00Z,0.55,19.0,75.0,10.0
2022-05-12T05:00:00Z,0.55,19.0,68.0,10.0
2022-05-12T06:00:00Z,0.54,21.0,60.0,12.0
2022-05-12T07:00:00Z,0.54,24.0,52.0,13.0
2022-05-12T08:00:00Z,0.61,28.0,48.0,14.0
2022-05-12T09:00:00Z,0.72,31.0,49.0,14.0
2022-05-12T10:00:00Z,0.73,26.0,64.0,13.0
2022-05-12T11:00:00Z,0.58,21.0,79.0,13.0
2022-05-12T12:00:00Z,0.49,14.0,107.0,10.0
2022-05-12T13:00:00Z,0.51,13.0,126.0,10.0
2022-05-12T14:00:00Z,0.55,12.0,143.0,9.0
2022-05-12T15:00:00Z,0.59,13.0,158.0,9.0
2022-05-12T16:00:00Z,0.59,14.0,168.0,9.0
2022-05-12T17:00:00Z,0.64,17.0,168.0,10.0
2022-05-12T18:00:00Z,0.6,19.0,154.0,9.0
2022-05-12T19:00:00Z,0.69,23.0,153.0,11.0
2022-05-12T20:00:00Z,0.71,20.0,144.0,11.0
2022-05-12T21:00:00Z,0.56,20.0,120.0,10.0
2022-05-12T22:00:00Z,0.49,16.0,102.0,8.0
2022-05-12T23:00:00Z,0.44,18.0,87.0,8.0
2022-05-13T00:00:00Z,0.41,18.0,78.0,8.0
2022-05-13T01:00:00Z,0.45,22.0,67.0,10.0
2022-05-13T02:00:00Z,0.44,20.0,64.0,9.0
2022-05-13T03:00:00Z,0.44,17.0,78.0,11.0
2022-05-13T04:00:00Z,0.46,20.0,70.0,10.0
2022-05-13T05:00:00Z,0.46,24.0,61.0,10.0
2022-05-13T06:00:00Z,0.53,23.0,71.0,10.0
2022-05-13T07:00:00Z,0.6,28.0,66.0,11.0
2022-05-13T08:00:00Z,0.65,33.0,56.0,11.0
2022-05-13T09:00:00Z,0.76,36.0,46.0,13.0
2022-05-13T10:00:00Z,0.78,35.0,48.0,14.0
2022-05-13T11:00:00Z,0.79,32.0,39.0,12.0
2022-05-13T12:00:00Z,0.75,29.0,62.0,9.0
2022-05-13T13:00:00Z,0.71,24.0,72.0,7.0
2022-05-13T14:00:00Z,0.63,21.0,87.0,7.0
2022-05-13T15:00:00Z,0.59,19.0,97.0,7.0
2022-05-13T16:00:00Z,0.63,19.0,106.0,7.0
2022-05-13T17:00:00Z,0.57,19.0,113.0,7.0
2022-05-13T18:00:00Z,0.53,18.0,116.0,7.0
2022-05-13T19:00:00Z,0.54,19.0,112.0,7.0
2022-05-13T20:00:00Z,0.65,27.0,95.0,7.0
2022-05-13T21:00:00Z,0.74,41.0,59.0,7.0
2022-05-13T22:00:00Z,0.78,49.0,41.0,7.0
2022-05-13T23:00:00Z,0.77,47.0,41.0,6.0
2022-05-14T00:00:00Z,0.89,49.0,35.0,7.0
2022-05-14T01:00:00Z,0.89,50.0,27.0,8.0
2022-05-14T02:00:00Z,0.94,51.0,25.0,8.0
2022-05-14T03:00:00Z,0.99,53.0,21.0,9.0
2022-05-14T04:00:00Z,0.91,53.0,16.0,9.0
2022-05-14T05:00:00Z,0.89,56.0,12.0,9.0
2022-05-14T06:00:00Z,0.88,54.0,21.0,11.0
2022-05-14T07:00:00Z,0.94,40.0,44.0,11.0
2022-05-14T08:00:00Z,0.84,37.0,54.0,12.0
2022-05-14T09:00:00Z,0.81,33.0,68.0,13.0
2022-05-14T10:00:00Z,0.69,28.0,83.0,12.0
2022-05-14T11:00:00Z,0.51,23.0,101.0,13.0
2022-05-14T12:00:00Z,0.47,23.0,106.0,12.0
2022-05-14T13:00:00Z,0.47,24.0,104.0,11.0
2022-05-14T14:00:00Z,0.44,19.0,109.0,10.0
2022-05-14T15:00:00Z,0.34,12.0,114.0,7.0
2022-05-14T16:00:00Z,0.34,12.0,115.0,6.0
2022-05-14T17:00:00Z,0.34,18.0,110.0,6.0
2022-05-14T18:00:00Z,0.34,26.0,99.0,7.0
2022-05-14T19:00:00Z,0.35,27.0,93.0,8.0
2022-05-14T20:00:00Z,0.42,40.0,67.0,8.0
2022-05-14T21:00:00Z,0.46,29.0,71.0,9.0
2022-05-14T22:00:00Z,0.45,26.0,77.0,8.0
2022-05-14T23:00:00Z,0.47,27.0,80.0,8.0
2022-05-15T00:00:00Z,0.46,28.0,70.0,8.0
2022-05-15T01:00:00Z,0.47,28.0,67.0,10.0
2022-05-15T02:00:00Z,0.5,27.0,65.0,15.0
2022-05-15T03:00:00Z,0.5,29.0,58.0,17.0
2022-05-15T04:00:00Z,0.56,29.0,55.0,16.0
2022-05-15T05:00:00Z,0.54,36.0,48.0,16.0
2022-05-15T06:00:00Z,0.55,34.0,47.0,18.0
2022-05-15T07:00:00Z,0.59,34.0,51.0,21.0
2022-05-15T08:00:00Z,0.59,30.0,69.0,23.0
2022-05-15T09:00:00Z,0.61,25.0,92.0,19.0
2022-05-15T10:00:00Z,0.54,19.0,115.0,15.0
2022-05-15T11:00:00Z,0.44,13.0,132.0,11.0
2022-05-15T12:00:00Z,0.4,10.0,141.0,10.0
2022-05-15T13:00:00Z,0.4,9.0,144.0,9.0
2022-05-15T14:00:00Z,0.41,9.0,144.0,9.0
2022-05-15T15:00:00Z,0.4,10.0,144.0,9.0
2022-05-15T16:00:00Z,0.39,9.0,144.0,8.0
2022-05-15T17:00:00Z,0.4,10.0,143.0,8.0
2022-05-15T18:00:00Z,0.39,12.0,138.0,8.0
2022-05-15T19:00:00Z,0.41,16.0,128.0,8.0
2022-05-15T20:00:00Z,0.46,22.0,114.0,10.0
2022-05-15T21:00:00Z,0.46,26.0,101.0,11.0
2022-05-15T22:00:00Z,0.5,32.0,87.0,10.0
2022-05-15T23:00:00Z,0.49,30.0,88.0,11.0
2022-05-16T00:00:00Z,0.49,22.0,95.0,10.0
2022-05-16T01:00:00Z,0.47,19.0,100.0,10.0
2022-05-16T02:00:00Z,0.49,17.0,99.0,10.0
2022-05-16T03:00:00Z,0.46,17.0,98.0,10.0
2022-05-16T04:00:00Z,0.51,21.0,89.0,12.0
2022-05-16T05:00:00Z,0.57,19.0,88.0,11.0
2022-05-16T06:00:00Z,0.57,22.0,84.0,11.0
2022-05-16T07:00:00Z,0.56,27.0,80.0,12.0
2022-05-16T08:00:00Z,0.55,24.0,87.0,11.0
2022-05-16T09:00:00Z,0.55,20.0,96.0,12.0
2022-05-16T10:00:00Z,0.54,18.0,105.0,12.0
2022-05-16T11:00:00Z,0.56,17.0,120.0,12.0
2022-05-16T12:00:00Z,0.56,15.0,140.0,12.0
2022-05-16T13:00:00Z,0.56,12.0,155.0,13.0
2022-05-16T14:00:00Z,0.55,10.0,163.0,12.0
2022-05-16T15:00:00Z,0.49,10.0,161.0,11.0
2022-05-16T16:00:00Z,0.4,9.0,156.0,10.0
2022-05-16T17:00:00Z,0.41,11.0,155.0,9.0
2022-05-16T18:00:00Z,0.44,12.0,153.0,9.0
2022-05-16T19:00:00Z,0.43,13.0,146.0,9.0
2022-05-16T20:00:00Z,0.46,23.0,125.0,10.0
2022-05-16T21:00:00Z,0.49,32.0,102.0,11.0
2022-05-16T22:00:00Z,0.6,53.0,68.0,10.0
2022-05-16T23:00:00Z,0.64,65.0,47.0,12.0
2022-05-17T00:00:00Z,0.75,60.0,48.0,15.0
2022-05-17T01:00:00Z,0.75,47.0,63.0,17.0
2022-05-17T02:00:00Z,0.61,35.0,75.0,14.0
2022-05-17T03:00:00Z,0.56,25.0,82.0,12.0
2022-05-17T04:00:00Z,0.54,21.0,90.0,11.0
2022-05-17T05:00:00Z,0.5,17.0,97.0,10.0
2022-05-17T06:00:00Z,0.56,20.0,93.0,11.0
2022-05-17T07:00:00Z,0.59,22.0,92.0,12.0
2022-05-17T08:00:00Z,0.55,19.0,105.0,12.0
2022-05-17T09:00:00Z,0.52,17.0,114.0,11.0
2022-05-17T10:00:00Z,0.5,14.0,125.0,9.0
2022-05-17T11:00:00Z,0.49,13.0,134.0,9.0
2022-05-17T12:00:00Z,0.45,12.0,145.0,9.0
2022-05-17T13:00:00Z,0.45,12.0,151.0,8.0
2022-05-17T14:00:00Z,0.4,10.0,153.0,8.0
2022-05-17T15:00:00Z,0.36,11.0,151.0,7.0
2022-05-17T16:00:00Z,0.35,11.0,151.0,7.0
2022-05-17T17:00:00Z,0.37,11.0,156.0,8.0
2022-05-17T18:00:00Z,0.39,14.0,156.0,8.0
2022-05-17T19:00:00Z,0.4,14.0,151.0,8.0
2022-05-17T20:00:00Z,0.42,18.0,138.0,10.0
2022-05-17T21:00:00Z,0.47,21.0,128.0,12.0
2022-05-17T22:00:00Z,0.47,23.0,119.0,12.0
2022-05-17T23:00:00Z,0.49,23.0,117.0,13.0
2022-05-18T00:00:00Z,0.47,21.0,116.0,13.0
2022-05-18T01:00:00Z,0.47,19.0,120.0,11.0
2022-05-18T02:00:00Z,0.46,19.0,118.0,11.0
2022-05-18T03:00:00Z,0.49,18.0,117.0,13.0
2022-05-18T04:00:00Z,0.51,20.0,115.0,12.0
2022-05-18T05:00:00Z,0.51,23.0,110.0,13.0
2022-05-18T06:00:00Z,0.55,27.0,106.0,14.0
2022-05-18T07:00:00Z,0.61,30.0,105.0,13.0
2022-05-18T08:00:00Z,0.61,31.0,111.0,13.0
2022-05-18T09:00:00Z,0.56,25.0,128.0,12.0
2022-05-18T10:00:00Z,0.47,18.0,144.0,10.0
2022-05-18T11:00:00Z,0.42,15.0,154.0,9.0
2022-05-18T12:00:00Z,0.41,11.0,159.0,9.0
2022-05-18T13:00:00Z,0.41,10.0,167.0,9.0
2022-05-18T14:00:00Z,0.4,10.0,172.0,9.0
2022-05-18T15:00:00Z,0.41,10.0,174.0,8.0
2022-05-18T16:00:00Z,0.42,12.0,171.0,8.0
2022-05-18T17:00:00Z,0.49,13.0,177.0,9.0
2022-05-18T18:00:00Z,0.5,16.0,176.0,9.0
2022-05-18T19:00:00Z,0.5,18.0,169.0,10.0
2022-05-18T20:00:00Z,0.55,26.0,144.0,12.0
2022-05-18T21:00:00Z,0.55,24.0,132.0,11.0
2022-05-18T22:00:00Z,0.56,26.0,116.0,11.0
2022-05-18T23:00:00Z,0.65,34.0,93.0,11.0
2022-05-19T00:00:00Z,0.75,45.0,73.0,13.0
2022-05-19T01:00:00Z,0.66,40.0,73.0,15.0
2022-05-19T02:00:00Z,0.6,39.0,66.0,15.0
2022-05-19T03:00:00Z,0.66,41.0,59.0,17.0
2022-05-19T04:00:00Z,0.74,51.0,46.0,17.0
2022-05-19T05:00:00Z,0.81,54.0,37.0,16.0
2022-05-19T06:00:00Z,0.86,54.0,36.0,18.0
2022-05-19T07:00:00Z,0.8,52.0,39.0,17.0
2022-05-19T08:00:00Z,0.81,51.0,52.0,18.0
2022-05-19T09:00:00Z,0.76,35.0,89.0,16.0
2022-05-19T10:00:00Z,0.68,20.0,118.0,15.0
2022-05-19T11:00:00Z,0.6,15.0,141.0,13.0
2022-05-19T12:00:00Z,0.55,10.0,156.0,11.0
2022-05-19T13:00:00Z,0.54,10.0,161.0,10.0
2022-05-19T14:00:00Z,0.47,12.0,144.0,9.0
2022-05-19T15:00:00Z,0.46,17.0,126.0,8.0
2022-05-19T16:00:00Z,0.47,20.0,122.0,8.0
2022-05-19T17:00:00Z,0.46,17.0,123.0,8.0
2022-05-19T18:00:00Z,0.47,18.0,120.0,9.0
2022-05-19T19:00:00Z,0.47,23.0,115.0,10.0
2022-05-19T20:00:00Z,0.5,32.0,100.0,10.0
2022-05-19T21:00:00Z,0.61,36.0,79.0,11.0
2022-05-19T22:00:00Z,0.67,30.0,77.0,11.0
2022-05-19T23:00:00Z,0.63,22.0,89.0,11.0
2022-05-20T00:00:00Z,0.55,24.0,81.0,11.0
2022-05-20T01:00:00Z,0.51,23.0,84.0,11.0
2022-05-20T02:00:00Z,0.47,22.0,83.0,10.0
2022-05-20T03:00:00Z,0.49,23.0,81.0,11.0
2022-05-20T04:00:00Z,0.57,23.0,79.0,10.0
2022-05-20T05:00:00Z,0.57,21.0,84.0,10.0
2022-05-20T06:00:00Z,0.6,24.0,77.0,10.0
2022-05-20T07:00:00Z,0.61,23.0,81.0,12.0
2022-05-20T08:00:00Z,0.61,19.0,97.0,14.0
2022-05-20T09:00:00Z,0.64,16.0,116.0,13.0
2022-05-20T10:00:00Z,0.59,16.0,129.0,12.0
2022-05-20T11:00:00Z,0.51,13.0,144.0,11.0
2022-05-20T12:00:00Z,0.44,9.0,152.0,9.0
2022-05-20T13:00:00Z,0.38,8.0,159.0,8.0
2022-05-20T14:00:00Z,0.43,11.0,165.0,8.0
2022-05-20T15:00:00Z,0.4,13.0,167.0,8.0
2022-05-20T16:00:00Z,0.39,14.0,165.0,7.0
2022-05-20T17:00:00Z,0.39,15.0,164.0,8.0
2022-05-20T18:00:00Z,0.39,13.0,163.0,8.0
2022-05-20T19:00:00Z,0.42,16.0,148.0,8.0
2022-05-20T20:00:00Z,0.44,19.0,127.0,8.0
2022-05-20T21:00:00Z,0.49,32.0,104.0,9.0
2022-05-20T22:00:00Z,0.5,34.0,87.0,8.0
2022-05-20T23:00:00Z,0.55,46.0,61.0,9.0
2022-05-21T00:00:00Z,0.55,48.0,50.0,10.0
2022-05-21T01:00:00Z,0.57,51.0,38.0,10.0
2022-05-21T02:00:00Z,0.64,58.0,31.0,11.0
2022-05-21T03:00:00Z,0.65,56.0,38.0,11.0
2022-05-21T04:00:00Z,0.51,35.0,69.0,13.0
2022-05-21T05:00:00Z,0.46,26.0,81.0,12.0
2022-05-21T06:00:00Z,0.53,27.0,75.0,12.0
2022-05-21T07:00:00Z,0.58,26.0,84.0,15.0
2022-05-21T08:00:00Z,0.64,22.0,105.0,16.0
2022-05-21T09:00:00Z,0.63,18.0,126.0,14.0
2022-05-21T10:00:00Z,0.55,15.0,137.0,12.0
2022-05-21T11:00:00Z,0.44,10.0,154.0,10.0
2022-05-21T12:00:00Z,0.45,9.0,162.0,10.0
2022-05-21T13:00:00Z,0.43,8.0,176.0,9.0
2022-05-21T14:00:00Z,0.47,9.0,186.0,8.0
2022-05-21T15:00:00Z,0.49,9.0,192.0,8.0
2022-05-21T16:00:00Z,0.5,12.0,197.0,9.0
2022-05-21T17:00:00Z,0.49,12.0,199.0,12.0
2022-05-21T18:00:00Z,0.48,13.0,188.0,8.0
2022-05-21T19:00:00Z,0.57,13.0,177.0,9.0
2022-05-21T20:00:00Z,0.53,18.0,161.0,9.0
2022-05-21T21:00:00Z,0.6,25.0,133.0,10.0
2022-05-21T22:00:00Z,0.71,33.0,111.0,11.0
2022-05-21T23:00:00Z,0.78,39.0,88.0,13.0
2022-05-22T00:00:00Z,0.78,38.0,82.0,13.0
2022-05-22T01:00:00Z,0.72,44.0,68.0,12.0
2022-05-22T02:00:00Z,0.69,46.0,57.0,11.0
2022-05-22T03:00:00Z,0.67,49.0,44.0,10.0
2022-05-22T04:00:00Z,0.69,56.0,35.0,10.0
2022-05-22T05:00:00Z,0.77,61.0,21.0,10.0
2022-05-22T06:00:00Z,0.8,57.0,24.0,10.0
2022-05-22T07:00:00Z,0.97,50.0,48.0,14.0
2022-05-22T08:00:00Z,1.16,50.0,78.0,24.0
2022-05-22T09:00:00Z,0.78,33.0,126.0,20.0
2022-05-22T10:00:00Z,0.69,21.0,166.0,16.0
2022-05-22T11:00:00Z,0.59,14.0,192.0,12.0
2022-05-22T12:00:00Z,0.53,10.0,203.0,11.0
2022-05-22T13:00:00Z,0.46,7.0,197.0,9.0
2022-05-22T14:00:00Z,0.45,8.0,197.0,8.0
2022-05-22T15:00:00Z,0.49,9.0,202.0,8.0
2022-05-22T16:00:00Z,0.46,9.0,200.0,8.0
2022-05-22T17:00:00Z,0.45,9.0,196.0,8.0
2022-05-22T18:00:00Z,0.53,11.0,195.0,9.0
2022-05-22T19:00:00Z,0.7,13.0,194.0,10.0
2022-05-22T20:00:00Z,0.93,18.0,185.0,11.0
2022-05-22T21:00:00Z,0.74,20.0,172.0,11.0
2022-05-22T22:00:00Z,0.5,14.0,161.0,10.0
2022-05-22T23:00:00Z,0.75,17.0,147.0,10.0
2022-05-23T00:00:00Z,0.73,17.0,145.0,11.0
2022-05-23T01:00:00Z,0.71,17.0,137.0,11.0
2022-05-23T02:00:00Z,0.63,18.0,125.0,10.0
2022-05-23T03:00:00Z,0.72,23.0,106.0,11.0
2022-05-23T04:00:00Z,0.74,36.0,79.0,11.0
2022-05-23T05:00:00Z,0.66,39.0,70.0,11.0
2022-05-23T06:00:00Z,0.65,48.0,59.0,11.0
2022-05-23T07:00:00Z,0.65,50.0,64.0,15.0
2022-05-23T08:00:00Z,0.66,41.0,98.0,17.0
2022-05-23T09:00:00Z,0.63,30.0,143.0,14.0
2022-05-23T10:00:00Z,0.55,17.0,183.0,11.0
2022-05-23T11:00:00Z,0.48,10.0,203.0,10.0
2022-05-23T12:00:00Z,0.42,10.0,204.0,9.0
2022-05-23T13:00:00Z,0.42,9.0,203.0,9.0
2022-05-23T14:00:00Z,0.41,10.0,201.0,9.0
2022-05-23T15:00:00Z,0.44,9.0,205.0,9.0
2022-05-23T16:00:00Z,0.42,10.0,203.0,9.0
2022-05-23T17:00:00Z,0.42,10.0,205.0,9.0
2022-05-23T18:00:00Z,0.42,12.0,208.0,9.0
2022-05-23T19:00:00Z,0.45,14.0,198.0,9.0
2022-05-23T20:00:00Z,0.45,19.0,165.0,9.0
2022-05-23T21:00:00Z,0.45,22.0,140.0,9.0
2022-05-23T22:00:00Z,0.46,22.0,148.0,10.0
2022-05-23T23:00:00Z,0.51,19.0,169.0,12.0
2022-05-24T00:00:00Z,0.59,18.0,149.0,10.0
2022-05-24T01:00:00Z,0.6,15.0,131.0,9.0
2022-05-24T02:00:00Z,0.6,14.0,115.0,9.0
2022-05-24T03:00:00Z,0.63,13.0,107.0,10.0
2022-05-24T04:00:00Z,0.58,14.0,99.0,9.0
2022-05-24T05:00:00Z,0.58,15.0,94.0,9.0
2022-05-24T06:00:00Z,0.56,16.0,93.0,9.0
2022-05-24T07:00:00Z,0.55,19.0,91.0,10.0
2022-05-24T08:00:00Z,0.56,17.0,99.0,11.0
2022-05-24T09:00:00Z,0.51,14.0,110.0,11.0
2022-05-24T10:00:00Z,0.5,13.0,126.0,9.0
2022-05-24T11:00:00Z,0.46,10.0,144.0,8.0
2022-05-24T12:00:00Z,0.48,9.0,157.0,8.0
2022-05-24T13:00:00Z,0.49,8.0,165.0,8.0
2022-05-24T14:00:00Z,0.42,8.0,173.0,8.0
2022-05-24T15:00:00Z,0.44,9.0,184.0,7.0
2022-05-24T16:00:00Z,0.46,9.0,190.0,7.0
2022-05-24T17:00:00Z,0.47,10.0,187.0,7.0
2022-05-24T18:00:00Z,0.42,10.0,183.0,8.0
2022-05-24T19:00:00Z,0.44,11.0,172.0,7.0
2022-05-24T20:00:00Z,0.44,12.0,147.0,8.0
2022-05-24T21:00:00Z,0.44,12.0,131.0,8.0
2022-05-24T22:00:00Z,0.45,11.0,124.0,6.0
2022-05-24T23:00:00Z,0.45,12.0,119.0,7.0
2022-05-25T00:00:00Z,0.5,11.0,117.0,8.0
2022-05-25T01:00:00Z,0.46,12.0,116.0,8.0
2022-05-25T02:00:00Z,0.5,12.0,114.0,8.0
2022-05-25T03:00:00Z,0.5,12.0,111.0,8.0
2022-05-25T04:00:00Z,0.51,13.0,104.0,9.0
2022-05-25T05:00:00Z,0.53,15.0,96.0,9.0
2022-05-25T06:00:00Z,0.56,17.0,89.0,9.0
2022-05-25T07:00:00Z,0.6,21.0,86.0,9.0
2022-05-25T08:00:00Z,0.65,21.0,93.0,10.0
2022-05-25T09:00:00Z,0.64,20.0,114.0,11.0
2022-05-25T10:00:00Z,0.64,18.0,148.0,12.0
2022-05-25T11:00:00Z,0.64,17.0,184.0,12.0
2022-05-25T12:00:00Z,0.56,12.0,205.0,9.0
2022-05-25T13:00:00Z,0.54,9.0,192.0,8.0
2022-05-25T14:00:00Z,0.55,8.0,180.0,7.0
2022-05-25T15:00:00Z,0.63,13.0,164.0,8.0
2022-05-25T16:00:00Z,0.61,17.0,151.0,7.0
2022-05-25T17:00:00Z,0.7,20.0,126.0,7.0
2022-05-25T18:00:00Z,0.64,24.0,112.0,7.0
2022-05-25T19:00:00Z,0.51,19.0,109.0,7.0
2022-05-25T20:00:00Z,0.45,17.0,94.0,7.0
2022-05-25T21:00:00Z,0.41,16.0,82.0,7.0
2022-05-25T22:00:00Z,0.42,15.0,78.0,7.0
2022-05-25T23:00:00Z,0.4,16.0,79.0,7.0
2022-05-26T00:00:00Z,0.37,16.0,76.0,8.0
2022-05-26T01:00:00Z,0.36,16.0,74.0,8.0
2022-05-26T02:00:00Z,0.37,16.0,72.0,8.0
2022-05-26T03:00:00Z,0.39,18.0,67.0,8.0
2022-05-26T04:00:00Z,0.37,20.0,61.0,8.0
2022-05-26T05:00:00Z,0.4,22.0,56.0,9.0
2022-05-26T06:00:00Z,0.5,34.0,42.0,10.0
2022-05-26T07:00:00Z,0.68,38.0,41.0,14.0
2022-05-26T08:00:00Z,0.7,32.0,55.0,15.0
2022-05-26T09:00:00Z,0.56,22.0,76.0,13.0
2022-05-26T10:00:00Z,0.45,18.0,91.0,11.0
2022-05-26T11:00:00Z,0.44,16.0,101.0,10.0
2022-05-26T12:00:00Z,0.43,15.0,117.0,9.0
2022-05-26T13:00:00Z,0.42,12.0,131.0,8.0
2022-05-26T14:00:00Z,0.37,10.0,137.0,8.0
2022-05-26T15:00:00Z,0.35,9.0,133.0,8.0
2022-05-26T16:00:00Z,0.35,8.0,135.0,8.0
2022-05-26T17:00:00Z,0.35,8.0,138.0,8.0
2022-05-26T18:00:00Z,0.35,10.0,138.0,7.0
2022-05-26T19:00:00Z,0.41,14.0,137.0,8.0
2022-05-26T20:00:00Z,0.44,20.0,118.0,8.0
2022-05-26T21:00:00Z,0.49,34.0,88.0,8.0
2022-05-26T22:00:00Z,0.6,45.0,60.0,9.0
2022-05-26T23:00:00Z,0.61,47.0,54.0,10.0
2022-05-27T00:00:00Z,0.56,44.0,59.0,11.0
2022-05-27T01:00:00Z,0.5,40.0,58.0,10.0
2022-05-27T02:00:00Z,0.51,39.0,54.0,11.0
2022-05-27T03:00:00Z,0.54,40.0,48.0,14.0
2022-05-27T04:00:00Z,0.61,46.0,39.0,15.0
2022-05-27T05:00:00Z,0.66,47.0,38.0,15.0
2022-05-27T06:00:00Z,0.69,43.0,44.0,13.0
2022-05-27T07:00:00Z,0.79,42.0,55.0,13.0
2022-05-27T08:00:00Z,0.82,36.0,93.0,13.0
2022-05-27T09:00:00Z,0.63,22.0,130.0,11.0
2022-05-27T10:00:00Z,0.51,15.0,149.0,10.0
2022-05-27T11:00:00Z,0.45,13.0,166.0,9.0
2022-05-27T12:00:00Z,0.44,11.0,177.0,9.0
2022-05-27T13:00:00Z,0.38,11.0,187.0,9.0
2022-05-27T14:00:00Z,0.43,10.0,193.0,9.0
2022-05-27T15:00:00Z,0.46,11.0,197.0,9.0
2022-05-27T16:00:00Z,0.46,12.0,192.0,9.0
2022-05-27T17:00:00Z,0.44,15.0,174.0,10.0
2022-05-27T18:00:00Z,0.43,17.0,156.0,8.0
2022-05-27T19:00:00Z,0.47,23.0,140.0,9.0
2022-05-27T20:00:00Z,0.51,29.0,123.0,9.0
2022-05-27T21:00:00Z,0.55,32.0,110.0,12.0
2022-05-27T22:00:00Z,0.59,37.0,98.0,12.0
2022-05-27T23:00:00Z,0.6,33.0,95.0,13.0
2022-05-28T00:00:00Z,0.6,37.0,80.0,14.0
2022-05-28T01:00:00Z,0.61,41.0,69.0,14.0
2022-05-28T02:00:00Z,0.63,42.0,63.0,13.0
2022-05-28T03:00:00Z,0.64,38.0,67.0,18.0
2022-05-28T04:00:00Z,0.65,35.0,66.0,15.0
2022-05-28T05:00:00Z,0.7,42.0,52.0,16.0
2022-05-28T06:00:00Z,0.77,44.0,50.0,18.0
2022-05-28T07:00:00Z,0.81,46.0,55.0,20.0
2022-05-28T08:00:00Z,0.8,40.0,83.0,18.0
2022-05-28T09:00:00Z,0.71,26.0,122.0,14.0
2022-05-28T10:00:00Z,0.64,17.0,141.0,11.0
2022-05-28T11:00:00Z,0.68,20.0,154.0,12.0
2022-05-28T12:00:00Z,0.61,15.0,175.0,11.0
2022-05-28T13:00:00Z,0.51,11.0,172.0,9.0
2022-05-28T14:00:00Z,0.51,11.0,176.0,9.0
2022-05-28T15:00:00Z,0.57,12.0,184.0,9.0
2022-05-28T16:00:00Z,0.56,11.0,178.0,8.0
2022-05-28T17:00:00Z,0.56,10.0,180.0,8.0
2022-05-28T18:00:00Z,0.63,10.0,187.0,8.0
2022-05-28T19:00:00Z,0.65,12.0,179.0,8.0
2022-05-28T20:00:00Z,0.6,13.0,154.0,8.0
2022-05-28T21:00:00Z,0.63,14.0,137.0,9.0
2022-05-28T22:00:00Z,0.7,15.0,124.0,9.0
2022-05-28T23:00:00Z,0.7,14.0,114.0,9.0
2022-05-29T00:00:00Z,0.67,15.0,105.0,9.0
2022-05-29T01:00:00Z,0.66,17.0,96.0,10.0
2022-05-29T02:00:00Z,0.65,17.0,87.0,10.0
2022-05-29T03:00:00Z,0.66,17.0,80.0,10.0
2022-05-29T04:00:00Z,0.73,17.0,75.0,10.0
2022-05-29T05:00:00Z,0.75,16.0,68.0,11.0
2022-05-29T06:00:00Z,0.82,18.0,62.0,12.0
2022-05-29T07:00:00Z,0.83,19.0,64.0,13.0
2022-05-29T08:00:00Z,0.81,18.0,78.0,13.0
2022-05-29T09:00:00Z,0.79,16.0,91.0,12.0
2022-05-29T10:00:00Z,0.68,13.0,107.0,10.0
2022-05-29T11:00:00Z,0.66,11.0,115.0,9.0
2022-05-29T12:00:00Z,0.64,10.0,119.0,8.0
2022-05-29T13:00:00Z,0.59,8.0,130.0,8.0
2022-05-29T14:00:00Z,0.58,8.0,139.0,8.0
2022-05-29T15:00:00Z,0.55,7.0,151.0,7.0
2022-05-29T16:00:00Z,0.54,9.0,155.0,6.0
2022-05-29T17:00:00Z,0.53,9.0,158.0,6.0
2022-05-29T18:00:00Z,0.53,11.0,160.0,7.0
2022-05-29T19:00:00Z,0.58,13.0,154.0,7.0
2022-05-29T20:00:00Z,0.61,20.0,133.0,8.0
2022-05-29T21:00:00Z,0.67,40.0,96.0,8.0
2022-05-29T22:00:00Z,0.74,58.0,65.0,9.0
2022-05-29T23:00:00Z,0.76,47.0,78.0,10.0
2022-05-30T00:00:00Z,0.66,35.0,85.0,12.0
2022-05-30T01:00:00Z,0.66,30.0,87.0,11.0
2022-05-30T02:00:00Z,0.63,17.0,109.0,9.0
2022-05-30T03:00:00Z,0.51,13.0,106.0,8.0
2022-05-30T04:00:00Z,0.42,12.0,87.0,8.0
2022-05-30T05:00:00Z,0.35,11.0,81.0,8.0
2022-05-30T06:00:00Z,0.37,14.0,80.0,10.0
2022-05-30T07:00:00Z,0.36,16.0,80.0,9.0
2022-05-30T08:00:00Z,0.35,15.0,86.0,8.0
2022-05-30T09:00:00Z,0.35,16.0,92.0,8.0
2022-05-30T10:00:00Z,0.34,15.0,102.0,8.0
2022-05-30T11:00:00Z,0.32,14.0,116.0,7.0
2022-05-30T12:00:00Z,0.35,13.0,131.0,7.0
2022-05-30T13:00:00Z,0.34,11.0,147.0,8.0
2022-05-30T14:00:00Z,0.34,10.0,159.0,8.0
2022-05-30T15:00:00Z,0.35,12.0,163.0,9.0
2022-05-30T16:00:00Z,0.36,12.0,165.0,9.0
2022-05-30T17:00:00Z,0.36,13.0,171.0,9.0
2022-05-30T18:00:00Z,0.36,15.0,166.0,8.0
2022-05-30T19:00:00Z,0.36,24.0,154.0,8.0
2022-05-30T20:00:00Z,0.4,34.0,135.0,9.0
2022-05-30T21:00:00Z,0.51,41.0,103.0,9.0
2022-05-30T22:00:00Z,0.6,66.0,70.0,9.0
2022-05-30T23:00:00Z,0.51,28.0,118.0,10.0
2022-05-31T00:00:00Z,0.54,21.0,118.0,11.0
2022-05-31T01:00:00Z,0.58,23.0,107.0,13.0
2022-05-31T02:00:00Z,0.63,24.0,99.0,14.0
2022-05-31T03:00:00Z,0.79,23.0,94.0,13.0
2022-05-31T04:00:00Z,0.79,20.0,91.0,13.0
2022-05-31T05:00:00Z,0.66,20.0,90.0,13.0
2022-05-31T06:00:00Z,0.74,23.0,88.0,14.0
2022-05-31T07:00:00Z,0.84,23.0,89.0,16.0
2022-05-31T09:00:00Z,0.78,21.0,117.0,14.0
2022-05-31T10:00:00Z,0.75,19.0,140.0,14.0
2022-05-31T11:00:00Z,0.68,17.0,167.0,13.0
2022-05-31T12:00:00Z,0.61,12.0,185.0,11.0
2022-05-31T13:00:00Z,0.53,10.0,189.0,10.0
2022-05-31T14:00:00Z,0.46,10.0,185.0,8.0
2022-05-31T15:00:00Z,0.47,12.0,186.0,9.0
2022-05-31T16:00:00Z,0.5,14.0,180.0,9.0
2022-05-31T17:00:00Z,0.49,19.0,174.0,8.0
2022-05-31T18:00:00Z,0.53,26.0,162.0,10.0
2022-05-31T19:00:00Z,0.55,27.0,161.0,10.0
2022-05-31T20:00:00Z,0.52,23.0,157.0,10.0
2022-05-31T21:00:00Z,0.66,21.0,154.0,11.0
2022-05-31T22:00:00Z,0.71,22.0,149.0,11.0
2022-05-31T23:00:00Z,0.8,21.0,145.0,12.0
2022-06-01T00:00:00Z,0.67,23.0,136.0,11.0
2022-06-01T01:00:00Z,0.89,23.0,126.0,12.0
2022-06-01T02:00:00Z,0.94,24.0,119.0,14.0
2022-06-01T03:00:00Z,1.05,27.0,106.0,15.0
2022-06-01T04:00:00Z,0.81,31.0,93.0,13.0
2022-06-01T05:00:00Z,0.72,33.0,87.0,13.0
2022-06-01T06:00:00Z,0.78,36.0,84.0,14.0
2022-06-01T07:00:00Z,0.89,36.0,87.0,15.0
2022-06-01T08:00:00Z,1.08,39.0,99.0,17.0
2022-06-01T09:00:00Z,0.85,33.0,132.0,17.0
2022-06-01T10:00:00Z,0.74,24.0,174.0,14.0
2022-06-01T11:00:00Z,0.67,18.0,201.0,13.0
2022-06-01T12:00:00Z,0.65,16.0,216.0,12.0
2022-06-01T13:00:00Z,0.64,15.0,221.0,12.0
2022-06-01T14:00:00Z,0.61,13.0,221.0,11.0
2022-06-01T15:00:00Z,0.53,12.0,215.0,11.0
2022-06-01T16:00:00Z,0.54,14.0,223.0,11.0
2022-06-01T17:00:00Z,0.58,18.0,233.0,12.0
2022-06-01T18:00:00Z,0.6,18.0,243.0,13.0
2022-06-01T19:00:00Z,0.67,19.0,250.0,15.0
2022-06-01T20:00:00Z,0.75,23.0,244.0,16.0
2022-06-01T21:00:00Z,0.8,31.0,216.0,17.0
2022-06-01T22:00:00Z,0.86,43.0,170.0,16.0
2022-06-01T23:00:00Z,0.96,43.0,155.0,17.0
2022-06-02T00:00:00Z,1.01,35.0,162.0,19.0
2022-06-02T01:00:00Z,0.91,35.0,157.0,22.0
2022-06-02T02:00:00Z,0.99,39.0,129.0,20.0
2022-06-02T03:00:00Z,0.89,36.0,102.0,16.0
2022-06-02T04:00:00Z,0.72,29.0,89.0,14.0
2022-06-02T05:00:00Z,0.76,28.0,75.0,14.0
2022-06-02T06:00:00Z,0.76,30.0,66.0,14.0
2022-06-02T07:00:00Z,0.77,32.0,66.0,17.0
2022-06-02T08:00:00Z,0.78,30.0,84.0,16.0
2022-06-02T09:00:00Z,0.8,30.0,111.0,15.0
2022-06-02T10:00:00Z,0.65,22.0,151.0,13.0
2022-06-02T11:00:00Z,0.58,15.0,176.0,10.0
2022-06-02T12:00:00Z,0.59,13.0,214.0,12.0
2022-06-02T13:00:00Z,0.6,10.0,225.0,11.0
2022-06-02T14:00:00Z,0.51,10.0,214.0,10.0
2022-06-02T15:00:00Z,0.44,10.0,207.0,8.0
2022-06-02T16:00:00Z,0.47,11.0,210.0,8.0
2022-06-02T17:00:00Z,0.47,13.0,213.0,6.0
2022-06-02T18:00:00Z,0.5,15.0,207.0,8.0
2022-06-02T19:00:00Z,0.51,19.0,191.0,8.0
2022-06-02T20:00:00Z,0.51,21.0,183.0,9.0
2022-06-02T21:00:00Z,0.58,19.0,187.0,10.0
2022-06-02T22:00:00Z,0.59,19.0,192.0,11.0
2022-06-02T23:00:00Z,0.68,18.0,196.0,10.0
2022-06-03T00:00:00Z,0.76,20.0,193.0,10.0
2022-06-03T01:00:00Z,0.81,21.0,178.0,10.0
2022-06-03T02:00:00Z,0.75,22.0,160.0,10.0
2022-06-03T03:00:00Z,0.66,20.0,150.0,10.0
2022-06-03T04:00:00Z,0.66,22.0,144.0,11.0
2022-06-03T05:00:00Z,0.69,22.0,138.0,11.0
2022-06-03T06:00:00Z,0.75,21.0,136.0,9.0
2022-06-03T07:00:00Z,0.79,23.0,135.0,9.0
2022-06-03T08:00:00Z,0.77,22.0,142.0,9.0
2022-06-03T09:00:00Z,0.71,18.0,169.0,9.0
2022-06-03T10:00:00Z,0.7,18.0,190.0,9.0
2022-06-03T11:00:00Z,0.61,14.0,187.0,8.0
2022-06-03T12:00:00Z,0.54,11.0,187.0,7.0
2022-06-03T13:00:00Z,0.55,11.0,200.0,7.0
2022-06-03T14:00:00Z,0.52,12.0,207.0,7.0
2022-06-03T15:00:00Z,0.51,11.0,213.0,7.0
2022-06-03T16:00:00Z,0.54,12.0,229.0,7.0
2022-06-03T17:00:00Z,0.54,14.0,234.0,8.0
2022-06-03T18:00:00Z,0.46,15.0,211.0,7.0
2022-06-03T19:00:00Z,0.4,17.0,185.0,7.0
2022-06-03T20:00:00Z,0.44,20.0,172.0,7.0
2022-06-03T21:00:00Z,0.47,17.0,169.0,8.0
2022-06-03T22:00:00Z,0.53,17.0,165.0,9.0
2022-06-03T23:00:00Z,0.61,16.0,159.0,8.0
2022-06-04T00:00:00Z,0.61,15.0,150.0,8.0
2022-06-04T01:00:00Z,0.6,16.0,139.0,8.0
2022-06-04T02:00:00Z,0.59,17.0,124.0,9.0
2022-06-04T03:00:00Z,0.54,16.0,106.0,10.0
2022-06-04T04:00:00Z,0.46,15.0,79.0,10.0
2022-06-04T05:00:00Z,0.42,14.0,63.0,9.0
2022-06-04T06:00:00Z,0.44,14.0,52.0,9.0
2022-06-04T07:00:00Z,0.45,15.0,45.0,8.0
2022-06-04T08:00:00Z,0.46,16.0,46.0,8.0
2022-06-04T09:00:00Z,0.47,15.0,53.0,9.0
2022-06-04T10:00:00Z,0.47,14.0,59.0,8.0
2022-06-04T11:00:00Z,0.51,12.0,70.0,7.0
2022-06-04T12:00:00Z,0.51,10.0,89.0,7.0
2022-06-04T13:00:00Z,0.51,13.0,93.0,6.0
2022-06-04T14:00:00Z,0.51,12.0,97.0,7.0
2022-06-04T15:00:00Z,0.53,11.0,113.0,6.0
2022-06-04T16:00:00Z,0.53,11.0,124.0,6.0
2022-06-04T17:00:00Z,0.51,12.0,130.0,6.0
2022-06-04T18:00:00Z,0.53,14.0,132.0,7.0
2022-06-04T19:00:00Z,0.54,14.0,134.0,7.0
2022-06-04T20:00:00Z,0.54,16.0,128.0,7.0
2022-06-04T21:00:00Z,0.53,17.0,114.0,7.0
2022-06-04T22:00:00Z,0.54,16.0,104.0,7.0
2022-06-04T23:00:00Z,0.51,15.0,94.0,7.0
2022-06-05T00:00:00Z,0.53,17.0,84.0,7.0
2022-06-05T01:00:00Z,0.54,21.0,71.0,8.0
2022-06-05T02:00:00Z,0.53,24.0,64.0,9.0
2022-06-05T03:00:00Z,0.54,23.0,58.0,10.0
2022-06-05T04:00:00Z,0.53,23.0,53.0,10.0
2022-06-05T05:00:00Z,0.53,25.0,46.0,10.0
2022-06-05T06:00:00Z,0.55,29.0,37.0,9.0
2022-06-05T07:00:00Z,0.59,37.0,24.0,9.0
2022-06-05T08:00:00Z,0.71,39.0,29.0,9.0
2022-06-05T09:00:00Z,0.96,37.0,36.0,12.0
2022-06-05T10:00:00Z,0.91,33.0,54.0,12.0
2022-06-05T11:00:00Z,0.86,33.0,90.0,14.0
2022-06-05T12:00:00Z,0.85,26.0,156.0,15.0
2022-06-05T13:00:00Z,0.89,18.0,202.0,15.0
2022-06-05T15:00:00Z,0.78,16.0,221.0,13.0
2022-06-05T16:00:00Z,0.77,16.0,229.0,13.0
2022-06-05T17:00:00Z,0.76,16.0,229.0,12.0
2022-06-05T18:00:00Z,0.76,16.0,219.0,11.0
2022-06-05T19:00:00Z,0.74,20.0,199.0,10.0
2022-06-05T20:00:00Z,0.76,25.0,176.0,10.0
2022-06-05T21:00:00Z,0.85,23.0,165.0,11.0
2022-06-05T22:00:00Z,0.9,20.0,155.0,10.0
2022-06-05T23:00:00Z,0.84,22.0,139.0,10.0
2022-06-06T00:00:00Z,0.83,24.0,121.0,10.0
2022-06-06T01:00:00Z,0.81,27.0,108.0,9.0
2022-06-06T02:00:00Z,0.83,24.0,105.0,9.0
2022-06-06T03:00:00Z,0.93,20.0,103.0,9.0
2022-06-06T04:00:00Z,1.01,18.0,99.0,9.0
2022-06-06T05:00:00Z,1.05,19.0,85.0,8.0
2022-06-06T06:00:00Z,1.11,22.0,71.0,9.0
2022-06-06T07:00:00Z,1.06,28.0,67.0,11.0
2022-06-06T08:00:00Z,0.97,31.0,93.0,13.0
2022-06-06T09:00:00Z,0.77,24.0,133.0,15.0
2022-06-06T10:00:00Z,0.79,24.0,169.0,17.0
2022-06-06T11:00:00Z,0.81,20.0,190.0,17.0
2022-06-06T12:00:00Z,0.58,13.0,182.0,12.0
2022-06-06T13:00:00Z,0.45,10.0,161.0,9.0
2022-06-06T14:00:00Z,0.35,8.0,139.0,6.0
2022-06-06T15:00:00Z,0.34,10.0,139.0,7.0
2022-06-06T16:00:00Z,0.34,11.0,144.0,6.0
2022-06-06T17:00:00Z,0.34,11.0,145.0,6.0
2022-06-06T18:00:00Z,0.34,13.0,145.0,6.0
2022-06-06T19:00:00Z,0.36,15.0,144.0,8.0
2022-06-06T20:00:00Z,0.4,18.0,131.0,8.0
2022-06-06T21:00:00Z,0.44,24.0,113.0,8.0
2022-06-06T22:00:00Z,0.45,28.0,102.0,9.0
2022-06-06T23:00:00Z,0.45,20.0,106.0,8.0
2022-06-07T00:00:00Z,0.42,17.0,94.0,9.0
2022-06-07T01:00:00Z,0.42,15.0,93.0,9.0
2022-06-07T02:00:00Z,0.46,15.0,91.0,9.0
2022-06-07T03:00:00Z,0.47,15.0,85.0,9.0
2022-06-07T04:00:00Z,0.47,16.0,77.0,9.0
2022-06-07T05:00:00Z,0.47,17.0,71.0,8.0
2022-06-07T06:00:00Z,0.45,19.0,68.0,9.0
2022-06-07T07:00:00Z,0.44,18.0,73.0,9.0
2022-06-07T08:00:00Z,0.42,15.0,82.0,8.0
2022-06-07T09:00:00Z,0.42,14.0,89.0,7.0
2022-06-07T10:00:00Z,0.42,14.0,97.0,8.0
2022-06-07T11:00:00Z,0.41,12.0,112.0,8.0
2022-06-07T12:00:00Z,0.41,11.0,126.0,8.0
2022-06-07T13:00:00Z,0.41,10.0,137.0,7.0
2022-06-07T14:00:00Z,0.4,11.0,148.0,8.0
2022-06-07T15:00:00Z,0.41,12.0,159.0,8.0
2022-06-07T16:00:00Z,0.44,13.0,167.0,9.0
2022-06-07T17:00:00Z,0.44,13.0,172.0,10.0
2022-06-07T18:00:00Z,0.5,12.0,167.0,9.0
2022-06-07T19:00:00Z,0.47,16.0,158.0,9.0
2022-06-07T20:00:00Z,0.53,25.0,141.0,8.0
2022-06-07T21:00:00Z,0.5,22.0,136.0,9.0
2022-06-07T22:00:00Z,0.49,17.0,136.0,7.0
2022-06-08T00:00:00Z,0.45,19.0,120.0,7.0
2022-06-08T01:00:00Z,0.46,22.0,107.0,8.0
2022-06-08T02:00:00Z,0.45,22.0,96.0,8.0
2022-06-08T03:00:00Z,0.47,21.0,92.0,9.0
2022-06-08T04:00:00Z,0.45,23.0,75.0,9.0
2022-06-08T05:00:00Z,0.45,22.0,66.0,10.0
2022-06-08T06:00:00Z,0.45,20.0,64.0,11.0
2022-06-08T07:00:00Z,0.44,18.0,68.0,10.0
2022-06-08T08:00:00Z,0.47,16.0,82.0,10.0
2022-06-08T09:00:00Z,0.44,14.0,102.0,9.0
2022-06-08T10:00:00Z,0.49,13.0,125.0,8.0
2022-06-08T11:00:00Z,0.51,12.0,147.0,9.0
2022-06-08T12:00:00Z,0.5,10.0,164.0,8.0
2022-06-08T13:00:00Z,0.43,8.0,180.0,8.0
2022-06-08T14:00:00Z,0.45,9.0,194.0,9.0
2022-06-08T15:00:00Z,0.49,10.0,206.0,8.0
2022-06-08T16:00:00Z,0.54,11.0,219.0,9.0
2022-06-08T17:00:00Z,0.59,13.0,228.0,9.0
2022-06-08T18:00:00Z,0.6,14.0,226.0,9.0
2022-06-08T19:00:00Z,0.56,15.0,212.0,8.0
2022-06-08T20:00:00Z,0.56,18.0,193.0,8.0
2022-06-08T21:00:00Z,0.58,17.0,175.0,8.0
2022-06-08T22:00:00Z,0.58,16.0,165.0,8.0
2022-06-08T23:00:00Z,0.63,16.0,159.0,9.0
2022-06-09T00:00:00Z,0.6,16.0,148.0,9.0
2022-06-09T01:00:00Z,0.59,17.0,140.0,9.0
2022-06-09T02:00:00Z,0.56,21.0,131.0,9.0
2022-06-09T03:00:00Z,0.59,19.0,127.0,10.0
2022-06-09T04:00:00Z,0.59,22.0,116.0,10.0
2022-06-09T05:00:00Z,0.58,26.0,97.0,12.0
2022-06-09T06:00:00Z,0.59,28.0,85.0,16.0
2022-06-09T07:00:00Z,0.62,35.0,77.0,16.0
2022-06-09T08:00:00Z,0.76,39.0,71.0,16.0
2022-06-09T09:00:00Z,0.81,36.0,78.0,15.0
2022-06-09T10:00:00Z,0.81,39.0,80.0,14.0
2022-06-09T11:00:00Z,0.79,36.0,94.0,15.0
2022-06-09T12:00:00Z,0.69,25.0,135.0,15.0
2022-06-09T13:00:00Z,0.64,18.0,167.0,12.0
2022-06-09T14:00:00Z,0.53,14.0,191.0,10.0
2022-06-09T15:00:00Z,0.45,10.0,196.0,7.0
2022-06-09T16:00:00Z,0.5,11.0,199.0,7.0
2022-06-09T17:00:00Z,0.49,14.0,190.0,8.0
2022-06-09T18:00:00Z,0.53,16.0,193.0,8.0
2022-06-09T19:00:00Z,0.61,23.0,194.0,9.0
2022-06-09T20:00:00Z,0.6,26.0,184.0,10.0
2022-06-09T21:00:00Z,0.6,27.0,170.0,10.0
2022-06-09T22:00:00Z,0.59,27.0,157.0,11.0
2022-06-09T23:00:00Z,0.57,23.0,159.0,11.0
2022-06-10T00:00:00Z,0.59,17.0,164.0,9.0
2022-06-10T01:00:00Z,0.55,16.0,164.0,9.0
2022-06-10T02:00:00Z,0.55,17.0,152.0,9.0
2022-06-10T03:00:00Z,0.58,19.0,134.0,11.0
2022-06-10T04:00:00Z,0.56,20.0,122.0,11.0
2022-06-10T05:00:00Z,0.59,20.0,106.0,10.0
2022-06-10T06:00:00Z,0.6,26.0,77.0,9.0
2022-06-10T07:00:00Z,0.61,35.0,54.0,11.0
2022-06-10T08:00:00Z,0.63,39.0,53.0,13.0
2022-06-10T09:00:00Z,0.63,32.0,67.0,13.0
2022-06-10T10:00:00Z,0.66,31.0,80.0,13.0
2022-06-10T11:00:00Z,0.8,30.0,98.0,14.0
2022-06-10T12:00:00Z,0.8,22.0,116.0,12.0
2022-06-10T13:00:00Z,0.66,19.0,122.0,6.0
2022-06-10T14:00:00Z,0.58,19.0,139.0,8.0
2022-06-10T15:00:00Z,0.71,19.0,144.0,7.0
2022-06-10T16:00:00Z,0.59,15.0,163.0,7.0
2022-06-10T17:00:00Z,0.66,21.0,165.0,8.0
2022-06-10T18:00:00Z,0.74,21.0,163.0,9.0
2022-06-10T19:00:00Z,0.59,15.0,147.0,8.0
2022-06-10T20:00:00Z,0.41,14.0,130.0,6.0
2022-06-10T21:00:00Z,0.4,20.0,111.0,7.0
2022-06-10T22:00:00Z,0.4,25.0,98.0,8.0
2022-06-10T23:00:00Z,0.44,29.0,89.0,8.0
2022-06-11T00:00:00Z,0.46,25.0,89.0,8.0
2022-06-11T01:00:00Z,0.49,25.0,79.0,9.0
2022-06-11T02:00:00Z,0.46,23.0,66.0,9.0
2022-06-11T03:00:00Z,0.48,20.0,56.0,10.0
2022-06-11T04:00:00Z,0.46,20.0,47.0,11.0
2022-06-11T05:00:00Z,0.46,20.0,41.0,11.0
2022-06-11T06:00:00Z,0.46,21.0,37.0,12.0
2022-06-11T07:00:00Z,0.47,21.0,41.0,13.0
2022-06-11T08:00:00Z,0.5,21.0,57.0,13.0
2022-06-11T09:00:00Z,0.47,19.0,85.0,13.0
2022-06-11T10:00:00Z,0.47,18.0,119.0,13.0
2022-06-11T11:00:00Z,0.45,14.0,154.0,11.0
2022-06-11T12:00:00Z,0.44,11.0,178.0,9.0
2022-06-11T13:00:00Z,0.42,9.0,190.0,8.0
2022-06-11T14:00:00Z,0.41,10.0,194.0,8.0
2022-06-11T15:00:00Z,0.41,10.0,196.0,8.0
2022-06-11T16:00:00Z,0.39,11.0,198.0,7.0
2022-06-11T17:00:00Z,0.38,13.0,196.0,7.0
2022-06-11T18:00:00Z,0.35,13.0,180.0,6.0
2022-06-11T19:00:00Z,0.4,11.0,174.0,7.0
2022-06-11T20:00:00Z,0.42,12.0,166.0,8.0
2022-06-11T21:00:00Z,0.4,13.0,149.0,7.0
2022-06-11T22:00:00Z,0.4,14.0,139.0,7.0
2022-06-11T23:00:00Z,0.36,15.0,130.0,7.0
2022-06-12T00:00:00Z,0.4,15.0,120.0,9.0
2022-06-12T01:00:00Z,0.38,14.0,115.0,9.0
2022-06-12T02:00:00Z,0.39,13.0,108.0,9.0
2022-06-12T03:00:00Z,0.38,12.0,99.0,9.0
2022-06-12T04:00:00Z,0.4,13.0,90.0,10.0
2022-06-12T05:00:00Z,0.4,13.0,81.0,10.0
2022-06-12T06:00:00Z,0.45,14.0,74.0,11.0
2022-06-12T07:00:00Z,0.47,16.0,69.0,10.0
2022-06-12T08:00:00Z,0.49,16.0,72.0,10.0
2022-06-12T09:00:00Z,0.49,14.0,87.0,10.0
2022-06-12T10:00:00Z,0.46,12.0,100.0,9.0
2022-06-12T11:00:00Z,0.44,11.0,108.0,9.0
2022-06-12T13:00:00Z,0.42,8.0,122.0,8.0
2022-06-12T14:00:00Z,0.45,7.0,126.0,8.0
2022-06-12T15:00:00Z,0.42,8.0,128.0,8.0
2022-06-12T16:00:00Z,0.45,9.0,137.0,8.0
2022-06-12T17:00:00Z,0.49,10.0,140.0,8.0
2022-06-12T18:00:00Z,0.5,10.0,140.0,7.0
2022-06-12T19:00:00Z,0.51,12.0,137.0,7.0
2022-06-12T20:00:00Z,0.49,13.0,130.0,7.0
2022-06-12T21:00:00Z,0.45,16.0,120.0,8.0
2022-06-13T09:00:00Z,0.58,18.0,88.0,11.0
2022-06-13T10:00:00Z,0.53,12.0,116.0,10.0
2022-06-13T11:00:00Z,0.5,10.0,140.0,9.0
2022-06-13T12:00:00Z,0.47,9.0,158.0,8.0
2022-06-13T13:00:00Z,0.46,9.0,169.0,8.0
2022-06-13T14:00:00Z,0.46,9.0,177.0,8.0
2022-06-13T15:00:00Z,0.46,9.0,184.0,8.0
2022-06-13T16:00:00Z,0.46,10.0,183.0,8.0
2022-06-13T17:00:00Z,0.42,11.0,180.0,7.0
2022-06-13T18:00:00Z,0.42,11.0,183.0,7.0
2022-06-13T19:00:00Z,0.46,14.0,172.0,8.0
2022-06-13T20:00:00Z,0.43,10.0,146.0,7.0
2022-06-13T21:00:00Z,0.46,13.0,130.0,7.0
2022-06-13T22:00:00Z,0.43,12.0,126.0,7.0
2022-06-13T23:00:00Z,0.43,13.0,121.0,7.0
2022-06-14T00:00:00Z,0.45,13.0,114.0,7.0
2022-06-14T01:00:00Z,0.49,13.0,112.0,8.0
2022-06-14T02:00:00Z,0.44,12.0,111.0,8.0
2022-06-14T03:00:00Z,0.44,13.0,104.0,8.0
2022-06-14T04:00:00Z,0.47,13.0,96.0,8.0
2022-06-14T05:00:00Z,0.49,12.0,90.0,8.0
2022-06-14T06:00:00Z,0.53,14.0,82.0,9.0
2022-06-14T07:00:00Z,0.52,19.0,75.0,8.0
2022-06-14T08:00:00Z,0.55,25.0,71.0,10.0
2022-06-14T09:00:00Z,0.57,21.0,93.0,11.0
2022-06-14T10:00:00Z,0.53,17.0,121.0,11.0
2022-06-14T11:00:00Z,0.49,15.0,141.0,10.0
2022-06-14T12:00:00Z,0.47,13.0,153.0,9.0
2022-06-14T13:00:00Z,0.44,11.0,166.0,9.0
2022-06-14T14:00:00Z,0.42,9.0,174.0,8.0
2022-06-14T15:00:00Z,0.43,10.0,175.0,8.0
2022-06-14T16:00:00Z,0.38,11.0,183.0,7.0
2022-06-14T17:00:00Z,0.39,11.0,180.0,8.0
2022-06-14T18:00:00Z,0.38,12.0,171.0,8.0
2022-06-14T19:00:00Z,0.36,13.0,162.0,8.0
2022-06-14T20:00:00Z,0.4,18.0,150.0,8.0
2022-06-14T21:00:00Z,0.44,34.0,116.0,9.0
2022-06-14T22:00:00Z,0.5,42.0,84.0,9.0
2022-06-14T23:00:00Z,0.56,54.0,61.0,9.0
2022-06-15T00:00:00Z,0.67,61.0,39.0,8.0
2022-06-15T01:00:00Z,0.66,61.0,35.0,9.0
2022-06-15T02:00:00Z,0.61,65.0,35.0,11.0
2022-06-15T03:00:00Z,0.61,62.0,34.0,11.0
2022-06-15T04:00:00Z,0.61,46.0,54.0,14.0
2022-06-15T05:00:00Z,0.55,43.0,63.0,14.0
2022-06-15T06:00:00Z,0.55,46.0,59.0,14.0
2022-06-15T07:00:00Z,0.59,45.0,68.0,14.0
2022-06-15T08:00:00Z,0.63,47.0,82.0,14.0
2022-06-15T09:00:00Z,0.64,44.0,107.0,16.0
2022-06-15T10:00:00Z,0.63,30.0,149.0,15.0
2022-06-15T11:00:00Z,0.55,22.0,181.0,12.0
2022-06-15T12:00:00Z,0.51,14.0,203.0,12.0
2022-06-15T13:00:00Z,0.45,11.0,205.0,10.0
2022-06-15T14:00:00Z,0.42,10.0,199.0,9.0
2022-06-15T15:00:00Z,0.45,12.0,199.0,8.0
2022-06-15T16:00:00Z,0.44,11.0,201.0,8.0
2022-06-15T17:00:00Z,0.45,12.0,201.0,8.0
2022-06-15T18:00:00Z,0.44,15.0,204.0,9.0
2022-06-15T19:00:00Z,0.45,18.0,194.0,9.0
2022-06-15T20:00:00Z,0.45,21.0,168.0,9.0
2022-06-15T21:00:00Z,0.45,21.0,147.0,9.0
2022-06-15T22:00:00Z,0.47,27.0,129.0,9.0
2022-06-15T23:00:00Z,0.5,34.0,103.0,11.0
2022-06-16T00:00:00Z,0.55,34.0,94.0,11.0
2022-06-16T01:00:00Z,0.64,33.0,87.0,11.0
2022-06-16T02:00:00Z,0.69,31.0,83.0,10.0
2022-06-16T03:00:00Z,0.72,30.0,78.0,10.0
2022-06-16T04:00:00Z,0.77,31.0,71.0,10.0
2022-06-16T05:00:00Z,0.82,30.0,69.0,10.0
2022-06-16T06:00:00Z,0.85,31.0,63.0,10.0
2022-06-16T07:00:00Z,0.8,32.0,69.0,11.0
2022-06-16T08:00:00Z,0.71,29.0,86.0,11.0
2022-06-16T09:00:00Z,0.74,27.0,119.0,12.0
2022-06-16T10:00:00Z,0.75,23.0,159.0,13.0
2022-06-16T11:00:00Z,0.7,18.0,188.0,11.0
2022-06-16T12:00:00Z,0.7,18.0,220.0,11.0
2022-06-16T13:00:00Z,0.74,18.0,251.0,11.0
2022-06-16T14:00:00Z,0.75,16.0,273.0,10.0
2022-06-16T15:00:00Z,0.71,14.0,267.0,11.0
2022-06-16T16:00:00Z,0.66,15.0,266.0,10.0
2022-06-16T17:00:00Z,0.63,15.0,242.0,9.0
2022-06-16T18:00:00Z,0.58,14.0,215.0,8.0
2022-06-16T19:00:00Z,0.54,16.0,199.0,9.0
2022-06-16T20:00:00Z,0.49,16.0,182.0,10.0
2022-06-16T21:00:00Z,0.53,16.0,157.0,10.0
2022-06-16T22:00:00Z,0.53,16.0,138.0,9.0
2022-06-16T23:00:00Z,0.5,16.0,127.0,11.0
2022-06-17T00:00:00Z,0.6,18.0,123.0,11.0
2022-06-17T01:00:00Z,0.55,18.0,115.0,12.0
2022-06-17T02:00:00Z,0.56,19.0,107.0,12.0
2022-06-17T03:00:00Z,0.61,19.0,98.0,12.0
2022-06-17T04:00:00Z,0.63,18.0,103.0,11.0
2022-06-17T05:00:00Z,0.58,18.0,102.0,10.0
2022-06-17T06:00:00Z,0.61,26.0,80.0,11.0
2022-06-17T07:00:00Z,0.68,36.0,61.0,11.0
2022-06-17T08:00:00Z,0.7,33.0,74.0,13.0
2022-06-17T09:00:00Z,0.67,26.0,105.0,14.0
2022-06-17T10:00:00Z,0.64,20.0,147.0,13.0
2022-06-17T11:00:00Z,0.61,15.0,181.0,10.0
2022-06-17T12:00:00Z,0.59,12.0,198.0,9.0
2022-06-17T13:00:00Z,0.48,10.0,208.0,9.0
2022-06-17T14:00:00Z,0.44,10.0,202.0,9.0
2022-06-17T15:00:00Z,0.41,10.0,205.0,8.0
2022-06-17T16:00:00Z,0.41,10.0,204.0,8.0
2022-06-17T17:00:00Z,0.39,10.0,200.0,7.0
2022-06-17T18:00:00Z,0.41,12.0,198.0,8.0
2022-06-17T19:00:00Z,0.44,15.0,190.0,8.0
2022-06-17T20:00:00Z,0.47,16.0,179.0,8.0
2022-06-17T21:00:00Z,0.5,18.0,167.0,10.0
2022-06-17T22:00:00Z,0.54,17.0,163.0,10.0
2022-06-17T23:00:00Z,0.56,18.0,146.0,11.0
2022-06-18T00:00:00Z,0.59,19.0,133.0,12.0
2022-06-18T01:00:00Z,0.64,19.0,122.0,12.0
2022-06-18T02:00:00Z,0.59,19.0,113.0,12.0
2022-06-18T03:00:00Z,0.59,18.0,104.0,11.0
2022-06-18T04:00:00Z,0.57,19.0,93.0,12.0
2022-06-18T05:00:00Z,0.59,25.0,75.0,12.0
2022-06-18T06:00:00Z,0.64,34.0,57.0,11.0
2022-06-18T07:00:00Z,0.69,41.0,57.0,12.0
2022-06-18T08:00:00Z,0.65,28.0,88.0,14.0
2022-06-18T09:00:00Z,0.63,21.0,122.0,12.0
2022-06-18T10:00:00Z,0.61,16.0,149.0,10.0
2022-06-18T11:00:00Z,0.51,11.0,166.0,10.0
2022-06-18T12:00:00Z,0.42,9.0,161.0,9.0
2022-06-18T13:00:00Z,0.4,8.0,175.0,8.0
2022-06-18T14:00:00Z,0.41,8.0,180.0,8.0
2022-06-18T15:00:00Z,0.41,8.0,178.0,7.0
2022-06-18T16:00:00Z,0.4,8.0,170.0,7.0
2022-06-18T17:00:00Z,0.4,9.0,175.0,8.0
2022-06-18T18:00:00Z,0.4,10.0,170.0,7.0
2022-06-18T19:00:00Z,0.41,11.0,160.0,7.0
2022-06-18T20:00:00Z,0.44,14.0,148.0,8.0
2022-06-18T21:00:00Z,0.47,17.0,138.0,10.0
2022-06-18T22:00:00Z,0.51,19.0,137.0,12.0
2022-06-18T23:00:00Z,0.51,17.0,142.0,11.0
2022-06-19T00:00:00Z,0.54,18.0,140.0,11.0
2022-06-19T01:00:00Z,0.55,17.0,138.0,10.0
2022-06-19T02:00:00Z,0.55,14.0,141.0,11.0
2022-06-19T03:00:00Z,0.61,14.0,141.0,12.0
2022-06-19T04:00:00Z,0.61,22.0,126.0,11.0
2022-06-19T05:00:00Z,0.63,30.0,106.0,11.0
2022-06-19T06:00:00Z,0.66,34.0,98.0,14.0
2022-06-19T07:00:00Z,0.69,31.0,105.0,14.0
2022-06-19T08:00:00Z,0.7,26.0,127.0,13.0
2022-06-19T09:00:00Z,0.77,22.0,171.0,15.0
2022-06-19T10:00:00Z,0.8,20.0,229.0,16.0
2022-06-19T11:00:00Z,0.72,14.0,261.0,14.0
2022-06-19T12:00:00Z,0.69,13.0,262.0,11.0
2022-06-19T13:00:00Z,0.64,11.0,262.0,11.0
2022-06-19T14:00:00Z,0.57,11.0,247.0,10.0
2022-06-19T15:00:00Z,0.52,11.0,232.0,9.0
2022-06-19T16:00:00Z,0.5,11.0,223.0,9.0
2022-06-19T17:00:00Z,0.5,13.0,225.0,9.0
2022-06-19T18:00:00Z,0.49,13.0,227.0,9.0
2022-06-19T19:00:00Z,0.47,15.0,216.0,8.0
2022-06-19T20:00:00Z,0.49,16.0,193.0,9.0
2022-06-19T21:00:00Z,0.47,15.0,166.0,9.0
2022-06-19T22:00:00Z,0.5,16.0,142.0,9.0
2022-06-19T23:00:00Z,0.49,16.0,120.0,10.0
2022-06-20T00:00:00Z,0.42,14.0,108.0,10.0
2022-06-20T01:00:00Z,0.42,17.0,96.0,11.0
2022-06-20T02:00:00Z,0.41,17.0,87.0,11.0
2022-06-20T03:00:00Z,0.42,15.0,78.0,11.0
2022-06-20T04:00:00Z,0.44,19.0,63.0,11.0
2022-06-20T05:00:00Z,0.48,21.0,49.0,11.0
2022-06-20T06:00:00Z,0.48,20.0,41.0,11.0
2022-06-20T07:00:00Z,0.5,21.0,40.0,11.0
2022-06-20T08:00:00Z,0.5,18.0,47.0,11.0
2022-06-20T09:00:00Z,0.5,16.0,58.0,13.0
2022-06-20T10:00:00Z,0.51,14.0,74.0,12.0
2022-06-20T11:00:00Z,0.5,12.0,103.0,11.0
2022-06-20T12:00:00Z,0.47,10.0,122.0,16.0
2022-06-20T13:00:00Z,0.45,8.0,140.0,12.0
2022-06-20T14:00:00Z,0.45,8.0,154.0,11.0
2022-06-20T15:00:00Z,0.45,9.0,165.0,9.0
2022-06-20T16:00:00Z,0.41,9.0,167.0,10.0
2022-06-20T17:00:00Z,0.4,10.0,174.0,11.0
2022-06-20T18:00:00Z,0.42,11.0,183.0,8.0
2022-06-20T19:00:00Z,0.45,15.0,177.0,8.0
2022-06-20T20:00:00Z,0.48,18.0,163.0,8.0
2022-06-20T21:00:00Z,0.46,18.0,159.0,9.0
2022-06-20T22:00:00Z,0.49,16.0,157.0,10.0
2022-06-20T23:00:00Z,0.55,15.0,143.0,10.0
2022-06-21T00:00:00Z,0.56,11.0,138.0,9.0
2022-06-21T01:00:00Z,0.53,11.0,133.0,8.0
2022-06-21T02:00:00Z,0.54,12.0,126.0,9.0
2022-06-21T03:00:00Z,0.53,13.0,120.0,8.0
2022-06-21T04:00:00Z,0.55,12.0,114.0,8.0
2022-06-21T05:00:00Z,0.55,12.0,103.0,8.0
2022-06-21T06:00:00Z,0.55,13.0,87.0,8.0
2022-06-21T07:00:00Z,0.54,14.0,77.0,8.0
2022-06-21T08:00:00Z,0.5,13.0,88.0,9.0
2022-06-21T09:00:00Z,0.5,12.0,102.0,9.0
2022-06-21T10:00:00Z,0.56,11.0,129.0,9.0
2022-06-21T11:00:00Z,0.58,10.0,157.0,9.0
2022-06-21T12:00:00Z,0.5,8.0,162.0,8.0
2022-06-21T13:00:00Z,0.48,8.0,172.0,8.0
2022-06-21T14:00:00Z,0.44,7.0,169.0,7.0
2022-06-21T15:00:00Z,0.45,8.0,164.0,9.0
2022-06-21T16:00:00Z,0.44,8.0,157.0,12.0
2022-06-21T17:00:00Z,0.44,9.0,150.0,10.0
2022-06-21T18:00:00Z,0.44,11.0,148.0,8.0
2022-06-21T19:00:00Z,0.41,13.0,132.0,9.0
2022-06-21T20:00:00Z,0.45,16.0,117.0,9.0
2022-06-21T21:00:00Z,0.45,15.0,114.0,9.0
2022-06-21T22:00:00Z,0.49,14.0,122.0,10.0
2022-06-21T23:00:00Z,0.55,13.0,132.0,10.0
2022-06-22T00:00:00Z,0.58,12.0,133.0,10.0
2022-06-22T01:00:00Z,0.64,12.0,128.0,10.0
2022-06-22T02:00:00Z,0.68,11.0,124.0,11.0
2022-06-22T03:00:00Z,0.69,12.0,120.0,11.0
2022-06-22T04:00:00Z,0.69,12.0,115.0,10.0
2022-06-22T05:00:00Z,0.71,12.0,108.0,11.0
2022-06-22T06:00:00Z,0.71,14.0,89.0,9.0
2022-06-22T07:00:00Z,0.7,15.0,81.0,10.0
2022-06-22T08:00:00Z,0.64,12.0,85.0,9.0
2022-06-22T09:00:00Z,0.58,10.0,95.0,9.0
2022-06-22T10:00:00Z,0.49,9.0,103.0,9.0
2022-06-22T11:00:00Z,0.47,8.0,110.0,9.0
2022-06-22T12:00:00Z,0.43,7.0,115.0,8.0
2022-06-22T13:00:00Z,0.44,6.0,117.0,8.0
2022-06-22T14:00:00Z,0.42,7.0,124.0,7.0
2022-06-22T15:00:00Z,0.4,7.0,130.0,7.0
2022-06-22T16:00:00Z,0.44,8.0,129.0,8.0
2022-06-22T17:00:00Z,0.48,10.0,133.0,8.0
2022-06-22T18:00:00Z,0.48,11.0,129.0,8.0
2022-06-22T19:00:00Z,0.51,14.0,111.0,7.0
2022-06-22T20:00:00Z,0.49,15.0,97.0,8.0
2022-06-22T21:00:00Z,0.5,15.0,91.0,8.0
2022-06-22T22:00:00Z,0.5,16.0,80.0,8.0
2022-06-22T23:00:00Z,0.51,16.0,77.0,8.0
2022-06-23T00:00:00Z,0.5,15.0,75.0,8.0
2022-06-23T01:00:00Z,0.5,16.0,67.0,9.0
2022-06-23T02:00:00Z,0.51,15.0,57.0,9.0
2022-06-23T03:00:00Z,0.54,13.0,60.0,9.0
2022-06-23T04:00:00Z,0.51,10.0,64.0,9.0
2022-06-23T05:00:00Z,0.51,10.0,60.0,9.0
2022-06-23T06:00:00Z,0.54,10.0,51.0,8.0
2022-06-23T07:00:00Z,0.67,13.0,39.0,8.0
2022-06-23T08:00:00Z,0.66,17.0,32.0,8.0
2022-06-23T09:00:00Z,0.61,16.0,36.0,8.0
2022-06-23T10:00:00Z,0.6,17.0,45.0,8.0
2022-06-23T11:00:00Z,0.58,14.0,57.0,8.0
2022-06-23T12:00:00Z,0.58,12.0,73.0,7.0
2022-06-23T13:00:00Z,0.62,13.0,75.0,7.0
2022-06-23T14:00:00Z,0.66,14.0,74.0,7.0
2022-06-23T15:00:00Z,0.7,16.0,75.0,7.0
2022-06-23T16:00:00Z,0.69,17.0,73.0,7.0
2022-06-23T17:00:00Z,0.74,14.0,91.0,7.0
2022-06-23T18:00:00Z,0.71,13.0,107.0,8.0
2022-06-23T19:00:00Z,0.73,14.0,104.0,8.0
2022-06-23T20:00:00Z,0.64,13.0,93.0,7.0
2022-06-23T21:00:00Z,0.61,14.0,82.0,7.0
2022-06-23T22:00:00Z,0.55,14.0,73.0,7.0
2022-06-23T23:00:00Z,0.61,14.0,68.0,7.0
2022-06-24T00:00:00Z,0.7,12.0,68.0,7.0
2022-06-24T01:00:00Z,0.76,14.0,61.0,8.0
2022-06-24T02:00:00Z,0.77,16.0,56.0,8.0
2022-06-24T03:00:00Z,0.71,16.0,51.0,8.0
2022-06-24T04:00:00Z,0.73,14.0,51.0,8.0
2022-06-24T05:00:00Z,0.67,13.0,54.0,12.0
2022-06-24T06:00:00Z,0.7,15.0,49.0,8.0
2022-06-24T07:00:00Z,0.79,18.0,57.0,8.0
2022-06-24T08:00:00Z,0.88,19.0,83.0,9.0
2022-06-24T09:00:00Z,0.79,16.0,124.0,9.0
2022-06-24T10:00:00Z,0.69,14.0,161.0,9.0
2022-06-24T11:00:00Z,0.69,12.0,190.0,10.0
2022-06-24T12:00:00Z,0.64,10.0,207.0,10.0
2022-06-24T13:00:00Z,0.64,9.0,218.0,9.0
2022-06-24T14:00:00Z,0.59,9.0,212.0,9.0
2022-06-24T15:00:00Z,0.54,9.0,208.0,9.0
2022-06-24T16:00:00Z,0.51,9.0,209.0,8.0
2022-06-24T17:00:00Z,0.5,10.0,216.0,8.0
2022-06-24T18:00:00Z,0.49,12.0,212.0,9.0
2022-06-24T19:00:00Z,0.44,14.0,198.0,9.0
2022-06-24T20:00:00Z,0.46,17.0,175.0,10.0
2022-06-24T21:00:00Z,0.49,19.0,150.0,10.0
2022-06-24T22:00:00Z,0.45,18.0,122.0,9.0
2022-06-24T23:00:00Z,0.46,17.0,104.0,9.0
2022-06-25T00:00:00Z,0.44,16.0,93.0,8.0
2022-06-25T01:00:00Z,0.45,17.0,84.0,8.0
2022-06-25T02:00:00Z,0.46,17.0,72.0,8.0
2022-06-25T03:00:00Z,0.47,18.0,61.0,8.0
2022-06-25T04:00:00Z,0.5,21.0,48.0,9.0
2022-06-25T05:00:00Z,0.51,21.0,44.0,10.0
2022-06-25T06:00:00Z,0.51,18.0,49.0,10.0
2022-06-25T07:00:00Z,0.49,15.0,61.0,8.0
2022-06-25T08:00:00Z,0.46,13.0,75.0,8.0
2022-06-25T09:00:00Z,0.46,12.0,93.0,8.0
2022-06-25T10:00:00Z,0.46,11.0,114.0,8.0
2022-06-25T11:00:00Z,0.41,10.0,131.0,8.0
2022-06-25T12:00:00Z,0.41,10.0,146.0,9.0
2022-06-25T13:00:00Z,0.41,10.0,157.0,9.0
2022-06-25T14:00:00Z,0.42,8.0,167.0,8.0
2022-06-25T15:00:00Z,0.42,12.0,177.0,8.0
2022-06-25T16:00:00Z,0.41,12.0,179.0,8.0
2022-06-25T17:00:00Z,0.44,16.0,177.0,8.0
2022-06-25T18:00:00Z,0.42,16.0,163.0,8.0
2022-06-25T19:00:00Z,0.48,16.0,146.0,8.0
2022-06-25T20:00:00Z,0.49,20.0,128.0,9.0
2022-06-25T21:00:00Z,0.43,18.0,116.0,8.0
2022-06-25T22:00:00Z,0.49,19.0,101.0,8.0
2022-06-25T23:00:00Z,0.49,20.0,95.0,8.0
2022-06-26T00:00:00Z,0.44,17.0,92.0,9.0
2022-06-26T01:00:00Z,0.65,18.0,84.0,9.0
2022-06-26T02:00:00Z,1.25,18.0,74.0,10.0
2022-06-26T03:00:00Z,1.2,19.0,64.0,10.0
2022-06-26T04:00:00Z,1.3,22.0,54.0,10.0
2022-06-26T05:00:00Z,1.32,21.0,50.0,9.0
2022-06-26T06:00:00Z,1.28,20.0,49.0,8.0
2022-06-26T07:00:00Z,1.28,21.0,49.0,8.0
2022-06-26T08:00:00Z,1.31,24.0,51.0,9.0
2022-06-26T09:00:00Z,1.35,22.0,69.0,9.0
2022-06-26T10:00:00Z,0.53,17.0,101.0,9.0
2022-06-26T11:00:00Z,0.41,11.0,119.0,8.0
2022-06-26T12:00:00Z,0.4,8.0,130.0,8.0
2022-06-26T13:00:00Z,0.37,7.0,132.0,8.0
2022-06-26T14:00:00Z,0.37,8.0,134.0,8.0
2022-06-26T15:00:00Z,0.36,7.0,134.0,8.0
2022-06-26T16:00:00Z,0.37,7.0,130.0,8.0
2022-06-26T17:00:00Z,0.37,9.0,125.0,8.0
2022-06-26T18:00:00Z,0.38,10.0,117.0,8.0
2022-06-26T19:00:00Z,0.42,10.0,116.0,8.0
2022-06-26T20:00:00Z,0.42,11.0,101.0,9.0
2022-06-26T21:00:00Z,0.37,11.0,89.0,8.0
2022-06-26T22:00:00Z,0.41,13.0,88.0,8.0
2022-06-26T23:00:00Z,0.4,13.0,88.0,9.0
2022-06-27T00:00:00Z,0.41,11.0,90.0,10.0
2022-06-27T01:00:00Z,0.39,11.0,88.0,10.0
2022-06-27T02:00:00Z,0.36,13.0,76.0,10.0
2022-06-27T03:00:00Z,0.43,16.0,65.0,10.0
2022-06-27T04:00:00Z,0.38,13.0,73.0,9.0
2022-06-27T05:00:00Z,0.39,9.0,74.0,8.0
2022-06-27T06:00:00Z,0.39,8.0,70.0,7.0
2022-06-27T07:00:00Z,0.41,10.0,68.0,7.0
2022-06-27T08:00:00Z,0.4,12.0,65.0,7.0
2022-06-27T09:00:00Z,0.39,13.0,66.0,7.0
2022-06-27T10:00:00Z,0.4,16.0,61.0,7.0
2022-06-27T11:00:00Z,0.48,17.0,56.0,7.0
2022-06-27T12:00:00Z,0.4,14.0,60.0,7.0
2022-06-27T13:00:00Z,0.43,13.0,62.0,8.0
2022-06-27T14:00:00Z,0.43,11.0,65.0,8.0
2022-06-27T15:00:00Z,0.43,10.0,72.0,8.0
2022-06-27T16:00:00Z,0.43,9.0,74.0,8.0
2022-06-27T17:00:00Z,0.41,9.0,69.0,8.0
2022-06-27T18:00:00Z,0.47,11.0,65.0,7.0
2022-06-27T19:00:00Z,0.49,11.0,65.0,7.0
2022-06-27T20:00:00Z,0.46,10.0,65.0,7.0
2022-06-27T21:00:00Z,0.43,10.0,59.0,7.0
2022-06-27T22:00:00Z,0.44,12.0,56.0,8.0
2022-06-27T23:00:00Z,0.44,11.0,53.0,8.0
2022-06-28T00:00:00Z,0.41,10.0,52.0,7.0
2022-06-28T01:00:00Z,0.44,10.0,52.0,8.0
2022-06-28T02:00:00Z,0.4,10.0,51.0,7.0
2022-06-28T03:00:00Z,0.4,10.0,51.0,8.0
2022-06-28T04:00:00Z,0.4,9.0,52.0,7.0
2022-06-28T05:00:00Z,0.41,10.0,48.0,7.0
2022-06-28T06:00:00Z,0.4,11.0,43.0,8.0
2022-06-28T07:00:00Z,0.43,14.0,40.0,7.0
2022-06-28T08:00:00Z,0.45,14.0,43.0,8.0
2022-06-28T09:00:00Z,0.44,14.0,52.0,8.0
2022-06-28T10:00:00Z,0.41,11.0,63.0,8.0
2022-06-28T11:00:00Z,0.42,8.0,83.0,7.0
2022-06-28T12:00:00Z,0.45,6.0,109.0,7.0
2022-06-28T13:00:00Z,0.5,6.0,126.0,7.0
2022-06-28T14:00:00Z,0.54,7.0,139.0,7.0
2022-06-28T15:00:00Z,0.53,7.0,154.0,7.0
2022-06-28T16:00:00Z,0.49,7.0,165.0,7.0
2022-06-28T17:00:00Z,0.49,9.0,169.0,7.0
2022-06-28T18:00:00Z,0.5,8.0,173.0,7.0
2022-06-28T19:00:00Z,0.51,12.0,166.0,7.0
2022-06-28T20:00:00Z,0.56,23.0,142.0,8.0
2022-06-28T21:00:00Z,0.61,32.0,104.0,8.0
2022-06-28T22:00:00Z,0.64,35.0,97.0,8.0
2022-06-28T23:00:00Z,0.44,15.0,128.0,8.0
2022-06-29T00:00:00Z,0.39,11.0,120.0,7.0
2022-06-29T01:00:00Z,0.43,18.0,100.0,7.0
2022-06-29T02:00:00Z,0.49,21.0,96.0,7.0
2022-06-29T03:00:00Z,0.61,16.0,108.0,8.0
2022-06-29T04:00:00Z,0.59,16.0,102.0,8.0
2022-06-29T05:00:00Z,0.5,15.0,102.0,8.0
2022-06-29T06:00:00Z,0.49,16.0,94.0,8.0
2022-06-29T07:00:00Z,0.55,21.0,76.0,9.0
2022-06-29T08:00:00Z,0.59,23.0,66.0,9.0
2022-06-29T09:00:00Z,0.61,18.0,90.0,9.0
2022-06-29T10:00:00Z,0.63,16.0,126.0,10.0
2022-06-29T11:00:00Z,0.59,13.0,163.0,9.0
2022-06-29T12:00:00Z,0.56,11.0,179.0,9.0
2022-06-29T13:00:00Z,0.54,8.0,184.0,9.0
2022-06-29T14:00:00Z,0.57,8.0,188.0,9.0
2022-06-29T15:00:00Z,0.54,7.0,186.0,8.0
2022-06-29T16:00:00Z,0.54,8.0,189.0,8.0
2022-06-29T17:00:00Z,0.53,9.0,187.0,8.0
2022-06-29T18:00:00Z,0.54,10.0,183.0,9.0
2022-06-29T19:00:00Z,0.59,14.0,174.0,10.0
2022-06-29T20:00:00Z,0.66,19.0,165.0,10.0
2022-06-29T21:00:00Z,0.59,20.0,146.0,9.0
2022-06-29T22:00:00Z,0.49,22.0,127.0,9.0
2022-06-29T23:00:00Z,0.48,18.0,124.0,8.0
2022-06-30T00:00:00Z,0.5,15.0,125.0,8.0
2022-06-30T01:00:00Z,0.48,11.0,126.0,8.0
2022-06-30T02:00:00Z,0.44,12.0,119.0,8.0
2022-06-30T03:00:00Z,0.47,10.0,127.0,7.0
2022-06-30T04:00:00Z,0.49,11.0,131.0,7.0
2022-06-30T05:00:00Z,0.53,14.0,122.0,6.0
2022-06-30T06:00:00Z,0.53,18.0,113.0,7.0
2022-06-30T07:00:00Z,0.48,18.0,114.0,8.0
2022-06-30T08:00:00Z,0.5,18.0,119.0,8.0
2022-06-30T09:00:00Z,0.54,18.0,123.0,8.0
2022-06-30T10:00:00Z,0.59,15.0,141.0,10.0
2022-06-30T11:00:00Z,0.61,15.0,168.0,10.0
2022-06-30T12:00:00Z,0.61,14.0,200.0,10.0
2022-06-30T13:00:00Z,0.61,13.0,224.0,10.0
2022-06-30T14:00:00Z,0.6,12.0,220.0,10.0
2022-06-30T15:00:00Z,0.39,9.0,149.0,7.0
2022-06-30T16:00:00Z,0.36,10.0,140.0,6.0
2022-06-30T17:00:00Z,0.38,11.0,142.0,6.0
2022-06-30T18:00:00Z,0.39,10.0,141.0,7.0
2022-06-30T19:00:00Z,0.41,11.0,130.0,7.0
2022-06-30T20:00:00Z,0.4,14.0,118.0,7.0
2022-06-30T21:00:00Z,0.39,16.0,102.0,9.0
2022-06-30T22:00:00Z,0.4,16.0,97.0,10.0
2022-06-30T23:00:00Z,0.47,20.0,89.0,11.0
2022-07-01T00:00:00Z,0.52,17.0,82.0,9.0
2022-07-01T01:00:00Z,0.54,16.0,79.0,8.0
2022-07-01T02:00:00Z,0.52,15.0,70.0,8.0
2022-07-01T03:00:00Z,0.55,19.0,59.0,8.0
2022-07-01T04:00:00Z,0.58,18.0,59.0,9.0
2022-07-01T05:00:00Z,0.55,18.0,54.0,9.0
2022-07-01T06:00:00Z,0.57,21.0,49.0,10.0
2022-07-01T07:00:00Z,0.53,22.0,50.0,11.0
2022-07-01T08:00:00Z,0.53,20.0,60.0,13.0
2022-07-01T09:00:00Z,0.53,17.0,76.0,12.0
2022-07-01T10:00:00Z,0.53,12.0,103.0,11.0
2022-07-01T11:00:00Z,0.48,9.0,134.0,9.0
2022-07-01T12:00:00Z,0.46,7.0,152.0,9.0
2022-07-01T13:00:00Z,0.46,7.0,157.0,7.0
2022-07-01T14:00:00Z,0.46,6.0,163.0,7.0
2022-07-01T15:00:00Z,0.45,6.0,167.0,7.0
2022-07-01T16:00:00Z,0.47,7.0,172.0,7.0
2022-07-01T17:00:00Z,0.44,7.0,172.0,7.0
2022-07-01T18:00:00Z,0.44,8.0,164.0,7.0
2022-07-01T19:00:00Z,0.41,10.0,156.0,7.0
2022-07-01T20:00:00Z,0.44,14.0,138.0,7.0
2022-07-01T21:00:00Z,0.44,15.0,128.0,7.0
2022-07-01T22:00:00Z,0.42,15.0,112.0,9.0
2022-07-01T23:00:00Z,0.42,16.0,96.0,9.0
2022-07-02T00:00:00Z,0.46,17.0,90.0,9.0
2022-07-02T01:00:00Z,0.46,15.0,94.0,9.0
2022-07-02T02:00:00Z,0.45,15.0,93.0,9.0
2022-07-02T03:00:00Z,0.49,18.0,82.0,9.0
2022-07-02T04:00:00Z,0.49,16.0,80.0,9.0
2022-07-02T05:00:00Z,0.49,17.0,72.0,8.0
2022-07-02T06:00:00Z,0.51,20.0,62.0,8.0
2022-07-02T07:00:00Z,0.5,19.0,66.0,9.0
2022-07-02T08:00:00Z,0.49,16.0,73.0,9.0
2022-07-02T09:00:00Z,0.46,13.0,89.0,10.0
2022-07-02T10:00:00Z,0.49,12.0,113.0,9.0
2022-07-02T11:00:00Z,0.46,11.0,139.0,9.0
2022-07-02T12:00:00Z,0.46,9.0,152.0,9.0
2022-07-02T13:00:00Z,0.49,8.0,165.0,8.0
2022-07-02T14:00:00Z,0.49,7.0,174.0,7.0
2022-07-02T15:00:00Z,0.51,8.0,173.0,7.0
2022-07-02T16:00:00Z,0.51,8.0,176.0,7.0
2022-07-02T17:00:00Z,0.51,9.0,176.0,7.0
2022-07-02T18:00:00Z,0.47,11.0,162.0,7.0
2022-07-02T19:00:00Z,0.46,9.0,127.0,7.0
2022-07-02T20:00:00Z,0.46,12.0,113.0,8.0
2022-07-02T21:00:00Z,0.45,11.0,109.0,8.0
2022-07-02T22:00:00Z,0.46,12.0,114.0,8.0
2022-07-02T23:00:00Z,0.46,13.0,108.0,8.0
2022-07-03T00:00:00Z,0.47,15.0,100.0,10.0
2022-07-03T01:00:00Z,0.47,15.0,93.0,10.0
2022-07-03T02:00:00Z,0.5,16.0,81.0,10.0
2022-07-03T03:00:00Z,0.5,16.0,61.0,9.0
2022-07-03T04:00:00Z,0.46,14.0,49.0,8.0
2022-07-03T05:00:00Z,0.45,11.0,45.0,8.0
2022-07-03T06:00:00Z,0.42,13.0,36.0,8.0
2022-07-03T07:00:00Z,0.41,12.0,34.0,9.0
2022-07-03T08:00:00Z,0.46,11.0,42.0,9.0
2022-07-03T09:00:00Z,0.46,10.0,55.0,8.0
2022-07-03T10:00:00Z,0.48,10.0,75.0,8.0
2022-07-03T11:00:00Z,0.45,8.0,103.0,8.0
2022-07-03T12:00:00Z,0.48,7.0,126.0,7.0
2022-07-03T13:00:00Z,0.45,6.0,134.0,7.0
2022-07-03T14:00:00Z,0.42,6.0,136.0,7.0
2022-07-03T15:00:00Z,0.44,6.0,137.0,7.0
2022-07-03T16:00:00Z,0.4,6.0,137.0,7.0
2022-07-03T17:00:00Z,0.43,7.0,139.0,7.0
2022-07-03T18:00:00Z,0.42,8.0,137.0,7.0
2022-07-03T19:00:00Z,0.44,10.0,128.0,7.0
2022-07-03T20:00:00Z,0.42,11.0,112.0,8.0
2022-07-03T21:00:00Z,0.39,11.0,97.0,8.0
2022-07-03T22:00:00Z,0.39,12.0,85.0,8.0
2022-07-03T23:00:00Z,0.41,15.0,72.0,8.0
2022-07-04T00:00:00Z,0.44,19.0,54.0,9.0
2022-07-04T01:00:00Z,0.45,22.0,40.0,8.0
2022-07-04T02:00:00Z,0.41,10.0,71.0,8.0
2022-07-04T03:00:00Z,0.41,8.0,69.0,7.0
2022-07-04T04:00:00Z,0.45,16.0,54.0,7.0
2022-07-04T05:00:00Z,0.46,16.0,44.0,7.0
2022-07-04T06:00:00Z,0.47,15.0,36.0,7.0
2022-07-04T07:00:00Z,0.46,17.0,26.0,8.0
2022-07-04T08:00:00Z,0.46,15.0,29.0,7.0
2022-07-04T09:00:00Z,0.5,13.0,40.0,8.0
2022-07-04T10:00:00Z,0.55,12.0,58.0,8.0
2022-07-04T11:00:00Z,0.55,11.0,76.0,7.0
2022-07-04T12:00:00Z,0.53,9.0,86.0,8.0
2022-07-04T13:00:00Z,0.41,5.0,85.0,8.0
2022-07-04T14:00:00Z,0.41,7.0,85.0,8.0
2022-07-04T15:00:00Z,0.46,9.0,82.0,7.0
2022-07-04T16:00:00Z,0.47,10.0,87.0,7.0
2022-07-04T17:00:00Z,0.47,10.0,92.0,7.0
2022-07-04T18:00:00Z,0.46,10.0,95.0,7.0
2022-07-04T19:00:00Z,0.46,12.0,83.0,7.0
2022-07-04T20:00:00Z,0.48,14.0,71.0,7.0
2022-07-04T21:00:00Z,0.48,16.0,60.0,7.0
2022-07-04T22:00:00Z,0.42,14.0,55.0,8.0
2022-07-04T23:00:00Z,0.46,15.0,49.0,8.0
2022-07-05T00:00:00Z,0.44,16.0,40.0,8.0
2022-07-05T01:00:00Z,0.5,15.0,38.0,9.0
2022-07-05T02:00:00Z,0.56,15.0,35.0,9.0
2022-07-05T03:00:00Z,0.54,13.0,29.0,9.0
2022-07-05T04:00:00Z,0.51,12.0,22.0,8.0
2022-07-05T05:00:00Z,0.51,12.0,19.0,8.0
2022-07-05T06:00:00Z,0.51,12.0,16.0,8.0
2022-07-05T07:00:00Z,0.49,12.0,17.0,8.0
2022-07-05T08:00:00Z,0.48,12.0,17.0,8.0
2022-07-05T09:00:00Z,0.47,13.0,21.0,7.0
2022-07-05T10:00:00Z,0.47,14.0,23.0,8.0
2022-07-05T11:00:00Z,0.51,17.0,23.0,8.0
2022-07-05T12:00:00Z,0.55,17.0,25.0,8.0
2022-07-05T13:00:00Z,0.67,18.0,31.0,8.0
2022-07-05T14:00:00Z,0.53,14.0,43.0,8.0
2022-07-05T15:00:00Z,0.42,11.0,61.0,9.0
2022-07-05T16:00:00Z,0.41,11.0,71.0,9.0
2022-07-05T17:00:00Z,0.41,12.0,73.0,8.0
2022-07-05T18:00:00Z,0.44,16.0,68.0,8.0
2022-07-05T19:00:00Z,0.44,14.0,60.0,8.0
2022-07-05T20:00:00Z,0.41,10.0,56.0,8.0
2022-07-05T21:00:00Z,0.43,8.0,55.0,7.0
2022-07-05T22:00:00Z,0.38,10.0,47.0,7.0
2022-07-05T23:00:00Z,0.39,11.0,49.0,7.0
2022-07-06T00:00:00Z,0.39,8.0,52.0,7.0
2022-07-06T01:00:00Z,0.38,8.0,41.0,7.0
2022-07-06T02:00:00Z,0.38,7.0,38.0,7.0
2022-07-06T03:00:00Z,0.39,6.0,40.0,8.0
2022-07-06T04:00:00Z,0.43,6.0,44.0,7.0
2022-07-06T05:00:00Z,0.44,7.0,44.0,7.0
2022-07-06T06:00:00Z,0.44,8.0,41.0,7.0
2022-07-06T07:00:00Z,0.45,10.0,40.0,8.0
2022-07-06T08:00:00Z,0.49,10.0,41.0,8.0
2022-07-06T09:00:00Z,0.5,11.0,37.0,8.0
2022-07-06T10:00:00Z,0.5,9.0,40.0,8.0
2022-07-06T11:00:00Z,0.5,9.0,48.0,7.0
2022-07-06T12:00:00Z,0.5,8.0,61.0,7.0
2022-07-06T13:00:00Z,0.51,8.0,48.0,7.0
2022-07-06T14:00:00Z,0.45,6.0,61.0,7.0
2022-07-06T15:00:00Z,0.45,6.0,63.0,7.0
2022-07-06T16:00:00Z,0.45,6.0,73.0,7.0
2022-07-06T17:00:00Z,0.44,7.0,76.0,7.0
2022-07-06T18:00:00Z,0.41,7.0,73.0,7.0
2022-07-06T19:00:00Z,0.41,9.0,64.0,7.0
2022-07-06T20:00:00Z,0.41,9.0,61.0,7.0
2022-07-06T21:00:00Z,0.4,9.0,61.0,7.0
2022-07-06T22:00:00Z,0.4,8.0,59.0,7.0
2022-07-06T23:00:00Z,0.4,7.0,56.0,7.0
2022-07-07T00:00:00Z,0.4,8.0,52.0,7.0
2022-07-07T01:00:00Z,0.4,10.0,50.0,8.0
2022-07-07T02:00:00Z,0.41,8.0,50.0,8.0
2022-07-07T03:00:00Z,0.44,8.0,50.0,8.0
2022-07-07T04:00:00Z,0.44,8.0,48.0,8.0
2022-07-07T05:00:00Z,0.44,11.0,44.0,8.0
2022-07-07T06:00:00Z,0.5,13.0,40.0,9.0
2022-07-07T07:00:00Z,0.58,13.0,44.0,10.0
2022-07-07T08:00:00Z,0.59,12.0,58.0,11.0
2022-07-07T09:00:00Z,0.56,10.0,72.0,10.0
2022-07-07T10:00:00Z,0.53,8.0,90.0,9.0
2022-07-07T11:00:00Z,0.48,7.0,102.0,8.0
2022-07-07T12:00:00Z,0.46,6.0,113.0,7.0
2022-07-07T13:00:00Z,0.44,5.0,121.0,7.0
2022-07-07T14:00:00Z,0.43,5.0,127.0,8.0
2022-07-07T15:00:00Z,0.44,5.0,131.0,7.0
2022-07-07T16:00:00Z,0.41,6.0,136.0,7.0
2022-07-07T17:00:00Z,0.41,7.0,140.0,7.0
2022-07-07T18:00:00Z,0.44,9.0,141.0,8.0
2022-07-07T19:00:00Z,0.45,13.0,132.0,8.0
2022-07-07T20:00:00Z,0.5,17.0,114.0,8.0
2022-07-07T21:00:00Z,0.59,25.0,89.0,7.0
2022-07-07T22:00:00Z,0.64,35.0,61.0,8.0
2022-07-07T23:00:00Z,0.69,45.0,38.0,7.0
2022-07-08T00:00:00Z,0.69,39.0,46.0,8.0
2022-07-08T01:00:00Z,0.57,29.0,61.0,10.0
2022-07-08T02:00:00Z,0.55,27.0,62.0,10.0
2022-07-08T03:00:00Z,0.59,27.0,48.0,9.0
2022-07-08T04:00:00Z,0.62,28.0,43.0,8.0
2022-07-08T05:00:00Z,0.67,32.0,35.0,9.0
2022-07-08T06:00:00Z,0.71,35.0,20.0,10.0
2022-07-08T07:00:00Z,0.78,36.0,30.0,12.0
2022-07-08T08:00:00Z,0.81,35.0,69.0,15.0
2022-07-08T09:00:00Z,0.65,21.0,127.0,12.0
2022-07-08T10:00:00Z,0.53,11.0,160.0,9.0
2022-07-08T11:00:00Z,0.49,7.0,174.0,8.0
2022-07-08T12:00:00Z,0.5,8.0,186.0,8.0
2022-07-08T13:00:00Z,0.5,6.0,203.0,8.0
2022-07-08T14:00:00Z,0.51,7.0,203.0,8.0
2022-07-08T15:00:00Z,0.45,6.0,193.0,8.0
2022-07-08T16:00:00Z,0.46,7.0,193.0,7.0
2022-07-08T17:00:00Z,0.45,7.0,190.0,8.0
2022-07-08T18:00:00Z,0.44,7.0,182.0,8.0
2022-07-08T19:00:00Z,0.47,10.0,174.0,8.0
2022-07-08T20:00:00Z,0.54,16.0,153.0,8.0
2022-07-08T21:00:00Z,0.59,22.0,128.0,8.0
2022-07-08T22:00:00Z,0.57,24.0,111.0,11.0
2022-07-08T23:00:00Z,0.56,22.0,100.0,11.0
2022-07-09T00:00:00Z,0.57,21.0,86.0,10.0
2022-07-09T01:00:00Z,0.57,22.0,69.0,10.0
2022-07-09T02:00:00Z,0.56,22.0,57.0,10.0
2022-07-09T03:00:00Z,0.56,22.0,48.0,10.0
2022-07-09T04:00:00Z,0.61,26.0,37.0,10.0
2022-07-09T05:00:00Z,0.65,30.0,27.0,10.0
2022-07-09T06:00:00Z,0.66,33.0,19.0,10.0
2022-07-09T07:00:00Z,0.69,31.0,30.0,11.0
2022-07-09T08:00:00Z,0.62,23.0,70.0,10.0
2022-07-09T09:00:00Z,0.59,11.0,106.0,9.0
2022-07-09T10:00:00Z,0.6,10.0,122.0,9.0
2022-07-09T11:00:00Z,0.6,10.0,139.0,9.0
2022-07-09T12:00:00Z,0.53,7.0,146.0,8.0
2022-07-09T13:00:00Z,0.51,7.0,140.0,8.0
2022-07-09T14:00:00Z,0.5,6.0,133.0,8.0
2022-07-09T15:00:00Z,0.49,6.0,130.0,8.0
2022-07-09T16:00:00Z,0.49,6.0,128.0,8.0
2022-07-09T17:00:00Z,0.47,9.0,118.0,7.0
2022-07-09T18:00:00Z,0.49,9.0,127.0,7.0
2022-07-09T19:00:00Z,0.47,9.0,119.0,8.0
2022-07-09T20:00:00Z,0.5,11.0,111.0,7.0
2022-07-09T21:00:00Z,0.54,12.0,101.0,7.0
2022-07-09T22:00:00Z,0.53,11.0,99.0,8.0
2022-07-09T23:00:00Z,0.54,11.0,94.0,8.0
2022-07-10T00:00:00Z,0.53,13.0,79.0,7.0
2022-07-10T01:00:00Z,0.51,13.0,69.0,8.0
2022-07-10T02:00:00Z,0.53,12.0,65.0,8.0
2022-07-10T03:00:00Z,0.54,11.0,61.0,8.0
2022-07-10T04:00:00Z,0.53,11.0,56.0,8.0
2022-07-10T05:00:00Z,0.53,11.0,52.0,8.0
2022-07-10T06:00:00Z,0.54,12.0,44.0,8.0
2022-07-10T07:00:00Z,0.55,13.0,47.0,8.0
2022-07-10T08:00:00Z,0.56,13.0,59.0,8.0
2022-07-10T09:00:00Z,0.56,12.0,68.0,8.0
2022-07-10T10:00:00Z,0.55,13.0,80.0,8.0
2022-07-10T11:00:00Z,0.56,13.0,98.0,9.0
2022-07-10T12:00:00Z,0.55,10.0,113.0,9.0
2022-07-10T13:00:00Z,0.51,8.0,100.0,7.0
2022-07-10T14:00:00Z,0.49,12.0,91.0,7.0
2022-07-10T15:00:00Z,0.46,11.0,92.0,7.0
2022-07-10T16:00:00Z,0.53,9.0,94.0,6.0
2022-07-10T17:00:00Z,0.51,9.0,93.0,6.0
2022-07-10T18:00:00Z,0.56,12.0,83.0,6.0
2022-07-10T19:00:00Z,0.6,15.0,72.0,7.0
2022-07-10T20:00:00Z,0.58,11.0,73.0,7.0
2022-07-10T21:00:00Z,0.61,14.0,63.0,7.0
2022-07-10T22:00:00Z,0.66,14.0,55.0,7.0
2022-07-10T23:00:00Z,0.64,17.0,48.0,7.0
2022-07-11T00:00:00Z,0.67,17.0,45.0,7.0
2022-07-11T01:00:00Z,0.68,16.0,45.0,7.0
2022-07-11T02:00:00Z,0.71,14.0,40.0,7.0
2022-07-11T03:00:00Z,0.79,13.0,37.0,7.0
2022-07-11T04:00:00Z,0.81,13.0,34.0,7.0
2022-07-11T05:00:00Z,0.84,12.0,35.0,7.0
2022-07-11T06:00:00Z,0.84,12.0,39.0,7.0
2022-07-11T07:00:00Z,0.89,13.0,38.0,7.0
2022-07-11T08:00:00Z,0.94,16.0,38.0,7.0
2022-07-11T09:00:00Z,0.89,17.0,46.0,7.0
2022-07-11T10:00:00Z,0.85,17.0,64.0,7.0
2022-07-11T11:00:00Z,0.8,12.0,81.0,6.0
2022-07-11T12:00:00Z,0.78,10.0,91.0,7.0
2022-07-11T13:00:00Z,0.68,7.0,104.0,7.0
2022-07-11T14:00:00Z,0.69,5.0,116.0,7.0
2022-07-11T15:00:00Z,0.63,5.0,124.0,7.0
2022-07-11T16:00:00Z,0.58,7.0,127.0,7.0
2022-07-11T17:00:00Z,0.55,7.0,127.0,7.0
2022-07-11T18:00:00Z,0.57,8.0,131.0,7.0
2022-07-11T19:00:00Z,0.63,9.0,129.0,8.0
2022-07-11T20:00:00Z,0.64,12.0,119.0,7.0
2022-07-11T21:00:00Z,0.67,11.0,109.0,7.0
2022-07-11T22:00:00Z,0.54,8.0,91.0,7.0
2022-07-11T23:00:00Z,0.59,11.0,82.0,7.0
2022-07-12T00:00:00Z,0.65,13.0,82.0,7.0
2022-07-12T01:00:00Z,0.63,11.0,77.0,7.0
2022-07-12T02:00:00Z,0.61,10.0,66.0,7.0
2022-07-12T03:00:00Z,0.66,10.0,58.0,7.0
2022-07-12T04:00:00Z,0.66,10.0,55.0,7.0
2022-07-12T05:00:00Z,0.66,11.0,51.0,7.0
2022-07-12T06:00:00Z,0.66,10.0,49.0,7.0
2022-07-12T07:00:00Z,0.66,12.0,46.0,7.0
2022-07-12T08:00:00Z,0.69,16.0,47.0,8.0
2022-07-12T09:00:00Z,0.75,17.0,59.0,8.0
2022-07-12T10:00:00Z,0.7,15.0,87.0,9.0
2022-07-12T11:00:00Z,0.61,10.0,121.0,9.0
2022-07-12T12:00:00Z,0.53,7.0,134.0,8.0
2022-07-12T13:00:00Z,0.5,6.0,135.0,8.0
2022-07-12T14:00:00Z,0.47,7.0,128.0,8.0
2022-07-12T15:00:00Z,0.52,7.0,134.0,8.0
2022-07-12T16:00:00Z,0.5,7.0,137.0,9.0
2022-07-12T17:00:00Z,0.47,8.0,135.0,10.0
2022-07-12T18:00:00Z,0.47,9.0,131.0,14.0
2022-07-12T19:00:00Z,0.65,14.0,133.0,12.0
2022-07-12T20:00:00Z,0.81,16.0,135.0,10.0
2022-07-12T21:00:00Z,0.89,15.0,125.0,8.0
2022-07-12T22:00:00Z,0.88,15.0,114.0,9.0
2022-07-12T23:00:00Z,0.89,14.0,104.0,9.0
2022-07-13T00:00:00Z,0.9,15.0,93.0,9.0
2022-07-13T01:00:00Z,0.88,15.0,83.0,10.0
2022-07-13T02:00:00Z,0.86,15.0,67.0,9.0
2022-07-13T03:00:00Z,0.89,16.0,54.0,9.0
2022-07-13T04:00:00Z,0.85,16.0,45.0,9.0
2022-07-13T05:00:00Z,0.82,16.0,38.0,9.0
2022-07-13T06:00:00Z,0.85,18.0,32.0,10.0
2022-07-13T07:00:00Z,0.84,19.0,36.0,10.0
2022-07-13T08:00:00Z,0.84,19.0,44.0,11.0
2022-07-13T09:00:00Z,0.81,18.0,64.0,11.0
2022-07-13T10:00:00Z,0.8,16.0,95.0,11.0
2022-07-13T11:00:00Z,0.72,13.0,123.0,12.0
2022-07-13T12:00:00Z,0.64,8.0,131.0,9.0
2022-07-13T13:00:00Z,0.6,6.0,134.0,9.0
2022-07-13T14:00:00Z,0.6,6.0,130.0,9.0
2022-07-13T15:00:00Z,0.6,6.0,133.0,8.0
2022-07-13T16:00:00Z,0.59,7.0,133.0,8.0
2022-07-13T17:00:00Z,0.65,10.0,137.0,8.0
2022-07-13T18:00:00Z,0.79,14.0,153.0,9.0
2022-07-13T19:00:00Z,0.81,16.0,146.0,9.0
2022-07-13T20:00:00Z,0.8,18.0,124.0,9.0
2022-07-13T21:00:00Z,0.79,19.0,112.0,9.0
2022-07-13T22:00:00Z,0.8,19.0,97.0,9.0
2022-07-13T23:00:00Z,0.86,28.0,74.0,8.0
2022-07-14T00:00:00Z,0.9,34.0,62.0,9.0
2022-07-14T01:00:00Z,0.97,38.0,53.0,10.0
2022-07-14T02:00:00Z,0.92,41.0,42.0,11.0
2022-07-14T03:00:00Z,0.86,32.0,46.0,9.0
2022-07-14T04:00:00Z,0.89,31.0,44.0,9.0
2022-07-14T05:00:00Z,0.79,24.0,56.0,9.0
2022-07-14T06:00:00Z,0.79,20.0,57.0,9.0
2022-07-14T07:00:00Z,0.81,22.0,49.0,9.0
2022-07-14T08:00:00Z,0.89,28.0,44.0,9.0
2022-07-14T09:00:00Z,0.84,31.0,42.0,9.0
2022-07-14T10:00:00Z,0.91,36.0,34.0,10.0
2022-07-14T11:00:00Z,0.83,34.0,36.0,9.0
2022-07-14T12:00:00Z,0.77,28.0,34.0,8.0
2022-07-14T13:00:00Z,0.76,24.0,42.0,7.0
2022-07-14T14:00:00Z,0.78,19.0,53.0,7.0
2022-07-14T15:00:00Z,0.56,11.0,77.0,7.0
2022-07-14T16:00:00Z,0.54,7.0,89.0,8.0
2022-07-14T19:00:00Z,0.57,14.0,96.0,8.0
2022-07-14T22:00:00Z,0.76,26.0,61.0,8.0
2022-07-15T00:00:00Z,0.87,40.0,41.0,8.0
2022-07-15T01:00:00Z,0.92,33.0,44.0,8.0
2022-07-15T02:00:00Z,0.98,31.0,43.0,8.0
2022-07-15T03:00:00Z,1.05,30.0,36.0,8.0
2022-07-15T04:00:00Z,1.0,28.0,35.0,9.0
2022-07-15T05:00:00Z,1.0,28.0,36.0,9.0
2022-07-15T06:00:00Z,1.06,31.0,26.0,10.0
2022-07-15T07:00:00Z,1.01,28.0,27.0,11.0
2022-07-15T08:00:00Z,1.04,26.0,41.0,12.0
2022-07-15T09:00:00Z,0.99,24.0,72.0,15.0
2022-07-15T10:00:00Z,0.8,19.0,110.0,13.0
2022-07-15T11:00:00Z,0.76,14.0,149.0,10.0
2022-07-15T12:00:00Z,0.72,11.0,170.0,9.0
2022-07-15T13:00:00Z,0.76,12.0,185.0,9.0
2022-07-15T14:00:00Z,0.79,10.0,196.0,8.0
2022-07-15T15:00:00Z,0.76,10.0,203.0,8.0
2022-07-15T16:00:00Z,0.8,10.0,189.0,9.0
2022-07-15T17:00:00Z,0.76,10.0,175.0,8.0
2022-07-15T18:00:00Z,0.84,12.0,169.0,8.0
2022-07-15T19:00:00Z,0.86,15.0,156.0,8.0
2022-07-15T20:00:00Z,0.81,16.0,140.0,8.0
2022-07-15T21:00:00Z,0.84,17.0,131.0,7.0
2022-07-15T22:00:00Z,0.89,16.0,122.0,8.0
2022-07-15T23:00:00Z,0.89,15.0,126.0,9.0
2022-07-16T00:00:00Z,0.89,13.0,127.0,9.0
2022-07-16T01:00:00Z,0.89,14.0,117.0,9.0
2022-07-16T02:00:00Z,0.89,12.0,108.0,9.0
2022-07-16T03:00:00Z,0.85,11.0,98.0,8.0
2022-07-16T04:00:00Z,0.77,10.0,87.0,8.0
2022-07-16T05:00:00Z,0.69,11.0,84.0,8.0
2022-07-16T06:00:00Z,0.63,8.0,99.0,7.0
2022-07-16T07:00:00Z,0.63,7.0,108.0,7.0
2022-07-16T08:00:00Z,0.61,9.0,111.0,7.0
2022-07-16T09:00:00Z,0.64,16.0,101.0,7.0
2022-07-16T10:00:00Z,0.65,24.0,79.0,7.0
2022-07-16T11:00:00Z,0.64,28.0,65.0,7.0
2022-07-16T12:00:00Z,0.56,23.0,71.0,7.0
2022-07-16T13:00:00Z,0.55,13.0,81.0,8.0
2022-07-16T14:00:00Z,0.56,10.0,83.0,7.0
2022-07-16T15:00:00Z,0.59,9.0,82.0,8.0
2022-07-16T16:00:00Z,0.56,13.0,80.0,8.0
2022-07-16T17:00:00Z,0.59,18.0,70.0,7.0
2022-07-16T18:00:00Z,0.57,19.0,73.0,7.0
2022-07-16T19:00:00Z,0.53,15.0,77.0,8.0
2022-07-16T20:00:00Z,0.56,17.0,66.0,7.0
2022-07-16T21:00:00Z,0.55,17.0,66.0,8.0
2022-07-16T22:00:00Z,0.58,17.0,63.0,8.0
2022-07-16T23:00:00Z,0.55,13.0,69.0,7.0
2022-07-17T00:00:00Z,0.53,10.0,73.0,7.0
2022-07-17T01:00:00Z,0.41,5.0,90.0,7.0
2022-07-17T02:00:00Z,0.39,6.0,87.0,7.0
2022-07-17T03:00:00Z,0.48,9.0,77.0,7.0
2022-07-17T04:00:00Z,0.48,9.0,68.0,7.0
2022-07-17T05:00:00Z,0.49,12.0,57.0,7.0
2022-07-17T06:00:00Z,0.5,15.0,47.0,7.0
2022-07-17T07:00:00Z,0.5,17.0,50.0,8.0
2022-07-17T08:00:00Z,0.51,18.0,56.0,8.0
2022-07-17T09:00:00Z,0.51,13.0,63.0,8.0
2022-07-17T10:00:00Z,0.53,11.0,61.0,8.0
2022-07-17T11:00:00Z,0.55,10.0,54.0,7.0
2022-07-17T12:00:00Z,0.58,9.0,57.0,7.0
2022-07-17T13:00:00Z,0.61,9.0,65.0,7.0
2022-07-17T14:00:00Z,0.58,9.0,64.0,7.0
2022-07-17T15:00:00Z,0.6,9.0,65.0,7.0
2022-07-17T16:00:00Z,0.64,12.0,61.0,7.0
2022-07-17T17:00:00Z,0.68,13.0,73.0,7.0
2022-07-17T18:00:00Z,0.67,14.0,93.0,9.0
2022-07-17T19:00:00Z,0.64,14.0,91.0,8.0
2022-07-17T20:00:00Z,0.65,14.0,88.0,8.0
2022-07-17T21:00:00Z,0.65,16.0,84.0,8.0
2022-07-17T22:00:00Z,0.63,19.0,75.0,8.0
2022-07-17T23:00:00Z,0.63,22.0,68.0,8.0
2022-07-18T00:00:00Z,0.66,23.0,64.0,9.0
2022-07-18T01:00:00Z,0.61,20.0,69.0,9.0
2022-07-18T02:00:00Z,0.53,13.0,77.0,9.0
2022-07-18T03:00:00Z,0.49,11.0,78.0,8.0
2022-07-18T04:00:00Z,0.49,12.0,73.0,8.0
2022-07-18T05:00:00Z,0.49,13.0,64.0,9.0
2022-07-18T06:00:00Z,0.54,18.0,45.0,9.0
2022-07-18T07:00:00Z,0.59,28.0,42.0,9.0
2022-07-18T08:00:00Z,0.59,21.0,64.0,9.0
2022-07-18T09:00:00Z,0.64,18.0,84.0,10.0
2022-07-18T10:00:00Z,0.72,15.0,116.0,10.0
2022-07-18T11:00:00Z,0.74,13.0,153.0,9.0
2022-07-18T12:00:00Z,0.69,12.0,176.0,11.0
2022-07-18T13:00:00Z,0.63,9.0,184.0,10.0
2022-07-18T14:00:00Z,0.58,8.0,186.0,10.0
2022-07-18T15:00:00Z,0.53,8.0,180.0,10.0
2022-07-18T16:00:00Z,0.47,8.0,175.0,9.0
2022-07-18T17:00:00Z,0.49,9.0,175.0,9.0
2022-07-18T18:00:00Z,0.5,13.0,176.0,8.0
2022-07-18T19:00:00Z,0.53,17.0,167.0,8.0
2022-07-18T20:00:00Z,0.61,20.0,156.0,9.0
2022-07-18T21:00:00Z,0.64,20.0,141.0,8.0
2022-07-18T22:00:00Z,0.63,15.0,139.0,8.0
2022-07-18T23:00:00Z,0.61,16.0,128.0,9.0
2022-07-19T00:00:00Z,0.6,15.0,119.0,10.0
2022-07-19T01:00:00Z,0.61,14.0,112.0,9.0
2022-07-19T02:00:00Z,0.65,13.0,107.0,8.0
2022-07-19T03:00:00Z,0.59,13.0,101.0,9.0
2022-07-19T04:00:00Z,0.6,12.0,99.0,9.0
2022-07-19T05:00:00Z,0.56,13.0,94.0,10.0
2022-07-19T06:00:00Z,0.59,15.0,86.0,10.0
2022-07-19T07:00:00Z,0.65,21.0,78.0,10.0
2022-07-19T08:00:00Z,0.7,25.0,79.0,12.0
2022-07-19T09:00:00Z,0.68,19.0,101.0,11.0
2022-07-19T10:00:00Z,0.66,15.0,127.0,12.0
2022-07-19T11:00:00Z,0.65,13.0,148.0,12.0
2022-07-19T12:00:00Z,0.59,11.0,169.0,11.0
2022-07-19T13:00:00Z,0.56,8.0,181.0,9.0
2022-07-19T14:00:00Z,0.57,7.0,185.0,9.0
2022-07-19T15:00:00Z,0.56,7.0,180.0,8.0
2022-07-19T16:00:00Z,0.53,10.0,167.0,7.0
2022-07-19T17:00:00Z,0.5,10.0,161.0,8.0
2022-07-19T18:00:00Z,0.5,12.0,149.0,7.0
2022-07-19T19:00:00Z,0.53,15.0,133.0,8.0
2022-07-19T20:00:00Z,0.59,19.0,114.0,8.0
2022-07-19T21:00:00Z,0.66,27.0,95.0,8.0
2022-07-19T22:00:00Z,0.75,36.0,76.0,9.0
2022-07-19T23:00:00Z,0.6,26.0,87.0,9.0
2022-07-20T00:00:00Z,0.54,20.0,89.0,9.0
2022-07-20T01:00:00Z,0.58,21.0,81.0,9.0
2022-07-20T02:00:00Z,0.61,19.0,78.0,10.0
2022-07-20T03:00:00Z,0.64,17.0,74.0,9.0
2022-07-20T04:00:00Z,0.64,17.0,68.0,10.0
2022-07-20T05:00:00Z,0.61,16.0,57.0,10.0
2022-07-20T06:00:00Z,0.66,17.0,43.0,8.0
2022-07-20T07:00:00Z,0.63,17.0,37.0,8.0
2022-07-20T08:00:00Z,0.63,18.0,46.0,8.0
2022-07-20T09:00:00Z,0.55,11.0,72.0,7.0
2022-07-20T10:00:00Z,0.66,18.0,61.0,7.0
2022-07-20T11:00:00Z,0.8,20.0,59.0,7.0
2022-07-20T12:00:00Z,0.83,15.0,80.0,7.0
2022-07-20T13:00:00Z,0.7,10.0,101.0,7.0
2022-07-20T14:00:00Z,0.56,7.0,120.0,7.0
2022-07-20T15:00:00Z,0.54,9.0,106.0,7.0
2022-07-20T16:00:00Z,0.53,11.0,95.0,7.0
2022-07-20T17:00:00Z,0.54,12.0,94.0,8.0
2022-07-20T18:00:00Z,0.53,13.0,93.0,7.0
2022-07-20T19:00:00Z,0.56,11.0,97.0,7.0
2022-07-20T20:00:00Z,0.55,10.0,100.0,8.0
2022-07-20T21:00:00Z,0.61,11.0,93.0,8.0
2022-07-20T22:00:00Z,0.61,10.0,91.0,8.0
2022-07-20T23:00:00Z,0.59,10.0,87.0,8.0
2022-07-21T00:00:00Z,0.6,12.0,75.0,8.0
2022-07-21T01:00:00Z,0.61,12.0,66.0,8.0
2022-07-21T02:00:00Z,0.59,12.0,58.0,8.0
2022-07-21T03:00:00Z,0.59,14.0,52.0,8.0
2022-07-21T04:00:00Z,0.66,11.0,57.0,8.0
2022-07-21T05:00:00Z,0.66,9.0,59.0,8.0
2022-07-21T06:00:00Z,0.55,10.0,58.0,8.0
2022-07-21T07:00:00Z,0.56,11.0,60.0,8.0
2022-07-21T08:00:00Z,0.56,11.0,75.0,9.0
2022-07-21T09:00:00Z,0.54,11.0,94.0,9.0
2022-07-21T10:00:00Z,0.54,8.0,112.0,8.0
2022-07-21T11:00:00Z,0.54,7.0,125.0,8.0
2022-07-21T12:00:00Z,0.54,6.0,136.0,8.0
2022-07-21T13:00:00Z,0.57,6.0,143.0,8.0
2022-07-21T14:00:00Z,0.59,6.0,150.0,8.0
2022-07-21T15:00:00Z,0.57,6.0,154.0,7.0
2022-07-21T16:00:00Z,0.57,5.0,154.0,8.0
2022-07-21T17:00:00Z,0.56,6.0,149.0,9.0
2022-07-21T18:00:00Z,0.59,8.0,146.0,8.0
2022-07-21T19:00:00Z,0.6,8.0,140.0,7.0
2022-07-21T20:00:00Z,0.64,13.0,126.0,8.0
2022-07-21T21:00:00Z,0.64,18.0,108.0,8.0
2022-07-21T22:00:00Z,0.67,26.0,88.0,9.0
2022-07-21T23:00:00Z,0.67,29.0,73.0,8.0
2022-07-22T00:00:00Z,0.67,32.0,62.0,9.0
2022-07-22T01:00:00Z,0.7,32.0,58.0,9.0
2022-07-22T02:00:00Z,0.74,32.0,50.0,9.0
2022-07-22T03:00:00Z,0.75,31.0,41.0,9.0
2022-07-22T04:00:00Z,0.73,33.0,33.0,9.0
2022-07-22T05:00:00Z,0.77,33.0,35.0,9.0
2022-07-22T06:00:00Z,0.81,36.0,22.0,10.0
2022-07-22T07:00:00Z,0.83,36.0,31.0,12.0
2022-07-22T08:00:00Z,0.7,36.0,66.0,14.0
2022-07-22T09:00:00Z,0.6,18.0,119.0,10.0
2022-07-22T10:00:00Z,0.53,11.0,141.0,9.0
2022-07-22T11:00:00Z,0.5,9.0,152.0,8.0
2022-07-22T12:00:00Z,0.52,9.0,152.0,8.0
2022-07-22T13:00:00Z,0.5,8.0,143.0,8.0
2022-07-22T14:00:00Z,0.45,8.0,141.0,8.0
2022-07-22T15:00:00Z,0.5,9.0,143.0,8.0
2022-07-22T16:00:00Z,0.49,10.0,146.0,8.0
2022-07-22T17:00:00Z,0.47,13.0,142.0,7.0
2022-07-22T18:00:00Z,0.51,16.0,135.0,7.0
2022-07-22T19:00:00Z,0.55,16.0,131.0,8.0
2022-07-22T20:00:00Z,0.51,16.0,120.0,7.0
2022-07-22T21:00:00Z,0.44,11.0,103.0,6.0
2022-07-22T22:00:00Z,0.35,8.0,80.0,6.0
2022-07-22T23:00:00Z,0.42,10.0,86.0,6.0
2022-07-23T00:00:00Z,0.4,10.0,80.0,6.0
2022-07-23T01:00:00Z,0.39,7.0,69.0,6.0
2022-07-23T02:00:00Z,0.41,8.0,60.0,6.0
2022-07-23T03:00:00Z,0.44,7.0,62.0,6.0
2022-07-23T04:00:00Z,0.42,5.0,83.0,6.0
2022-07-23T05:00:00Z,0.47,4.0,94.0,6.0
2022-07-23T06:00:00Z,0.45,5.0,96.0,6.0
2022-07-23T07:00:00Z,0.42,7.0,100.0,6.0
2022-07-23T08:00:00Z,0.47,8.0,107.0,6.0
2022-07-23T09:00:00Z,0.47,8.0,108.0,6.0
2022-07-23T10:00:00Z,0.42,8.0,104.0,6.0
2022-07-23T11:00:00Z,0.41,7.0,100.0,6.0
2022-07-23T12:00:00Z,0.41,8.0,101.0,6.0
2022-07-23T13:00:00Z,0.41,7.0,109.0,7.0
2022-07-23T14:00:00Z,0.41,7.0,115.0,7.0
2022-07-23T15:00:00Z,0.39,8.0,115.0,7.0
2022-07-23T16:00:00Z,0.39,9.0,114.0,7.0
2022-07-23T17:00:00Z,0.41,10.0,116.0,7.0
2022-07-23T18:00:00Z,0.41,10.0,114.0,7.0
2022-07-23T19:00:00Z,0.4,12.0,106.0,7.0
2022-07-23T20:00:00Z,0.44,16.0,94.0,7.0
2022-07-23T21:00:00Z,0.46,16.0,86.0,7.0
2022-07-23T22:00:00Z,0.51,18.0,78.0,7.0
2022-07-23T23:00:00Z,0.51,21.0,72.0,7.0
2022-07-24T00:00:00Z,0.5,22.0,67.0,8.0
2022-07-24T01:00:00Z,0.52,21.0,61.0,8.0
2022-07-24T02:00:00Z,0.57,21.0,55.0,8.0
2022-07-24T03:00:00Z,0.55,21.0,52.0,7.0
2022-07-24T04:00:00Z,0.51,20.0,48.0,8.0
2022-07-24T05:00:00Z,0.56,20.0,39.0,8.0
2022-07-24T06:00:00Z,0.61,22.0,32.0,7.0
2022-07-24T07:00:00Z,0.69,27.0,36.0,9.0
2022-07-24T08:00:00Z,0.71,26.0,68.0,11.0
2022-07-24T09:00:00Z,0.59,19.0,108.0,9.0
2022-07-24T10:00:00Z,0.51,11.0,134.0,8.0
2022-07-24T11:00:00Z,0.5,11.0,144.0,7.0
2022-07-24T12:00:00Z,0.49,10.0,158.0,7.0
2022-07-24T13:00:00Z,0.47,9.0,165.0,7.0
2022-07-24T14:00:00Z,0.49,9.0,171.0,7.0
2022-07-24T15:00:00Z,0.49,9.0,170.0,7.0
2022-07-24T16:00:00Z,0.5,10.0,169.0,7.0
2022-07-24T17:00:00Z,0.5,10.0,170.0,7.0
2022-07-24T18:00:00Z,0.53,12.0,165.0,7.0
2022-07-24T19:00:00Z,0.53,12.0,148.0,7.0
2022-07-24T20:00:00Z,0.53,16.0,130.0,8.0
2022-07-24T21:00:00Z,0.63,17.0,120.0,11.0
2022-07-24T22:00:00Z,0.69,18.0,112.0,9.0
2022-07-24T23:00:00Z,0.63,20.0,105.0,8.0
2022-07-25T00:00:00Z,0.59,22.0,93.0,7.0
2022-07-25T01:00:00Z,0.61,23.0,84.0,8.0
2022-07-25T02:00:00Z,0.64,23.0,75.0,7.0
2022-07-25T03:00:00Z,0.6,21.0,70.0,7.0
2022-07-25T04:00:00Z,0.6,21.0,66.0,7.0
2022-07-25T05:00:00Z,0.55,22.0,60.0,7.0
2022-07-25T06:00:00Z,0.54,23.0,62.0,7.0
2022-07-25T07:00:00Z,0.56,29.0,56.0,8.0
2022-07-25T08:00:00Z,0.56,25.0,80.0,8.0
2022-07-25T09:00:00Z,0.51,14.0,108.0,8.0
2022-07-25T10:00:00Z,0.57,11.0,131.0,8.0
2022-07-25T11:00:00Z,0.59,10.0,151.0,8.0
2022-07-25T12:00:00Z,0.56,8.0,163.0,7.0
2022-07-25T13:00:00Z,0.53,8.0,167.0,7.0
2022-07-25T14:00:00Z,0.54,8.0,170.0,7.0
2022-07-25T15:00:00Z,0.47,10.0,169.0,6.0
2022-07-25T16:00:00Z,0.49,11.0,174.0,6.0
2022-07-25T17:00:00Z,0.55,10.0,177.0,6.0
2022-07-25T18:00:00Z,0.58,12.0,177.0,6.0
2022-07-25T19:00:00Z,0.63,16.0,165.0,7.0
2022-07-25T20:00:00Z,0.64,16.0,151.0,7.0
2022-07-25T21:00:00Z,0.64,18.0,134.0,8.0
2022-07-25T22:00:00Z,0.6,20.0,121.0,7.0
2022-07-25T23:00:00Z,0.6,20.0,115.0,8.0
2022-07-26T00:00:00Z,0.69,20.0,105.0,7.0
2022-07-26T01:00:00Z,0.6,14.0,110.0,7.0
2022-07-26T02:00:00Z,0.45,7.0,120.0,6.0
2022-07-26T03:00:00Z,0.44,9.0,111.0,6.0
2022-07-26T04:00:00Z,0.46,10.0,108.0,6.0
2022-07-26T05:00:00Z,0.45,10.0,98.0,6.0
2022-07-26T06:00:00Z,0.49,14.0,88.0,6.0
2022-07-26T07:00:00Z,0.51,17.0,85.0,6.0
2022-07-26T08:00:00Z,0.51,16.0,86.0,6.0
2022-07-26T09:00:00Z,0.51,13.0,96.0,7.0
2022-07-26T10:00:00Z,0.46,11.0,108.0,6.0
2022-07-26T11:00:00Z,0.45,10.0,114.0,6.0
2022-07-26T12:00:00Z,0.45,10.0,112.0,6.0
2022-07-26T13:00:00Z,0.44,9.0,124.0,6.0
2022-07-26T14:00:00Z,0.46,9.0,141.0,6.0
2022-07-26T15:00:00Z,0.51,10.0,150.0,6.0
2022-07-26T16:00:00Z,0.51,11.0,155.0,6.0
2022-07-26T17:00:00Z,0.47,13.0,146.0,6.0
2022-07-26T18:00:00Z,0.49,13.0,135.0,6.0
2022-07-26T19:00:00Z,0.49,14.0,132.0,6.0
2022-07-26T20:00:00Z,0.5,16.0,118.0,6.0
2022-07-26T21:00:00Z,0.5,23.0,95.0,6.0
2022-07-26T22:00:00Z,0.49,18.0,82.0,6.0
2022-07-26T23:00:00Z,0.46,16.0,71.0,7.0
2022-07-27T00:00:00Z,0.45,14.0,68.0,7.0
2022-07-27T01:00:00Z,0.46,16.0,60.0,7.0
2022-07-27T02:00:00Z,0.5,18.0,50.0,7.0
2022-07-27T03:00:00Z,0.51,19.0,40.0,7.0
2022-07-27T04:00:00Z,0.56,23.0,32.0,7.0
2022-07-27T05:00:00Z,0.65,27.0,25.0,7.0
2022-07-27T06:00:00Z,0.68,24.0,27.0,7.0
2022-07-27T07:00:00Z,0.71,22.0,34.0,7.0
2022-07-27T08:00:00Z,0.75,21.0,50.0,8.0
2022-07-27T09:00:00Z,0.71,20.0,70.0,7.0
2022-07-27T10:00:00Z,0.67,18.0,101.0,8.0
2022-07-27T11:00:00Z,0.63,15.0,130.0,7.0
2022-07-27T12:00:00Z,0.61,14.0,154.0,6.0
2022-07-27T13:00:00Z,0.66,12.0,171.0,7.0
2022-07-27T14:00:00Z,0.61,12.0,176.0,7.0
2022-07-27T15:00:00Z,0.62,11.0,174.0,6.0
2022-07-27T16:00:00Z,0.62,12.0,172.0,6.0
2022-07-27T17:00:00Z,0.59,12.0,166.0,6.0
2022-07-27T18:00:00Z,0.55,12.0,165.0,6.0
2022-07-27T19:00:00Z,0.56,13.0,158.0,6.0
2022-07-27T20:00:00Z,0.58,18.0,140.0,6.0
2022-07-27T21:00:00Z,0.57,24.0,118.0,6.0
2022-07-27T22:00:00Z,0.6,25.0,103.0,6.0
2022-07-27T23:00:00Z,0.59,23.0,95.0,6.0
2022-07-28T00:00:00Z,0.61,20.0,91.0,6.0
2022-07-28T01:00:00Z,0.61,21.0,86.0,6.0
2022-07-28T02:00:00Z,0.6,22.0,80.0,6.0
2022-07-28T03:00:00Z,0.6,19.0,78.0,6.0
2022-07-28T04:00:00Z,0.57,19.0,72.0,7.0
2022-07-28T05:00:00Z,0.55,15.0,73.0,6.0
2022-07-28T06:00:00Z,0.49,11.0,82.0,8.0
2022-07-28T07:00:00Z,0.37,12.0,78.0,6.0
2022-07-28T08:00:00Z,0.45,21.0,58.0,6.0
2022-07-28T09:00:00Z,0.49,24.0,57.0,7.0
2022-07-28T10:00:00Z,0.51,26.0,58.0,7.0
2022-07-28T11:00:00Z,0.5,29.0,59.0,7.0
2022-07-28T12:00:00Z,0.5,23.0,71.0,7.0
2022-07-28T13:00:00Z,0.51,19.0,73.0,6.0
2022-07-28T14:00:00Z,0.56,23.0,59.0,7.0
2022-07-28T15:00:00Z,0.53,30.0,49.0,6.0
2022-07-28T16:00:00Z,0.51,29.0,57.0,6.0
2022-07-28T17:00:00Z,0.49,29.0,62.0,7.0
2022-07-28T18:00:00Z,0.53,32.0,64.0,7.0
2022-07-28T19:00:00Z,0.5,31.0,60.0,7.0
2022-07-28T20:00:00Z,0.57,39.0,44.0,7.0
2022-07-28T21:00:00Z,0.61,38.0,37.0,6.0
2022-07-28T22:00:00Z,0.61,31.0,35.0,6.0
2022-07-28T23:00:00Z,0.56,27.0,34.0,6.0
2022-07-29T00:00:00Z,0.5,19.0,42.0,6.0
2022-07-29T01:00:00Z,0.44,12.0,54.0,6.0
2022-07-29T02:00:00Z,0.41,10.0,58.0,7.0
2022-07-29T03:00:00Z,0.39,8.0,72.0,6.0
2022-07-29T04:00:00Z,0.36,8.0,76.0,6.0
2022-07-29T05:00:00Z,0.38,10.0,72.0,6.0
2022-07-29T06:00:00Z,0.38,13.0,66.0,6.0
2022-07-29T07:00:00Z,0.4,17.0,57.0,6.0
2022-07-29T08:00:00Z,0.45,20.0,52.0,6.0
2022-07-29T09:00:00Z,0.51,21.0,55.0,6.0
2022-07-29T10:00:00Z,0.5,18.0,67.0,7.0
2022-07-29T11:00:00Z,0.6,17.0,70.0,7.0
2022-07-29T12:00:00Z,0.58,13.0,90.0,7.0
2022-07-29T13:00:00Z,0.5,11.0,96.0,6.0
2022-07-29T14:00:00Z,0.49,14.0,85.0,7.0
2022-07-29T15:00:00Z,0.49,19.0,79.0,6.0
2022-07-29T16:00:00Z,0.49,16.0,88.0,7.0
2022-07-29T17:00:00Z,0.47,14.0,94.0,7.0
2022-07-29T18:00:00Z,0.47,15.0,93.0,7.0
2022-07-29T19:00:00Z,1.05,17.0,91.0,7.0
2022-07-29T20:00:00Z,0.54,17.0,86.0,6.0
2022-07-29T21:00:00Z,0.6,18.0,77.0,6.0
2022-07-29T22:00:00Z,0.63,21.0,62.0,6.0
2022-07-29T23:00:00Z,0.64,22.0,54.0,6.0
2022-07-30T00:00:00Z,0.57,15.0,56.0,6.0
2022-07-30T01:00:00Z,0.54,15.0,47.0,6.0
2022-07-30T02:00:00Z,0.49,15.0,44.0,6.0
2022-07-30T03:00:00Z,0.39,10.0,68.0,5.0
2022-07-30T04:00:00Z,0.38,7.0,81.0,5.0
2022-07-30T05:00:00Z,0.39,6.0,95.0,5.0
2022-07-30T06:00:00Z,0.38,8.0,98.0,4.0
2022-07-30T07:00:00Z,0.39,10.0,90.0,5.0
2022-07-30T08:00:00Z,0.42,15.0,70.0,5.0
2022-07-30T09:00:00Z,0.45,20.0,56.0,5.0
2022-07-30T10:00:00Z,0.46,20.0,55.0,5.0
2022-07-30T11:00:00Z,0.45,19.0,62.0,5.0
2022-07-30T12:00:00Z,0.41,13.0,78.0,6.0
2022-07-30T13:00:00Z,0.42,11.0,93.0,5.0
2022-07-30T14:00:00Z,0.39,9.0,90.0,5.0
2022-07-30T15:00:00Z,0.38,11.0,75.0,5.0
2022-07-30T16:00:00Z,0.4,12.0,68.0,5.0
2022-07-30T17:00:00Z,0.37,11.0,67.0,5.0
2022-07-30T18:00:00Z,0.35,11.0,67.0,5.0
2022-07-30T19:00:00Z,0.36,14.0,58.0,6.0
2022-07-30T20:00:00Z,0.36,13.0,51.0,6.0
2022-07-30T21:00:00Z,0.41,15.0,46.0,6.0
2022-07-30T22:00:00Z,0.42,20.0,40.0,6.0
2022-07-30T23:00:00Z,0.42,17.0,42.0,7.0
2022-07-31T00:00:00Z,0.41,14.0,41.0,7.0
2022-07-31T01:00:00Z,0.41,14.0,38.0,8.0
2022-07-31T02:00:00Z,0.41,14.0,36.0,8.0
2022-07-31T03:00:00Z,0.45,16.0,33.0,8.0
2022-07-31T04:00:00Z,0.44,15.0,32.0,8.0
2022-07-31T05:00:00Z,0.45,14.0,33.0,7.0
2022-07-31T06:00:00Z,0.44,13.0,31.0,6.0
2022-07-31T07:00:00Z,0.51,15.0,33.0,6.0
2022-07-31T08:00:00Z,0.63,16.0,39.0,7.0
2022-07-31T09:00:00Z,0.61,15.0,49.0,7.0
2022-07-31T10:00:00Z,0.59,12.0,67.0,7.0
2022-07-31T11:00:00Z,0.5,10.0,80.0,7.0
2022-07-31T12:00:00Z,0.5,9.0,92.0,6.0
2022-07-31T13:00:00Z,0.49,9.0,99.0,7.0
2022-07-31T14:00:00Z,0.49,9.0,103.0,7.0
2022-07-31T15:00:00Z,0.44,8.0,108.0,6.0
2022-07-31T16:00:00Z,0.43,8.0,111.0,6.0
2022-07-31T17:00:00Z,0.41,10.0,114.0,6.0
2022-07-31T18:00:00Z,0.45,11.0,113.0,6.0
2022-07-31T19:00:00Z,0.47,13.0,108.0,7.0
2022-07-31T20:00:00Z,0.56,17.0,98.0,7.0
2022-07-31T21:00:00Z,0.54,24.0,67.0,7.0
2022-07-31T22:00:00Z,0.58,25.0,55.0,7.0
2022-07-31T23:00:00Z,0.49,23.0,52.0,7.0
2022-08-01T00:00:00Z,0.46,19.0,54.0,8.0
2022-08-01T01:00:00Z,0.42,19.0,46.0,7.0
2022-08-01T02:00:00Z,0.41,18.0,41.0,8.0
2022-08-01T03:00:00Z,0.4,16.0,37.0,8.0
2022-08-01T04:00:00Z,0.46,18.0,30.0,7.0
2022-08-01T05:00:00Z,0.47,17.0,27.0,6.0
2022-08-01T06:00:00Z,0.51,17.0,26.0,6.0
2022-08-01T07:00:00Z,0.57,20.0,26.0,7.0
2022-08-01T08:00:00Z,0.64,25.0,39.0,8.0
2022-08-01T09:00:00Z,0.59,22.0,68.0,8.0
2022-08-01T10:00:00Z,0.51,15.0,105.0,9.0
2022-08-01T11:00:00Z,0.54,12.0,124.0,8.0
2022-08-01T12:00:00Z,0.47,9.0,121.0,7.0
2022-08-01T13:00:00Z,0.47,11.0,116.0,6.0
2022-08-01T14:00:00Z,0.46,14.0,105.0,6.0
2022-08-01T15:00:00Z,0.47,14.0,105.0,6.0
2022-08-01T16:00:00Z,0.44,11.0,121.0,6.0
2022-08-01T17:00:00Z,0.44,11.0,121.0,6.0
2022-08-01T18:00:00Z,0.43,13.0,120.0,6.0
2022-08-01T19:00:00Z,0.43,13.0,113.0,6.0
2022-08-01T20:00:00Z,0.47,20.0,92.0,6.0
2022-08-01T21:00:00Z,0.59,25.0,77.0,6.0
2022-08-01T22:00:00Z,0.6,27.0,67.0,6.0
2022-08-01T23:00:00Z,0.6,25.0,65.0,6.0
2022-08-02T00:00:00Z,0.57,27.0,60.0,6.0
2022-08-02T01:00:00Z,0.59,25.0,57.0,6.0
2022-08-02T02:00:00Z,0.59,29.0,48.0,6.0
2022-08-02T03:00:00Z,0.64,29.0,41.0,6.0
2022-08-02T04:00:00Z,0.69,30.0,31.0,6.0
2022-08-02T05:00:00Z,0.67,30.0,24.0,6.0
2022-08-02T06:00:00Z,0.69,34.0,20.0,6.0
2022-08-02T07:00:00Z,0.74,32.0,26.0,7.0
2022-08-02T08:00:00Z,0.71,32.0,48.0,9.0
2022-08-02T09:00:00Z,0.54,20.0,92.0,9.0
2022-08-02T10:00:00Z,0.45,12.0,114.0,7.0
2022-08-02T11:00:00Z,0.44,8.0,118.0,7.0
2022-08-02T12:00:00Z,0.38,6.0,119.0,6.0
2022-08-02T13:00:00Z,0.36,5.0,118.0,6.0
2022-08-02T14:00:00Z,0.37,6.0,119.0,6.0
2022-08-02T15:00:00Z,0.36,7.0,121.0,6.0
2022-08-02T16:00:00Z,0.35,7.0,125.0,6.0
2022-08-02T17:00:00Z,0.38,7.0,128.0,6.0
2022-08-02T18:00:00Z,0.37,8.0,129.0,6.0
2022-08-02T19:00:00Z,0.42,10.0,126.0,6.0
2022-08-02T20:00:00Z,0.45,14.0,113.0,6.0
2022-08-02T21:00:00Z,0.44,18.0,99.0,6.0
2022-08-02T22:00:00Z,0.44,19.0,88.0,6.0
2022-08-02T23:00:00Z,0.42,18.0,83.0,6.0
2022-08-03T00:00:00Z,0.41,16.0,79.0,6.0
2022-08-03T01:00:00Z,0.42,19.0,71.0,7.0
2022-08-03T02:00:00Z,0.46,22.0,61.0,7.0
2022-08-03T03:00:00Z,0.49,23.0,56.0,10.0
2022-08-03T04:00:00Z,0.51,23.0,49.0,8.0
2022-08-03T05:00:00Z,0.51,23.0,43.0,9.0
2022-08-03T06:00:00Z,0.57,26.0,32.0,9.0
2022-08-03T07:00:00Z,0.61,27.0,32.0,8.0
2022-08-03T08:00:00Z,0.6,24.0,52.0,8.0
2022-08-03T09:00:00Z,0.59,17.0,82.0,8.0
2022-08-03T10:00:00Z,0.64,15.0,121.0,8.0
2022-08-03T11:00:00Z,0.66,13.0,164.0,8.0
2022-08-03T12:00:00Z,0.6,10.0,187.0,7.0
2022-08-03T13:00:00Z,0.6,8.0,181.0,7.0
2022-08-03T14:00:00Z,0.53,7.0,180.0,6.0
2022-08-03T15:00:00Z,0.54,8.0,173.0,6.0
2022-08-03T16:00:00Z,0.54,8.0,173.0,6.0
2022-08-03T17:00:00Z,0.53,9.0,175.0,6.0
2022-08-03T18:00:00Z,0.53,10.0,178.0,6.0
2022-08-03T19:00:00Z,0.63,13.0,173.0,6.0
2022-08-03T20:00:00Z,0.61,15.0,152.0,6.0
2022-08-03T21:00:00Z,0.59,16.0,140.0,6.0
2022-08-03T22:00:00Z,0.6,17.0,129.0,6.0
2022-08-03T23:00:00Z,0.57,19.0,118.0,6.0
2022-08-04T00:00:00Z,0.6,16.0,117.0,6.0
2022-08-04T01:00:00Z,0.57,16.0,112.0,6.0
2022-08-04T02:00:00Z,0.59,18.0,95.0,6.0
2022-08-04T03:00:00Z,0.57,22.0,76.0,6.0
2022-08-04T04:00:00Z,0.56,25.0,64.0,6.0
2022-08-04T05:00:00Z,0.59,23.0,60.0,7.0
2022-08-04T06:00:00Z,0.59,22.0,56.0,7.0
2022-08-04T07:00:00Z,0.57,23.0,52.0,7.0
2022-08-04T08:00:00Z,0.53,20.0,57.0,7.0
2022-08-04T09:00:00Z,0.53,16.0,79.0,7.0
2022-08-04T10:00:00Z,0.54,13.0,116.0,6.0
2022-08-04T11:00:00Z,0.54,12.0,150.0,7.0
2022-08-04T12:00:00Z,0.5,9.0,166.0,7.0
2022-08-04T13:00:00Z,0.47,8.0,171.0,6.0
2022-08-04T14:00:00Z,0.5,7.0,174.0,16.0
2022-08-04T15:00:00Z,0.47,8.0,173.0,19.0
2022-08-04T16:00:00Z,0.47,8.0,171.0,5.0
2022-08-04T17:00:00Z,0.47,8.0,170.0,5.0
2022-08-04T18:00:00Z,0.47,10.0,169.0,5.0
2022-08-04T19:00:00Z,0.47,10.0,165.0,5.0
2022-08-04T20:00:00Z,0.47,15.0,150.0,5.0
2022-08-04T21:00:00Z,0.53,18.0,137.0,5.0
2022-08-04T22:00:00Z,0.55,19.0,125.0,6.0
2022-08-04T23:00:00Z,0.55,17.0,120.0,5.0
2022-08-05T00:00:00Z,0.54,17.0,112.0,5.0
2022-08-05T01:00:00Z,0.54,16.0,110.0,6.0
2022-08-05T02:00:00Z,0.54,15.0,106.0,6.0
2022-08-05T03:00:00Z,0.54,14.0,102.0,7.0
2022-08-05T04:00:00Z,0.52,15.0,95.0,5.0
2022-08-05T05:00:00Z,0.54,16.0,90.0,5.0
2022-08-05T06:00:00Z,0.56,18.0,82.0,6.0
2022-08-05T07:00:00Z,0.63,21.0,79.0,7.0
2022-08-05T08:00:00Z,0.69,22.0,86.0,8.0
2022-08-05T09:00:00Z,0.76,21.0,117.0,8.0
2022-08-05T10:00:00Z,0.69,17.0,155.0,8.0
2022-08-05T11:00:00Z,0.67,12.0,176.0,7.0
2022-08-05T12:00:00Z,0.63,9.0,170.0,6.0
2022-08-05T13:00:00Z,0.6,9.0,160.0,6.0
2022-08-05T14:00:00Z,0.61,9.0,160.0,6.0
2022-08-05T15:00:00Z,0.57,10.0,155.0,5.0
2022-08-05T16:00:00Z,0.5,10.0,138.0,5.0
2022-08-05T17:00:00Z,0.44,10.0,131.0,6.0
2022-08-05T18:00:00Z,0.49,18.0,116.0,6.0
2022-08-05T19:00:00Z,0.54,21.0,117.0,6.0
2022-08-05T20:00:00Z,0.5,22.0,111.0,6.0
2022-08-05T21:00:00Z,0.55,25.0,100.0,6.0
2022-08-05T22:00:00Z,0.58,29.0,81.0,6.0
2022-08-05T23:00:00Z,0.56,28.0,68.0,8.0
2022-08-06T00:00:00Z,0.54,23.0,69.0,8.0
2022-08-06T01:00:00Z,0.55,24.0,61.0,7.0
2022-08-06T02:00:00Z,0.55,23.0,59.0,7.0
2022-08-06T03:00:00Z,0.56,27.0,48.0,7.0
2022-08-06T04:00:00Z,0.54,24.0,48.0,8.0
2022-08-06T05:00:00Z,0.55,25.0,43.0,8.0
2022-08-06T06:00:00Z,0.54,24.0,43.0,7.0
2022-08-06T07:00:00Z,0.53,25.0,43.0,7.0
2022-08-06T08:00:00Z,0.56,25.0,56.0,8.0
2022-08-06T09:00:00Z,0.6,23.0,85.0,9.0
2022-08-06T10:00:00Z,0.56,17.0,123.0,9.0
2022-08-06T11:00:00Z,0.44,12.0,140.0,8.0
2022-08-06T12:00:00Z,0.42,10.0,150.0,7.0
2022-08-06T13:00:00Z,0.42,8.0,147.0,6.0
2022-08-06T14:00:00Z,0.4,12.0,124.0,6.0
2022-08-06T15:00:00Z,0.38,16.0,100.0,6.0
2022-08-06T16:00:00Z,0.39,11.0,126.0,7.0
2022-08-06T17:00:00Z,0.39,9.0,135.0,7.0
2022-08-06T18:00:00Z,0.38,10.0,134.0,6.0
2022-08-06T19:00:00Z,0.4,13.0,129.0,7.0
2022-08-06T20:00:00Z,0.41,15.0,110.0,7.0
2022-08-06T21:00:00Z,0.44,17.0,97.0,7.0
2022-08-06T22:00:00Z,0.41,16.0,100.0,7.0
2022-08-06T23:00:00Z,0.42,16.0,95.0,7.0
2022-08-07T00:00:00Z,0.44,15.0,92.0,7.0
2022-08-07T01:00:00Z,0.45,15.0,87.0,7.0
2022-08-07T02:00:00Z,0.42,14.0,82.0,7.0
2022-08-07T03:00:00Z,0.45,15.0,72.0,7.0
2022-08-07T04:00:00Z,0.47,17.0,63.0,8.0
2022-08-07T05:00:00Z,0.55,19.0,53.0,8.0
2022-08-07T06:00:00Z,0.56,23.0,46.0,9.0
2022-08-07T07:00:00Z,0.56,23.0,45.0,10.0
2022-08-07T08:00:00Z,0.55,22.0,61.0,10.0
2022-08-07T09:00:00Z,0.49,17.0,97.0,9.0
2022-08-07T10:00:00Z,0.4,11.0,122.0,8.0
2022-08-07T11:00:00Z,0.36,10.0,131.0,7.0
2022-08-07T12:00:00Z,0.33,8.0,129.0,7.0
2022-08-07T13:00:00Z,0.3,8.0,133.0,7.0
2022-08-07T14:00:00Z,0.36,8.0,131.0,6.0
2022-08-07T15:00:00Z,0.35,8.0,133.0,6.0
2022-08-07T16:00:00Z,0.38,8.0,131.0,6.0
2022-08-07T17:00:00Z,0.33,9.0,126.0,6.0
2022-08-07T18:00:00Z,0.36,9.0,123.0,6.0
2022-08-07T19:00:00Z,0.36,11.0,115.0,6.0
2022-08-07T20:00:00Z,0.44,13.0,104.0,6.0
2022-08-07T21:00:00Z,0.47,16.0,93.0,7.0
2022-08-07T22:00:00Z,0.47,17.0,85.0,8.0
2022-08-07T23:00:00Z,0.47,18.0,79.0,7.0
2022-08-08T00:00:00Z,0.46,17.0,77.0,7.0
2022-08-08T01:00:00Z,0.46,17.0,74.0,7.0
2022-08-08T02:00:00Z,0.44,17.0,72.0,7.0
2022-08-08T03:00:00Z,0.47,17.0,67.0,7.0
2022-08-08T04:00:00Z,0.51,18.0,61.0,8.0
2022-08-08T05:00:00Z,0.54,20.0,52.0,8.0
2022-08-08T06:00:00Z,0.57,23.0,44.0,9.0
2022-08-08T07:00:00Z,0.6,25.0,44.0,9.0
2022-08-08T08:00:00Z,0.56,23.0,61.0,9.0
2022-08-08T09:00:00Z,0.5,18.0,91.0,9.0
2022-08-08T10:00:00Z,0.46,16.0,122.0,9.0
2022-08-08T11:00:00Z,0.41,13.0,144.0,8.0
2022-08-08T12:00:00Z,0.39,10.0,156.0,7.0
2022-08-08T13:00:00Z,0.47,10.0,158.0,7.0
2022-08-08T14:00:00Z,0.41,9.0,159.0,7.0
2022-08-08T15:00:00Z,0.39,11.0,151.0,7.0
2022-08-08T16:00:00Z,0.4,11.0,142.0,7.0
2022-08-08T17:00:00Z,0.43,12.0,144.0,6.0
2022-08-08T18:00:00Z,0.44,13.0,139.0,6.0
2022-08-08T19:00:00Z,0.46,13.0,127.0,6.0
2022-08-08T20:00:00Z,0.45,14.0,114.0,7.0
2022-08-08T21:00:00Z,0.46,18.0,96.0,6.0
2022-08-08T22:00:00Z,0.44,19.0,88.0,6.0
2022-08-08T23:00:00Z,0.45,19.0,82.0,6.0
2022-08-09T00:00:00Z,0.45,19.0,83.0,7.0
2022-08-09T01:00:00Z,0.47,17.0,82.0,6.0
2022-08-09T02:00:00Z,0.49,17.0,74.0,6.0
2022-08-09T03:00:00Z,0.49,16.0,67.0,6.0
2022-08-09T04:00:00Z,0.49,16.0,59.0,7.0
2022-08-09T05:00:00Z,0.5,17.0,52.0,8.0
2022-08-09T06:00:00Z,0.55,21.0,44.0,8.0
2022-08-09T07:00:00Z,0.56,23.0,41.0,9.0
2022-08-09T08:00:00Z,0.6,26.0,46.0,10.0
2022-08-09T09:00:00Z,0.59,26.0,64.0,11.0
2022-08-09T10:00:00Z,0.64,22.0,98.0,10.0
2022-08-09T11:00:00Z,0.61,17.0,133.0,10.0
2022-08-09T12:00:00Z,0.53,11.0,147.0,9.0
2022-08-09T13:00:00Z,0.55,12.0,152.0,8.0
2022-08-09T14:00:00Z,0.56,11.0,150.0,7.0
2022-08-09T15:00:00Z,0.56,10.0,145.0,7.0
2022-08-09T16:00:00Z,0.53,10.0,144.0,7.0
2022-08-09T17:00:00Z,0.53,13.0,138.0,7.0
2022-08-09T18:00:00Z,0.59,12.0,135.0,7.0
2022-08-09T19:00:00Z,0.6,15.0,118.0,7.0
2022-08-09T20:00:00Z,0.59,15.0,96.0,7.0
2022-08-09T21:00:00Z,0.54,16.0,75.0,7.0
2022-08-09T22:00:00Z,0.59,17.0,56.0,8.0
2022-08-09T23:00:00Z,0.59,18.0,50.0,8.0
2022-08-10T00:00:00Z,0.57,18.0,50.0,9.0
2022-08-10T01:00:00Z,0.56,18.0,48.0,9.0
2022-08-10T02:00:00Z,0.57,19.0,45.0,10.0
2022-08-10T03:00:00Z,0.55,19.0,39.0,10.0
2022-08-10T04:00:00Z,0.52,20.0,34.0,9.0
2022-08-10T05:00:00Z,0.52,19.0,31.0,8.0
2022-08-10T06:00:00Z,0.56,20.0,26.0,8.0
2022-08-10T07:00:00Z,0.61,20.0,21.0,6.0
2022-08-10T08:00:00Z,0.7,19.0,17.0,6.0
2022-08-10T09:00:00Z,0.71,19.0,18.0,6.0
2022-08-10T10:00:00Z,0.72,20.0,21.0,6.0
2022-08-10T11:00:00Z,0.76,20.0,24.0,7.0
2022-08-10T12:00:00Z,0.8,24.0,32.0,8.0
2022-08-10T13:00:00Z,0.84,24.0,45.0,8.0
2022-08-10T14:00:00Z,0.8,23.0,67.0,8.0
2022-08-10T15:00:00Z,0.76,20.0,100.0,8.0
2022-08-10T16:00:00Z,0.73,17.0,132.0,7.0
2022-08-10T17:00:00Z,0.73,16.0,146.0,7.0
2022-08-10T18:00:00Z,0.79,22.0,138.0,7.0
2022-08-10T19:00:00Z,0.81,23.0,126.0,7.0
2022-08-10T20:00:00Z,0.89,30.0,107.0,8.0
2022-08-10T21:00:00Z,0.89,35.0,76.0,8.0
2022-08-10T22:00:00Z,0.89,34.0,65.0,7.0
2022-08-10T23:00:00Z,0.88,32.0,64.0,7.0
2022-08-11T00:00:00Z,0.89,33.0,60.0,8.0
2022-08-11T01:00:00Z,0.97,33.0,54.0,7.0
2022-08-11T02:00:00Z,1.12,30.0,54.0,7.0
2022-08-11T03:00:00Z,1.06,23.0,55.0,7.0
2022-08-11T04:00:00Z,1.0,25.0,50.0,7.0
2022-08-11T05:00:00Z,0.88,16.0,62.0,6.0
2022-08-11T06:00:00Z,0.9,17.0,56.0,6.0
2022-08-11T07:00:00Z,0.96,25.0,48.0,6.0
2022-08-11T08:00:00Z,0.97,29.0,62.0,7.0
2022-08-11T09:00:00Z,0.94,26.0,101.0,8.0
2022-08-11T10:00:00Z,0.87,18.0,143.0,8.0
2022-08-11T11:00:00Z,0.78,15.0,172.0,8.0
2022-08-11T12:00:00Z,0.71,12.0,173.0,7.0
2022-08-11T13:00:00Z,0.63,10.0,183.0,6.0
2022-08-11T14:00:00Z,0.65,8.0,182.0,6.0
2022-08-11T15:00:00Z,0.6,9.0,173.0,6.0
2022-08-11T16:00:00Z,0.5,8.0,150.0,6.0
2022-08-11T17:00:00Z,0.46,9.0,139.0,6.0
2022-08-11T18:00:00Z,0.49,10.0,139.0,6.0
2022-08-11T19:00:00Z,0.56,12.0,144.0,6.0
2022-08-11T20:00:00Z,0.56,14.0,125.0,7.0
2022-08-11T21:00:00Z,0.59,19.0,113.0,8.0
2022-08-11T22:00:00Z,0.63,19.0,99.0,8.0
2022-08-11T23:00:00Z,0.65,19.0,84.0,8.0
2022-08-12T00:00:00Z,0.71,24.0,69.0,9.0
2022-08-12T01:00:00Z,0.67,27.0,59.0,9.0
2022-08-12T02:00:00Z,0.66,29.0,50.0,11.0
2022-08-12T03:00:00Z,0.7,31.0,44.0,13.0
2022-08-12T04:00:00Z,0.66,29.0,45.0,13.0
2022-08-12T05:00:00Z,0.65,31.0,39.0,12.0
2022-08-12T06:00:00Z,0.66,30.0,38.0,12.0
2022-08-12T07:00:00Z,0.69,30.0,42.0,14.0
2022-08-12T08:00:00Z,0.72,28.0,58.0,13.0
2022-08-12T10:00:00Z,0.45,14.0,127.0,9.0
2022-08-12T11:00:00Z,0.45,10.0,141.0,8.0
2022-08-12T12:00:00Z,0.44,9.0,146.0,7.0
2022-08-12T13:00:00Z,0.43,9.0,151.0,7.0
2022-08-12T14:00:00Z,0.43,9.0,147.0,7.0
2022-08-12T15:00:00Z,0.4,8.0,144.0,7.0
2022-08-12T16:00:00Z,0.41,10.0,147.0,7.0
2022-08-12T17:00:00Z,0.46,10.0,154.0,6.0
2022-08-12T18:00:00Z,0.46,11.0,146.0,7.0
2022-08-12T19:00:00Z,0.46,11.0,134.0,7.0
2022-08-12T20:00:00Z,0.49,14.0,119.0,6.0
2022-08-12T21:00:00Z,0.52,17.0,103.0,7.0
2022-08-12T22:00:00Z,0.51,18.0,95.0,6.0
2022-08-12T23:00:00Z,0.52,17.0,98.0,7.0
2022-08-13T00:00:00Z,0.52,17.0,97.0,9.0
2022-08-13T01:00:00Z,0.51,17.0,87.0,8.0
2022-08-13T02:00:00Z,0.55,21.0,75.0,9.0
2022-08-13T03:00:00Z,0.58,18.0,78.0,9.0
2022-08-13T04:00:00Z,0.56,19.0,66.0,7.0
2022-08-13T05:00:00Z,0.58,21.0,55.0,7.0
2022-08-13T06:00:00Z,0.6,22.0,47.0,10.0
2022-08-13T07:00:00Z,0.69,27.0,39.0,13.0
2022-08-13T08:00:00Z,0.72,32.0,40.0,12.0
2022-08-13T09:00:00Z,0.69,26.0,78.0,12.0
2022-08-13T10:00:00Z,0.56,17.0,112.0,9.0
2022-08-13T11:00:00Z,0.54,13.0,129.0,8.0
2022-08-13T12:00:00Z,0.43,9.0,124.0,7.0
2022-08-13T13:00:00Z,0.43,9.0,131.0,7.0
2022-08-13T14:00:00Z,0.4,7.0,135.0,6.0
2022-08-13T15:00:00Z,0.37,7.0,137.0,7.0
2022-08-13T16:00:00Z,0.37,7.0,141.0,7.0
2022-08-13T17:00:00Z,0.38,8.0,144.0,7.0
2022-08-13T18:00:00Z,0.39,8.0,139.0,6.0
2022-08-13T19:00:00Z,0.45,11.0,134.0,6.0
2022-08-13T20:00:00Z,0.53,14.0,121.0,7.0
2022-08-13T21:00:00Z,0.58,16.0,110.0,8.0
2022-08-13T22:00:00Z,0.58,17.0,104.0,9.0
2022-08-13T23:00:00Z,0.6,20.0,92.0,7.0
2022-08-14T00:00:00Z,0.53,18.0,89.0,6.0
2022-08-14T01:00:00Z,0.54,19.0,86.0,7.0
2022-08-14T02:00:00Z,0.55,20.0,85.0,8.0
2022-08-14T03:00:00Z,0.54,18.0,83.0,9.0
2022-08-14T04:00:00Z,0.56,18.0,78.0,8.0
2022-08-14T05:00:00Z,0.56,20.0,70.0,7.0
2022-08-14T06:00:00Z,0.55,22.0,58.0,7.0
2022-08-14T07:00:00Z,0.57,22.0,55.0,8.0
2022-08-14T08:00:00Z,0.6,22.0,66.0,10.0
2022-08-14T09:00:00Z,0.65,21.0,93.0,10.0
2022-08-14T10:00:00Z,0.66,17.0,140.0,10.0
2022-08-14T11:00:00Z,0.61,13.0,162.0,8.0
2022-08-14T12:00:00Z,0.51,9.0,161.0,7.0
2022-08-14T13:00:00Z,0.47,7.0,161.0,7.0
2022-08-14T14:00:00Z,0.47,8.0,163.0,7.0
2022-08-14T15:00:00Z,0.49,8.0,151.0,7.0
2022-08-14T16:00:00Z,0.5,8.0,147.0,7.0
2022-08-14T17:00:00Z,0.45,9.0,143.0,7.0
2022-08-14T18:00:00Z,0.47,11.0,139.0,7.0
2022-08-14T19:00:00Z,0.47,13.0,129.0,7.0
2022-08-14T20:00:00Z,0.51,14.0,117.0,7.0
2022-08-14T21:00:00Z,0.56,15.0,106.0,7.0
2022-08-14T22:00:00Z,0.53,14.0,100.0,8.0
2022-08-14T23:00:00Z,0.57,16.0,92.0,9.0
2022-08-15T00:00:00Z,0.59,17.0,85.0,9.0
2022-08-15T01:00:00Z,0.59,16.0,80.0,8.0
2022-08-15T02:00:00Z,0.64,18.0,72.0,11.0
2022-08-15T03:00:00Z,0.58,18.0,75.0,10.0
2022-08-15T04:00:00Z,0.54,17.0,70.0,10.0
2022-08-15T05:00:00Z,0.54,17.0,61.0,9.0
2022-08-15T06:00:00Z,0.56,16.0,59.0,9.0
2022-08-15T07:00:00Z,0.58,19.0,61.0,9.0
2022-08-15T08:00:00Z,0.53,16.0,86.0,8.0
2022-08-15T09:00:00Z,0.49,13.0,108.0,8.0
2022-08-15T10:00:00Z,0.45,11.0,120.0,7.0
2022-08-15T11:00:00Z,0.42,10.0,130.0,7.0
2022-08-15T12:00:00Z,0.39,10.0,131.0,7.0
2022-08-15T13:00:00Z,0.39,8.0,134.0,7.0
2022-08-15T14:00:00Z,0.47,9.0,136.0,7.0
2022-08-15T15:00:00Z,0.51,9.0,137.0,7.0
2022-08-15T16:00:00Z,0.55,12.0,123.0,7.0
2022-08-15T17:00:00Z,0.51,15.0,107.0,6.0
2022-08-15T18:00:00Z,0.56,19.0,90.0,6.0
2022-08-15T19:00:00Z,0.58,29.0,68.0,6.0
2022-08-15T20:00:00Z,0.63,34.0,56.0,6.0
2022-08-15T21:00:00Z,0.63,28.0,67.0,6.0
2022-08-15T22:00:00Z,0.51,11.0,105.0,5.0
2022-08-15T23:00:00Z,0.42,10.0,109.0,5.0
2022-08-16T00:00:00Z,0.49,11.0,97.0,5.0
2022-08-16T01:00:00Z,0.48,14.0,81.0,5.0
2022-08-16T02:00:00Z,0.49,17.0,69.0,5.0
2022-08-16T03:00:00Z,0.5,19.0,63.0,6.0
2022-08-16T04:00:00Z,0.51,21.0,54.0,6.0
2022-08-16T05:00:00Z,0.54,21.0,51.0,7.0
2022-08-16T06:00:00Z,0.61,25.0,41.0,7.0
2022-08-16T07:00:00Z,0.74,30.0,35.0,7.0
2022-08-16T08:00:00Z,0.88,33.0,37.0,10.0
2022-08-16T09:00:00Z,0.85,31.0,50.0,11.0
2022-08-16T10:00:00Z,0.81,28.0,68.0,10.0
2022-08-16T11:00:00Z,0.86,25.0,84.0,10.0
2022-08-16T12:00:00Z,0.99,19.0,127.0,10.0
2022-08-16T13:00:00Z,0.9,15.0,156.0,10.0
2022-08-16T14:00:00Z,0.86,13.0,160.0,9.0
2022-08-16T15:00:00Z,0.86,13.0,161.0,8.0
2022-08-16T16:00:00Z,0.81,17.0,160.0,7.0
2022-08-16T17:00:00Z,0.83,16.0,157.0,7.0
2022-08-16T18:00:00Z,0.81,16.0,145.0,7.0
2022-08-16T19:00:00Z,0.75,18.0,123.0,7.0
2022-08-16T20:00:00Z,0.67,16.0,107.0,7.0
2022-08-16T21:00:00Z,0.66,18.0,89.0,6.0
2022-08-16T22:00:00Z,0.66,18.0,87.0,6.0
2022-08-16T23:00:00Z,0.67,15.0,91.0,6.0
2022-08-17T00:00:00Z,0.67,18.0,84.0,6.0
2022-08-17T01:00:00Z,0.71,23.0,73.0,6.0
2022-08-17T02:00:00Z,0.66,20.0,66.0,7.0
2022-08-17T03:00:00Z,0.65,20.0,55.0,7.0
2022-08-17T04:00:00Z,0.59,17.0,57.0,8.0
2022-08-17T05:00:00Z,0.54,15.0,64.0,8.0
2022-08-17T06:00:00Z,0.56,16.0,56.0,8.0
2022-08-17T07:00:00Z,0.61,18.0,52.0,9.0
2022-08-17T08:00:00Z,0.6,18.0,59.0,10.0
2022-08-17T09:00:00Z,0.63,15.0,74.0,9.0
2022-08-17T10:00:00Z,0.59,13.0,94.0,9.0
2022-08-17T11:00:00Z,0.53,11.0,112.0,9.0
2022-08-17T12:00:00Z,0.43,10.0,121.0,8.0
2022-08-17T13:00:00Z,0.41,9.0,131.0,8.0
2022-08-17T14:00:00Z,0.38,10.0,134.0,7.0
2022-08-17T15:00:00Z,0.44,10.0,148.0,6.0
2022-08-17T16:00:00Z,0.45,10.0,158.0,6.0
2022-08-17T17:00:00Z,0.47,12.0,157.0,7.0
2022-08-17T18:00:00Z,0.47,12.0,148.0,6.0
2022-08-17T19:00:00Z,0.44,13.0,130.0,6.0
2022-08-17T20:00:00Z,0.46,17.0,113.0,6.0
2022-08-17T21:00:00Z,0.49,19.0,110.0,6.0
2022-08-17T22:00:00Z,0.49,18.0,108.0,7.0
2022-08-17T23:00:00Z,0.5,18.0,105.0,7.0
2022-08-18T00:00:00Z,0.48,17.0,99.0,7.0
2022-08-18T01:00:00Z,0.48,16.0,95.0,7.0
2022-08-18T02:00:00Z,0.49,16.0,87.0,8.0
2022-08-18T03:00:00Z,0.49,15.0,77.0,7.0
2022-08-18T04:00:00Z,0.49,14.0,71.0,6.0
2022-08-18T05:00:00Z,0.48,14.0,64.0,6.0
2022-08-18T06:00:00Z,0.46,14.0,60.0,6.0
2022-08-18T07:00:00Z,0.47,15.0,58.0,7.0
2022-08-18T08:00:00Z,0.53,16.0,59.0,7.0
2022-08-18T09:00:00Z,0.58,14.0,71.0,8.0
2022-08-18T10:00:00Z,0.59,13.0,93.0,8.0
2022-08-18T11:00:00Z,0.64,12.0,120.0,7.0
2022-08-18T12:00:00Z,0.67,11.0,138.0,7.0
2022-08-18T13:00:00Z,0.67,10.0,146.0,7.0
2022-08-18T14:00:00Z,0.65,9.0,147.0,7.0
2022-08-18T15:00:00Z,0.65,9.0,145.0,7.0
2022-08-18T16:00:00Z,0.66,10.0,146.0,6.0
2022-08-18T17:00:00Z,0.67,11.0,142.0,6.0
2022-08-18T18:00:00Z,0.66,12.0,135.0,6.0
2022-08-18T19:00:00Z,0.71,14.0,129.0,6.0
2022-08-18T20:00:00Z,0.69,13.0,122.0,6.0
2022-08-18T21:00:00Z,0.71,13.0,122.0,6.0
2022-08-18T22:00:00Z,0.72,12.0,125.0,6.0
2022-08-18T23:00:00Z,0.74,11.0,121.0,6.0
2022-08-19T00:00:00Z,0.74,11.0,121.0,6.0
2022-08-19T01:00:00Z,0.74,11.0,121.0,6.0
2022-08-19T02:00:00Z,0.84,11.0,118.0,7.0
2022-08-19T03:00:00Z,0.81,11.0,115.0,7.0
2022-08-19T04:00:00Z,0.82,12.0,107.0,7.0
2022-08-19T05:00:00Z,0.87,13.0,98.0,8.0
2022-08-19T06:00:00Z,0.93,16.0,85.0,8.0
2022-08-19T07:00:00Z,0.94,19.0,73.0,9.0
2022-08-19T08:00:00Z,0.94,23.0,74.0,11.0
2022-08-19T09:00:00Z,0.85,21.0,97.0,10.0
2022-08-19T10:00:00Z,0.73,17.0,132.0,9.0
2022-08-19T11:00:00Z,0.63,13.0,152.0,9.0
2022-08-19T12:00:00Z,0.53,10.0,145.0,8.0
2022-08-19T13:00:00Z,0.5,8.0,143.0,8.0
2022-08-19T14:00:00Z,0.5,7.0,143.0,8.0
2022-08-19T15:00:00Z,0.59,9.0,145.0,8.0
2022-08-19T16:00:00Z,0.6,9.0,148.0,8.0
2022-08-19T17:00:00Z,0.56,11.0,143.0,8.0
2022-08-19T18:00:00Z,0.55,11.0,141.0,7.0
2022-08-19T19:00:00Z,0.55,14.0,131.0,7.0
2022-08-19T20:00:00Z,0.7,18.0,108.0,7.0
2022-08-19T21:00:00Z,0.73,20.0,86.0,8.0
2022-08-19T22:00:00Z,0.66,19.0,74.0,8.0
2022-08-19T23:00:00Z,0.65,18.0,66.0,7.0
2022-08-20T00:00:00Z,0.65,16.0,64.0,6.0
2022-08-20T01:00:00Z,0.61,16.0,57.0,6.0
2022-08-20T02:00:00Z,0.61,16.0,52.0,6.0
2022-08-20T03:00:00Z,0.7,15.0,63.0,7.0
2022-08-20T04:00:00Z,0.84,14.0,78.0,11.0
2022-08-20T05:00:00Z,0.85,15.0,79.0,9.0
2022-08-20T06:00:00Z,0.86,18.0,71.0,10.0
2022-08-20T07:00:00Z,0.83,17.0,76.0,9.0
2022-08-20T08:00:00Z,0.76,15.0,80.0,7.0
2022-08-20T09:00:00Z,0.71,16.0,79.0,7.0
2022-08-20T10:00:00Z,0.69,17.0,77.0,7.0
2022-08-20T11:00:00Z,0.65,14.0,89.0,7.0
2022-08-20T12:00:00Z,0.55,13.0,104.0,7.0
2022-08-20T13:00:00Z,0.48,11.0,121.0,7.0
2022-08-20T14:00:00Z,0.41,11.0,127.0,7.0
2022-08-20T15:00:00Z,0.4,11.0,136.0,7.0
2022-08-20T16:00:00Z,0.4,12.0,142.0,7.0
2022-08-20T17:00:00Z,0.4,14.0,146.0,7.0
2022-08-20T18:00:00Z,0.46,15.0,143.0,7.0
2022-08-20T19:00:00Z,0.45,18.0,134.0,7.0
2022-08-20T20:00:00Z,0.46,23.0,120.0,7.0
2022-08-20T21:00:00Z,0.53,25.0,113.0,8.0
2022-08-20T22:00:00Z,0.56,24.0,110.0,11.0
2022-08-20T23:00:00Z,0.56,21.0,107.0,12.0
2022-08-21T00:00:00Z,0.61,17.0,106.0,11.0
2022-08-21T01:00:00Z,0.69,16.0,101.0,9.0
2022-08-21T02:00:00Z,0.64,17.0,91.0,8.0
2022-08-21T03:00:00Z,0.55,17.0,91.0,7.0
2022-08-21T04:00:00Z,0.54,18.0,82.0,7.0
2022-08-21T05:00:00Z,0.51,21.0,75.0,7.0
2022-08-21T06:00:00Z,0.54,23.0,72.0,8.0
2022-08-21T07:00:00Z,0.57,22.0,67.0,9.0
2022-08-21T08:00:00Z,0.59,18.0,72.0,9.0
2022-08-21T09:00:00Z,0.59,16.0,82.0,9.0
2022-08-21T10:00:00Z,0.57,14.0,98.0,8.0
2022-08-21T11:00:00Z,0.57,11.0,115.0,7.0
2022-08-21T12:00:00Z,0.57,9.0,125.0,6.0
2022-08-21T13:00:00Z,0.57,7.0,126.0,6.0
2022-08-21T14:00:00Z,0.59,7.0,131.0,7.0
2022-08-21T15:00:00Z,0.6,8.0,133.0,6.0
2022-08-21T16:00:00Z,0.61,8.0,135.0,6.0
2022-08-21T17:00:00Z,0.63,9.0,131.0,6.0
2022-08-21T18:00:00Z,0.61,9.0,127.0,6.0
2022-08-21T19:00:00Z,0.63,11.0,122.0,6.0
2022-08-21T20:00:00Z,0.64,13.0,110.0,6.0
2022-08-21T21:00:00Z,0.66,13.0,101.0,6.0
2022-08-21T22:00:00Z,0.64,12.0,95.0,6.0
2022-08-21T23:00:00Z,0.65,10.0,98.0,6.0
2022-08-22T00:00:00Z,0.66,10.0,97.0,6.0
2022-08-22T01:00:00Z,0.66,10.0,93.0,6.0
2022-08-22T02:00:00Z,0.69,10.0,89.0,6.0
2022-08-22T03:00:00Z,0.69,10.0,85.0,7.0
2022-08-22T04:00:00Z,0.7,10.0,81.0,7.0
2022-08-22T05:00:00Z,0.7,11.0,75.0,8.0
2022-08-22T06:00:00Z,0.75,14.0,65.0,9.0
2022-08-22T07:00:00Z,0.79,18.0,56.0,9.0
2022-08-22T08:00:00Z,0.79,23.0,50.0,9.0
2022-08-22T09:00:00Z,0.75,21.0,65.0,9.0
2022-08-22T10:00:00Z,0.61,14.0,95.0,8.0
2022-08-22T11:00:00Z,0.54,11.0,112.0,8.0
2022-08-22T12:00:00Z,0.53,9.0,122.0,8.0
2022-08-22T13:00:00Z,0.51,9.0,126.0,8.0
2022-08-22T14:00:00Z,0.5,9.0,124.0,7.0
2022-08-22T15:00:00Z,0.48,10.0,124.0,7.0
2022-08-22T16:00:00Z,0.53,11.0,115.0,7.0
2022-08-22T17:00:00Z,0.55,10.0,115.0,7.0
2022-08-22T18:00:00Z,0.54,11.0,111.0,7.0
2022-08-22T19:00:00Z,0.54,13.0,107.0,7.0
2022-08-22T20:00:00Z,0.63,13.0,114.0,8.0
2022-08-22T21:00:00Z,0.81,13.0,115.0,8.0
2022-08-22T22:00:00Z,0.88,14.0,100.0,8.0
2022-08-22T23:00:00Z,0.94,16.0,80.0,8.0
2022-08-23T00:00:00Z,1.0,16.0,70.0,8.0
2022-08-23T01:00:00Z,1.01,15.0,64.0,8.0
2022-08-23T02:00:00Z,1.0,16.0,55.0,9.0
2022-08-23T03:00:00Z,0.94,16.0,59.0,8.0
2022-08-23T04:00:00Z,0.76,9.0,91.0,6.0
2022-08-23T05:00:00Z,0.7,8.0,89.0,6.0
2022-08-23T06:00:00Z,0.59,9.0,93.0,6.0
2022-08-23T07:00:00Z,0.57,11.0,91.0,6.0
2022-08-23T08:00:00Z,0.57,14.0,81.0,6.0
2022-08-23T09:00:00Z,0.55,15.0,79.0,7.0
2022-08-23T10:00:00Z,0.53,15.0,87.0,7.0
2022-08-23T11:00:00Z,0.49,14.0,101.0,7.0
2022-08-23T12:00:00Z,0.46,13.0,110.0,6.0
2022-08-23T13:00:00Z,0.5,12.0,118.0,6.0
2022-08-23T14:00:00Z,0.5,12.0,125.0,6.0
2022-08-23T15:00:00Z,0.5,13.0,130.0,7.0
2022-08-23T16:00:00Z,0.45,14.0,127.0,6.0
2022-08-23T17:00:00Z,0.44,15.0,125.0,6.0
2022-08-23T18:00:00Z,0.44,16.0,123.0,7.0
2022-08-23T19:00:00Z,0.44,20.0,115.0,7.0
2022-08-23T20:00:00Z,0.47,22.0,102.0,7.0
2022-08-23T21:00:00Z,0.49,23.0,93.0,7.0
2022-08-23T22:00:00Z,0.5,24.0,84.0,7.0
2022-08-23T23:00:00Z,0.49,25.0,72.0,8.0
2022-08-24T00:00:00Z,0.46,24.0,63.0,8.0
2022-08-24T01:00:00Z,0.45,27.0,50.0,8.0
2022-08-24T02:00:00Z,0.46,29.0,40.0,8.0
2022-08-24T03:00:00Z,0.45,29.0,34.0,7.0
2022-08-24T04:00:00Z,0.46,28.0,32.0,7.0
2022-08-24T05:00:00Z,0.5,29.0,28.0,7.0
2022-08-24T06:00:00Z,0.51,32.0,24.0,8.0
2022-08-24T07:00:00Z,0.54,31.0,25.0,8.0
2022-08-24T08:00:00Z,0.56,29.0,36.0,9.0
2022-08-24T09:00:00Z,0.53,25.0,50.0,9.0
2022-08-24T10:00:00Z,0.53,21.0,69.0,9.0
2022-08-24T11:00:00Z,0.5,17.0,95.0,8.0
2022-08-24T12:00:00Z,0.45,14.0,117.0,8.0
2022-08-24T13:00:00Z,0.47,13.0,140.0,7.0
2022-08-24T14:00:00Z,0.47,13.0,152.0,8.0
2022-08-24T15:00:00Z,0.49,13.0,159.0,8.0
2022-08-24T16:00:00Z,0.47,14.0,161.0,8.0
2022-08-24T17:00:00Z,0.45,14.0,156.0,8.0
2022-08-24T18:00:00Z,0.45,15.0,151.0,7.0
2022-08-24T19:00:00Z,0.46,18.0,145.0,7.0
2022-08-24T20:00:00Z,0.53,21.0,132.0,8.0
2022-08-24T21:00:00Z,0.54,23.0,114.0,10.0
2022-08-24T22:00:00Z,0.58,27.0,103.0,11.0
2022-08-24T23:00:00Z,0.59,26.0,105.0,11.0
2022-08-25T00:00:00Z,0.6,21.0,104.0,10.0
2022-08-25T01:00:00Z,0.63,21.0,93.0,10.0
2022-08-25T02:00:00Z,0.63,26.0,82.0,10.0
2022-08-25T03:00:00Z,0.64,39.0,60.0,10.0
2022-08-25T04:00:00Z,0.66,36.0,54.0,11.0
2022-08-25T05:00:00Z,0.68,42.0,45.0,11.0
2022-08-25T06:00:00Z,0.69,36.0,49.0,14.0
2022-08-25T07:00:00Z,0.64,31.0,53.0,12.0
2022-08-25T08:00:00Z,0.61,27.0,62.0,11.0
2022-08-25T09:00:00Z,0.6,26.0,77.0,10.0
2022-08-25T10:00:00Z,0.63,30.0,71.0,9.0
2022-08-25T11:00:00Z,0.64,31.0,71.0,8.0
2022-08-25T12:00:00Z,0.7,27.0,92.0,9.0
2022-08-25T13:00:00Z,0.74,21.0,121.0,10.0
2022-08-25T14:00:00Z,0.77,19.0,130.0,10.0
2022-08-25T15:00:00Z,0.75,21.0,125.0,11.0
2022-08-25T16:00:00Z,0.82,23.0,113.0,12.0
2022-08-25T17:00:00Z,0.84,31.0,92.0,10.0
2022-08-25T18:00:00Z,0.86,38.0,81.0,9.0
2022-08-25T19:00:00Z,0.87,38.0,68.0,8.0
2022-08-25T20:00:00Z,0.86,38.0,62.0,7.0
2022-08-25T21:00:00Z,0.86,38.0,52.0,7.0
2022-08-25T22:00:00Z,0.85,36.0,55.0,7.0
2022-08-25T23:00:00Z,0.77,28.0,70.0,7.0
2022-08-26T00:00:00Z,0.73,27.0,66.0,7.0
2022-08-26T01:00:00Z,0.7,22.0,76.0,7.0
2022-08-26T02:00:00Z,0.7,18.0,77.0,7.0
2022-08-26T03:00:00Z,0.7,18.0,73.0,7.0
2022-08-26T04:00:00Z,0.7,22.0,68.0,7.0
2022-08-26T05:00:00Z,0.72,22.0,70.0,9.0
2022-08-26T06:00:00Z,0.71,22.0,70.0,10.0
2022-08-26T07:00:00Z,0.7,22.0,83.0,10.0
2022-08-26T08:00:00Z,0.7,25.0,89.0,11.0
2022-08-26T09:00:00Z,0.74,25.0,89.0,12.0
2022-08-26T10:00:00Z,0.75,24.0,100.0,12.0
2022-08-26T11:00:00Z,0.77,26.0,104.0,11.0
2022-08-26T12:00:00Z,0.76,26.0,111.0,10.0
2022-08-26T13:00:00Z,0.76,22.0,125.0,10.0
2022-08-26T14:00:00Z,0.74,19.0,141.0,10.0
2022-08-26T15:00:00Z,0.79,20.0,146.0,10.0
2022-08-26T16:00:00Z,0.79,21.0,148.0,9.0
2022-08-26T17:00:00Z,0.83,20.0,151.0,9.0
2022-08-26T18:00:00Z,0.82,20.0,145.0,8.0
2022-08-26T19:00:00Z,0.88,23.0,110.0,8.0
2022-08-26T20:00:00Z,0.88,23.0,93.0,8.0
2022-08-26T21:00:00Z,0.9,23.0,83.0,7.0
2022-08-26T22:00:00Z,0.98,28.0,64.0,7.0
2022-08-26T23:00:00Z,1.02,27.0,57.0,7.0
2022-08-27T00:00:00Z,1.0,25.0,57.0,8.0
2022-08-27T01:00:00Z,0.93,21.0,58.0,9.0
2022-08-27T02:00:00Z,0.93,20.0,54.0,8.0
2022-08-27T03:00:00Z,0.88,21.0,49.0,8.0
2022-08-27T04:00:00Z,0.86,22.0,50.0,10.0
2022-08-27T05:00:00Z,0.67,20.0,64.0,9.0
2022-08-27T06:00:00Z,0.59,20.0,62.0,9.0
2022-08-27T07:00:00Z,0.57,22.0,61.0,8.0
2022-08-27T08:00:00Z,0.59,25.0,62.0,8.0
2022-08-27T09:00:00Z,0.64,27.0,66.0,9.0
2022-08-27T10:00:00Z,0.69,25.0,73.0,8.0
2022-08-27T11:00:00Z,0.69,21.0,82.0,9.0
2022-08-27T12:00:00Z,0.69,17.0,92.0,8.0
2022-08-27T13:00:00Z,0.7,15.0,103.0,9.0
2022-08-27T14:00:00Z,0.7,14.0,111.0,11.0
2022-08-27T15:00:00Z,0.6,13.0,106.0,8.0
2022-08-27T16:00:00Z,0.55,14.0,103.0,8.0
2022-08-27T17:00:00Z,0.51,16.0,96.0,8.0
2022-08-27T18:00:00Z,0.5,17.0,82.0,7.0
2022-08-27T19:00:00Z,0.51,19.0,71.0,7.0
2022-08-27T20:00:00Z,0.47,19.0,65.0,7.0
2022-08-27T21:00:00Z,0.44,17.0,65.0,7.0
2022-08-27T22:00:00Z,0.42,18.0,61.0,7.0
2022-08-27T23:00:00Z,0.46,18.0,58.0,7.0
2022-08-28T00:00:00Z,0.47,19.0,52.0,7.0
2022-08-28T01:00:00Z,0.47,21.0,48.0,8.0
2022-08-28T02:00:00Z,0.47,20.0,47.0,6.0
2022-08-28T03:00:00Z,0.49,19.0,47.0,7.0
2022-08-28T04:00:00Z,0.47,19.0,47.0,8.0
2022-08-28T05:00:00Z,0.49,21.0,43.0,9.0
2022-08-28T06:00:00Z,0.5,22.0,41.0,9.0
2022-08-28T07:00:00Z,0.53,21.0,44.0,10.0
2022-08-28T08:00:00Z,0.55,22.0,43.0,12.0
2022-08-28T09:00:00Z,0.54,22.0,46.0,12.0
2022-08-28T10:00:00Z,0.53,18.0,57.0,11.0
2022-08-28T11:00:00Z,0.5,15.0,70.0,9.0
2022-08-28T12:00:00Z,0.47,13.0,84.0,8.0
2022-08-28T13:00:00Z,0.47,12.0,92.0,7.0
2022-08-28T14:00:00Z,0.47,14.0,86.0,6.0
2022-08-28T15:00:00Z,0.49,17.0,78.0,6.0
2022-08-28T16:00:00Z,0.5,18.0,73.0,6.0
2022-08-28T17:00:00Z,0.55,18.0,73.0,6.0
2022-08-28T18:00:00Z,0.53,16.0,68.0,5.0
2022-08-28T19:00:00Z,0.55,17.0,56.0,6.0
2022-08-28T20:00:00Z,0.56,18.0,48.0,5.0
2022-08-28T21:00:00Z,0.56,20.0,44.0,5.0
2022-08-28T22:00:00Z,0.57,19.0,42.0,5.0
2022-08-28T23:00:00Z,0.55,16.0,56.0,5.0
2022-08-29T00:00:00Z,0.5,14.0,50.0,5.0
2022-08-29T01:00:00Z,0.5,14.0,47.0,5.0
2022-08-29T02:00:00Z,0.5,14.0,46.0,5.0
2022-08-29T03:00:00Z,0.54,13.0,46.0,5.0
2022-08-29T04:00:00Z,0.56,13.0,43.0,5.0
2022-08-29T05:00:00Z,0.58,13.0,41.0,5.0
2022-08-29T06:00:00Z,0.65,15.0,37.0,5.0
2022-08-29T07:00:00Z,0.81,17.0,38.0,5.0
2022-08-29T08:00:00Z,0.91,21.0,34.0,6.0
2022-08-29T09:00:00Z,0.9,22.0,32.0,6.0
2022-08-29T10:00:00Z,0.88,23.0,30.0,5.0
2022-08-29T11:00:00Z,0.81,23.0,29.0,5.0
2022-08-29T12:00:00Z,0.79,23.0,33.0,5.0
2022-08-29T13:00:00Z,0.8,23.0,36.0,5.0
2022-08-29T14:00:00Z,0.8,21.0,44.0,5.0
2022-08-29T15:00:00Z,0.87,21.0,48.0,5.0
2022-08-29T16:00:00Z,0.85,21.0,49.0,6.0
2022-08-29T17:00:00Z,0.79,21.0,49.0,5.0
2022-08-29T18:00:00Z,0.78,22.0,46.0,5.0
2022-08-29T19:00:00Z,0.75,23.0,41.0,6.0
2022-08-29T20:00:00Z,0.75,24.0,34.0,7.0
2022-08-29T21:00:00Z,0.75,23.0,36.0,6.0
2022-08-29T22:00:00Z,0.71,23.0,38.0,6.0
2022-08-29T23:00:00Z,0.6,18.0,49.0,6.0
2022-08-30T00:00:00Z,0.56,17.0,49.0,6.0
2022-08-30T01:00:00Z,0.61,18.0,44.0,5.0
2022-08-30T02:00:00Z,0.74,20.0,40.0,6.0
2022-08-30T03:00:00Z,0.81,19.0,40.0,6.0
2022-08-30T04:00:00Z,0.74,19.0,34.0,6.0
2022-08-30T05:00:00Z,0.72,17.0,41.0,6.0
2022-08-30T06:00:00Z,0.79,18.0,43.0,6.0
2022-08-30T07:00:00Z,0.82,21.0,38.0,6.0
2022-08-30T08:00:00Z,0.85,24.0,37.0,6.0
2022-08-30T09:00:00Z,0.75,21.0,48.0,6.0
2022-08-30T10:00:00Z,0.71,20.0,58.0,6.0
2022-08-30T11:00:00Z,0.7,21.0,66.0,6.0
2022-08-30T12:00:00Z,0.7,20.0,69.0,5.0
2022-08-30T13:00:00Z,0.69,19.0,77.0,5.0
2022-08-30T14:00:00Z,0.71,20.0,77.0,5.0
2022-08-30T15:00:00Z,0.7,21.0,78.0,6.0
2022-08-30T16:00:00Z,0.81,21.0,80.0,6.0
2022-08-30T22:00:00Z,0.89,28.0,48.0,6.0
2022-08-30T23:00:00Z,0.79,24.0,48.0,7.0
2022-08-31T00:00:00Z,0.7,21.0,50.0,6.0
2022-08-31T01:00:00Z,0.74,21.0,46.0,7.0
2022-08-31T02:00:00Z,0.74,19.0,48.0,9.0
2022-08-31T03:00:00Z,0.75,16.0,51.0,9.0
2022-08-31T04:00:00Z,0.69,15.0,51.0,8.0
2022-08-31T05:00:00Z,0.69,15.0,49.0,8.0
2022-08-31T06:00:00Z,0.71,16.0,45.0,8.0
2022-08-31T07:00:00Z,0.75,20.0,37.0,8.0
2022-08-31T08:00:00Z,0.75,22.0,42.0,9.0
2022-08-31T09:00:00Z,0.78,21.0,52.0,10.0
2022-08-31T10:00:00Z,0.75,20.0,68.0,11.0
2022-08-31T11:00:00Z,0.74,18.0,86.0,12.0
2022-08-31T12:00:00Z,0.72,16.0,98.0,10.0
2022-08-31T13:00:00Z,0.73,14.0,119.0,9.0
2022-08-31T14:00:00Z,0.74,11.0,133.0,8.0
2022-08-31T15:00:00Z,0.74,12.0,140.0,8.0
2022-08-31T16:00:00Z,0.72,12.0,134.0,8.0
2022-08-31T17:00:00Z,0.69,12.0,122.0,8.0
2022-08-31T18:00:00Z,0.67,12.0,112.0,7.0
2022-08-31T19:00:00Z,0.69,16.0,100.0,6.0
2022-08-31T20:00:00Z,0.76,21.0,85.0,6.0
2022-08-31T21:00:00Z,0.8,26.0,68.0,6.0
2022-08-31T22:00:00Z,0.86,36.0,44.0,6.0
2022-08-31T23:00:00Z,0.89,40.0,36.0,6.0
2022-09-01T00:00:00Z,0.91,34.0,42.0,7.0
2022-09-01T01:00:00Z,0.88,28.0,52.0,8.0
2022-09-01T02:00:00Z,0.84,24.0,57.0,7.0
2022-09-01T03:00:00Z,0.82,21.0,54.0,7.0
2022-09-01T04:00:00Z,0.82,18.0,54.0,8.0
2022-09-01T05:00:00Z,0.78,16.0,57.0,9.0
2022-09-01T06:00:00Z,0.76,17.0,54.0,9.0
2022-09-01T07:00:00Z,0.8,21.0,46.0,9.0
2022-09-01T08:00:00Z,0.9,23.0,48.0,12.0
2022-09-01T09:00:00Z,0.89,23.0,63.0,19.0
2022-09-01T10:00:00Z,0.9,20.0,96.0,15.0
2022-09-01T11:00:00Z,0.91,17.0,137.0,17.0
2022-09-01T12:00:00Z,0.91,13.0,169.0,16.0
2022-09-01T13:00:00Z,0.84,11.0,176.0,10.0
2022-09-01T14:00:00Z,0.79,11.0,173.0,8.0
2022-09-01T15:00:00Z,0.76,11.0,174.0,7.0
2022-09-01T16:00:00Z,0.75,12.0,171.0,7.0
2022-09-01T17:00:00Z,0.71,14.0,174.0,7.0
2022-09-01T18:00:00Z,0.74,17.0,167.0,7.0
2022-09-01T19:00:00Z,0.8,29.0,139.0,9.0
2022-09-01T20:00:00Z,0.91,31.0,128.0,9.0
2022-09-01T21:00:00Z,0.9,29.0,122.0,11.0
2022-09-01T22:00:00Z,0.86,28.0,122.0,11.0
2022-09-01T23:00:00Z,0.79,25.0,113.0,10.0
2022-09-02T00:00:00Z,0.75,23.0,107.0,9.0
2022-09-02T01:00:00Z,0.74,24.0,97.0,8.0
2022-09-02T02:00:00Z,0.74,25.0,87.0,8.0
2022-09-02T03:00:00Z,0.81,30.0,72.0,9.0
2022-09-02T04:00:00Z,0.82,34.0,56.0,8.0
2022-09-02T05:00:00Z,0.98,37.0,49.0,9.0
2022-09-02T06:00:00Z,1.01,38.0,41.0,10.0
2022-09-02T07:00:00Z,1.13,42.0,42.0,13.0
2022-09-02T08:00:00Z,1.23,39.0,63.0,15.0
2022-09-02T09:00:00Z,1.09,29.0,100.0,11.0
2022-09-02T10:00:00Z,0.96,22.0,134.0,9.0
2022-09-02T11:00:00Z,0.84,16.0,159.0,8.0
2022-09-02T12:00:00Z,0.8,13.0,167.0,7.0
2022-09-02T13:00:00Z,0.74,13.0,170.0,7.0
2022-09-02T14:00:00Z,0.65,12.0,165.0,7.0
2022-09-02T15:00:00Z,0.64,13.0,165.0,7.0
2022-09-02T16:00:00Z,0.63,13.0,162.0,7.0
2022-09-02T17:00:00Z,0.59,16.0,153.0,7.0
2022-09-02T18:00:00Z,0.66,24.0,155.0,8.0
2022-09-02T19:00:00Z,0.76,29.0,149.0,11.0
2022-09-02T20:00:00Z,0.83,44.0,120.0,12.0
2022-09-02T21:00:00Z,0.88,62.0,86.0,11.0
2022-09-02T22:00:00Z,0.95,70.0,57.0,10.0
2022-09-02T23:00:00Z,0.89,62.0,54.0,11.0
2022-09-03T00:00:00Z,0.78,41.0,83.0,11.0
2022-09-03T01:00:00Z,0.77,34.0,84.0,12.0
2022-09-03T02:00:00Z,0.75,34.0,75.0,10.0
2022-09-03T03:00:00Z,0.77,31.0,75.0,9.0
2022-09-03T04:00:00Z,0.84,37.0,58.0,10.0
2022-09-03T05:00:00Z,0.91,44.0,42.0,11.0
2022-09-03T06:00:00Z,0.88,41.0,37.0,11.0
2022-09-03T07:00:00Z,0.8,40.0,39.0,10.0
2022-09-03T08:00:00Z,0.7,35.0,53.0,10.0
2022-09-03T09:00:00Z,0.8,30.0,75.0,10.0
2022-09-03T10:00:00Z,0.79,25.0,104.0,10.0
2022-09-03T11:00:00Z,0.65,17.0,137.0,8.0
2022-09-03T12:00:00Z,0.61,15.0,155.0,8.0
2022-09-03T13:00:00Z,0.57,13.0,168.0,8.0
2022-09-03T14:00:00Z,0.57,12.0,168.0,8.0
2022-09-03T15:00:00Z,0.53,14.0,172.0,9.0
2022-09-03T16:00:00Z,0.51,15.0,176.0,9.0
2022-09-03T17:00:00Z,0.54,18.0,172.0,10.0
2022-09-03T18:00:00Z,0.59,18.0,176.0,11.0
2022-09-03T19:00:00Z,0.58,25.0,160.0,20.0
2022-09-03T20:00:00Z,0.56,31.0,133.0,15.0
2022-09-03T21:00:00Z,0.65,33.0,114.0,13.0
2022-09-03T22:00:00Z,0.66,35.0,101.0,12.0
2022-09-03T23:00:00Z,0.7,37.0,87.0,13.0
2022-09-04T00:00:00Z,0.7,38.0,73.0,13.0
2022-09-04T01:00:00Z,0.7,42.0,58.0,18.0
2022-09-04T02:00:00Z,0.71,37.0,60.0,20.0
2022-09-04T03:00:00Z,0.75,36.0,55.0,21.0
2022-09-04T04:00:00Z,0.82,38.0,52.0,21.0
2022-09-04T05:00:00Z,0.81,38.0,49.0,17.0
2022-09-04T06:00:00Z,0.87,35.0,45.0,17.0
2022-09-04T07:00:00Z,0.89,38.0,35.0,16.0
2022-09-04T08:00:00Z,0.93,41.0,29.0,16.0
2022-09-04T09:00:00Z,0.97,36.0,47.0,18.0
2022-09-04T10:00:00Z,0.96,33.0,71.0,21.0
2022-09-04T11:00:00Z,0.9,27.0,104.0,19.0
2022-09-04T12:00:00Z,0.83,21.0,137.0,18.0
2022-09-04T13:00:00Z,0.71,17.0,153.0,16.0
2022-09-04T14:00:00Z,0.59,15.0,153.0,12.0
2022-09-04T15:00:00Z,0.64,19.0,180.0,15.0
2022-09-04T16:00:00Z,0.61,19.0,190.0,14.0
2022-09-04T17:00:00Z,0.69,25.0,206.0,15.0
2022-09-04T18:00:00Z,0.74,22.0,209.0,13.0
2022-09-04T19:00:00Z,0.7,26.0,182.0,13.0
2022-09-04T20:00:00Z,0.77,37.0,137.0,14.0
2022-09-04T21:00:00Z,0.74,44.0,105.0,13.0
2022-09-04T22:00:00Z,0.78,50.0,83.0,10.0
2022-09-04T23:00:00Z,0.79,49.0,66.0,10.0
2022-09-05T00:00:00Z,0.79,51.0,52.0,9.0
2022-09-05T01:00:00Z,0.77,62.0,33.0,10.0
2022-09-05T02:00:00Z,0.74,73.0,24.0,10.0
2022-09-05T03:00:00Z,0.71,71.0,25.0,12.0
2022-09-05T04:00:00Z,0.69,61.0,34.0,14.0
2022-09-05T05:00:00Z,0.67,61.0,30.0,18.0
2022-09-05T06:00:00Z,0.8,62.0,18.0,18.0
2022-09-05T07:00:00Z,0.77,63.0,16.0,17.0
2022-09-05T08:00:00Z,0.89,64.0,28.0,18.0
2022-09-05T09:00:00Z,0.85,56.0,69.0,17.0
2022-09-05T10:00:00Z,0.85,43.0,111.0,18.0
2022-09-05T11:00:00Z,0.84,29.0,149.0,18.0
2022-09-05T12:00:00Z,0.87,18.0,175.0,16.0
2022-09-05T13:00:00Z,0.76,14.0,186.0,14.0
2022-09-05T14:00:00Z,0.7,15.0,198.0,14.0
2022-09-05T15:00:00Z,0.7,18.0,210.0,13.0
2022-09-05T16:00:00Z,0.67,16.0,221.0,13.0
2022-09-05T17:00:00Z,0.67,17.0,213.0,13.0
2022-09-05T18:00:00Z,0.67,19.0,201.0,12.0
2022-09-05T19:00:00Z,0.72,25.0,185.0,11.0
2022-09-05T20:00:00Z,0.83,41.0,131.0,10.0
2022-09-05T21:00:00Z,0.91,59.0,88.0,10.0
2022-09-05T22:00:00Z,0.89,55.0,96.0,10.0
2022-09-05T23:00:00Z,0.89,38.0,121.0,12.0
2022-09-06T00:00:00Z,0.86,39.0,91.0,11.0
2022-09-06T01:00:00Z,0.85,45.0,70.0,10.0
2022-09-06T02:00:00Z,0.86,53.0,49.0,10.0
2022-09-06T03:00:00Z,0.86,49.0,45.0,10.0
2022-09-06T04:00:00Z,0.85,59.0,32.0,11.0
2022-09-06T05:00:00Z,0.86,68.0,18.0,11.0
2022-09-06T06:00:00Z,0.91,66.0,16.0,10.0
2022-09-06T07:00:00Z,0.94,61.0,17.0,10.0
2022-09-06T08:00:00Z,0.95,57.0,37.0,12.0
2022-09-06T09:00:00Z,1.0,47.0,76.0,14.0
2022-09-06T10:00:00Z,0.96,35.0,130.0,14.0
2022-09-06T11:00:00Z,0.94,20.0,195.0,14.0
2022-09-06T12:00:00Z,0.88,14.0,219.0,14.0
2022-09-06T13:00:00Z,0.84,13.0,223.0,13.0
2022-09-06T14:00:00Z,0.77,12.0,217.0,13.0
2022-09-06T15:00:00Z,0.78,12.0,210.0,12.0
2022-09-06T16:00:00Z,0.8,12.0,209.0,11.0
2022-09-06T17:00:00Z,0.84,13.0,210.0,10.0
2022-09-06T18:00:00Z,0.99,16.0,216.0,10.0
2022-09-06T19:00:00Z,1.03,19.0,202.0,10.0
2022-09-06T20:00:00Z,0.99,20.0,174.0,10.0
2022-09-06T21:00:00Z,0.84,22.0,144.0,12.0
2022-09-06T22:00:00Z,0.77,24.0,127.0,14.0
2022-09-06T23:00:00Z,0.82,30.0,111.0,17.0
2022-09-07T00:00:00Z,0.84,31.0,103.0,18.0
2022-09-07T01:00:00Z,0.85,33.0,89.0,17.0
2022-09-07T02:00:00Z,0.81,37.0,70.0,15.0
2022-09-07T03:00:00Z,0.82,41.0,57.0,15.0
2022-09-07T04:00:00Z,0.86,42.0,49.0,16.0
2022-09-07T05:00:00Z,0.9,48.0,40.0,15.0
2022-09-07T06:00:00Z,1.01,53.0,34.0,16.0
2022-09-07T07:00:00Z,1.14,52.0,38.0,17.0
2022-09-07T08:00:00Z,1.13,51.0,52.0,18.0
2022-09-07T09:00:00Z,0.86,35.0,106.0,19.0
2022-09-07T10:00:00Z,0.74,30.0,131.0,17.0
2022-09-07T11:00:00Z,0.63,25.0,159.0,15.0
2022-09-07T12:00:00Z,0.58,18.0,183.0,13.0
2022-09-07T13:00:00Z,0.54,16.0,194.0,12.0
2022-09-07T14:00:00Z,0.52,16.0,201.0,12.0
2022-09-07T15:00:00Z,0.59,18.0,207.0,12.0
2022-09-07T16:00:00Z,0.59,19.0,206.0,14.0
2022-09-07T17:00:00Z,0.64,19.0,199.0,14.0
2022-09-07T18:00:00Z,0.69,25.0,187.0,15.0
2022-09-07T19:00:00Z,0.75,33.0,164.0,14.0
2022-09-07T20:00:00Z,0.86,44.0,127.0,13.0
2022-09-07T21:00:00Z,0.88,63.0,91.0,13.0
2022-09-07T22:00:00Z,0.94,75.0,73.0,13.0
2022-09-07T23:00:00Z,0.81,54.0,105.0,14.0
2022-09-08T00:00:00Z,0.81,39.0,108.0,14.0
2022-09-08T01:00:00Z,0.76,35.0,92.0,14.0
2022-09-08T02:00:00Z,0.72,42.0,70.0,12.0
2022-09-08T03:00:00Z,0.75,45.0,56.0,12.0
2022-09-08T04:00:00Z,0.72,48.0,40.0,11.0
2022-09-08T05:00:00Z,0.75,48.0,36.0,10.0
2022-09-08T06:00:00Z,0.79,51.0,34.0,12.0
2022-09-08T07:00:00Z,0.72,50.0,41.0,14.0
2022-09-08T08:00:00Z,0.81,49.0,47.0,16.0
2022-09-08T09:00:00Z,0.89,46.0,61.0,17.0
2022-09-08T10:00:00Z,0.87,38.0,82.0,19.0
2022-09-08T11:00:00Z,0.74,34.0,92.0,16.0
2022-09-08T12:00:00Z,0.69,24.0,106.0,13.0
2022-09-08T13:00:00Z,0.6,19.0,131.0,11.0
2022-09-08T14:00:00Z,0.61,22.0,151.0,10.0
2022-09-08T15:00:00Z,0.53,16.0,171.0,9.0
2022-09-08T16:00:00Z,0.5,19.0,173.0,9.0
2022-09-08T17:00:00Z,0.53,21.0,181.0,9.0
2022-09-08T18:00:00Z,0.58,28.0,181.0,9.0
2022-09-08T19:00:00Z,0.61,42.0,153.0,9.0
2022-09-08T20:00:00Z,0.67,49.0,128.0,10.0
2022-09-08T21:00:00Z,0.69,46.0,106.0,10.0
2022-09-08T22:00:00Z,0.66,42.0,97.0,12.0
2022-09-08T23:00:00Z,0.66,41.0,91.0,11.0
2022-09-09T00:00:00Z,0.68,43.0,86.0,11.0
2022-09-09T01:00:00Z,0.69,32.0,92.0,10.0
2022-09-09T02:00:00Z,0.65,32.0,77.0,9.0
2022-09-09T03:00:00Z,0.69,36.0,64.0,9.0
2022-09-09T04:00:00Z,0.71,47.0,47.0,10.0
2022-09-09T05:00:00Z,0.76,61.0,25.0,10.0
2022-09-09T06:00:00Z,0.8,67.0,16.0,11.0
2022-09-09T07:00:00Z,0.87,65.0,17.0,11.0
2022-09-09T08:00:00Z,0.89,57.0,34.0,13.0
2022-09-09T09:00:00Z,0.79,39.0,71.0,14.0
2022-09-09T10:00:00Z,0.66,30.0,90.0,11.0
2022-09-09T11:00:00Z,0.76,24.0,108.0,12.0
2022-09-09T12:00:00Z,0.77,20.0,129.0,12.0
2022-09-09T13:00:00Z,0.71,17.0,145.0,11.0
2022-09-09T14:00:00Z,0.69,14.0,163.0,12.0
2022-09-09T15:00:00Z,0.69,15.0,168.0,11.0
2022-09-09T16:00:00Z,0.59,14.0,147.0,10.0
2022-09-09T17:00:00Z,0.56,13.0,122.0,9.0
2022-09-09T18:00:00Z,0.58,19.0,112.0,9.0
2022-09-09T19:00:00Z,0.65,23.0,114.0,11.0
2022-09-09T20:00:00Z,0.71,22.0,122.0,13.0
2022-09-09T21:00:00Z,0.66,21.0,115.0,12.0
2022-09-09T22:00:00Z,0.63,21.0,105.0,14.0
2022-09-09T23:00:00Z,0.61,20.0,95.0,17.0
2022-09-10T00:00:00Z,0.61,20.0,88.0,13.0
2022-09-10T01:00:00Z,0.68,27.0,70.0,10.0
2022-09-10T02:00:00Z,0.65,31.0,57.0,10.0
2022-09-10T03:00:00Z,0.64,32.0,48.0,10.0
2022-09-10T04:00:00Z,0.65,38.0,34.0,11.0
2022-09-10T05:00:00Z,0.71,46.0,25.0,12.0
2022-09-10T06:00:00Z,0.74,45.0,19.0,12.0
2022-09-10T07:00:00Z,0.8,46.0,21.0,12.0
2022-09-10T08:00:00Z,0.76,32.0,49.0,15.0
2022-09-10T09:00:00Z,0.67,20.0,87.0,17.0
2022-09-10T10:00:00Z,0.58,14.0,112.0,12.0
2022-09-10T11:00:00Z,0.55,11.0,138.0,9.0
2022-09-10T12:00:00Z,0.56,9.0,162.0,10.0
2022-09-10T13:00:00Z,0.59,11.0,169.0,10.0
2022-09-10T14:00:00Z,0.59,13.0,170.0,10.0
2022-09-10T15:00:00Z,0.59,12.0,171.0,10.0
2022-09-10T16:00:00Z,0.59,15.0,171.0,10.0
2022-09-10T17:00:00Z,0.61,14.0,168.0,10.0
2022-09-10T18:00:00Z,0.61,18.0,163.0,11.0
2022-09-10T19:00:00Z,0.69,18.0,154.0,11.0
2022-09-10T20:00:00Z,0.7,14.0,149.0,10.0
2022-09-10T21:00:00Z,0.71,15.0,141.0,9.0
2022-09-10T22:00:00Z,0.72,18.0,124.0,11.0
2022-09-10T23:00:00Z,0.72,20.0,115.0,10.0
2022-09-11T00:00:00Z,0.75,20.0,111.0,10.0
2022-09-11T01:00:00Z,0.71,18.0,101.0,10.0
2022-09-11T02:00:00Z,0.68,21.0,81.0,9.0
2022-09-11T03:00:00Z,0.68,26.0,70.0,9.0
2022-09-11T04:00:00Z,0.71,26.0,66.0,10.0
2022-09-11T05:00:00Z,0.74,27.0,55.0,9.0
2022-09-11T06:00:00Z,0.75,34.0,39.0,9.0
2022-09-11T07:00:00Z,0.82,39.0,39.0,10.0
2022-09-11T08:00:00Z,0.76,32.0,60.0,11.0
2022-09-11T09:00:00Z,0.75,22.0,97.0,13.0
2022-09-11T11:00:00Z,0.73,16.0,155.0,14.0
2022-09-11T12:00:00Z,0.69,13.0,182.0,12.0
2022-09-11T13:00:00Z,0.67,11.0,193.0,13.0
2022-09-11T14:00:00Z,0.69,10.0,197.0,12.0
2022-09-11T15:00:00Z,0.75,10.0,200.0,11.0
2022-09-11T17:00:00Z,0.76,13.0,202.0,10.0
2022-09-11T18:00:00Z,0.79,17.0,177.0,9.0
2022-09-11T19:00:00Z,0.79,20.0,156.0,8.0
2022-09-11T20:00:00Z,0.77,26.0,133.0,9.0
2022-09-11T21:00:00Z,0.76,20.0,137.0,9.0
2022-09-11T22:00:00Z,0.76,19.0,133.0,9.0
2022-09-11T23:00:00Z,0.79,18.0,122.0,9.0
2022-09-12T00:00:00Z,0.75,15.0,112.0,8.0
2022-09-12T01:00:00Z,0.74,18.0,96.0,9.0
2022-09-12T02:00:00Z,0.74,22.0,82.0,10.0
2022-09-12T03:00:00Z,0.73,23.0,73.0,9.0
2022-09-12T04:00:00Z,0.74,27.0,63.0,9.0
2022-09-12T05:00:00Z,0.77,32.0,48.0,9.0
2022-09-12T06:00:00Z,0.8,45.0,27.0,9.0
2022-09-12T07:00:00Z,0.8,46.0,23.0,9.0
2022-09-12T08:00:00Z,0.77,41.0,35.0,11.0
2022-09-12T09:00:00Z,0.72,27.0,62.0,14.0
2022-09-12T10:00:00Z,0.65,22.0,84.0,14.0
2022-09-12T11:00:00Z,0.65,18.0,115.0,13.0
2022-09-12T12:00:00Z,0.66,16.0,148.0,11.0
2022-09-12T13:00:00Z,0.71,14.0,176.0,11.0
2022-09-12T14:00:00Z,0.75,12.0,188.0,10.0
2022-09-12T15:00:00Z,0.74,13.0,188.0,8.0
2022-09-12T16:00:00Z,0.74,16.0,173.0,8.0
2022-09-12T17:00:00Z,0.73,17.0,159.0,8.0
2022-09-12T18:00:00Z,0.75,22.0,140.0,8.0
2022-09-12T19:00:00Z,0.72,21.0,127.0,9.0
2022-09-12T20:00:00Z,0.71,21.0,118.0,9.0
2022-09-12T21:00:00Z,0.72,24.0,110.0,9.0
2022-09-12T22:00:00Z,0.71,30.0,98.0,8.0
2022-09-12T23:00:00Z,0.74,35.0,85.0,14.0
2022-09-13T00:00:00Z,0.66,29.0,75.0,15.0
2022-09-13T01:00:00Z,0.65,25.0,53.0,11.0
2022-09-13T02:00:00Z,0.63,23.0,43.0,9.0
2022-09-13T03:00:00Z,0.61,22.0,36.0,9.0
2022-09-13T04:00:00Z,0.61,22.0,32.0,9.0
2022-09-13T05:00:00Z,0.61,26.0,25.0,9.0
2022-09-13T06:00:00Z,0.61,28.0,25.0,9.0
2022-09-13T07:00:00Z,0.75,30.0,24.0,9.0
2022-09-13T08:00:00Z,0.74,27.0,36.0,9.0
2022-09-13T09:00:00Z,0.66,20.0,56.0,9.0
2022-09-13T10:00:00Z,0.61,13.0,73.0,8.0
2022-09-13T11:00:00Z,0.6,11.0,89.0,7.0
2022-09-13T12:00:00Z,0.67,10.0,105.0,7.0
2022-09-13T13:00:00Z,0.57,9.0,115.0,7.0
2022-09-13T14:00:00Z,0.52,9.0,123.0,6.0
2022-09-13T15:00:00Z,0.5,10.0,127.0,7.0
2022-09-13T16:00:00Z,0.51,11.0,130.0,7.0
2022-09-13T17:00:00Z,0.56,15.0,122.0,7.0
2022-09-13T18:00:00Z,0.6,19.0,112.0,7.0
2022-09-13T19:00:00Z,0.61,18.0,99.0,7.0
2022-09-13T20:00:00Z,0.58,16.0,73.0,6.0
2022-09-13T21:00:00Z,0.58,19.0,58.0,7.0
2022-09-13T22:00:00Z,0.58,18.0,63.0,7.0
2022-09-13T23:00:00Z,0.59,20.0,66.0,7.0
2022-09-14T00:00:00Z,0.64,22.0,65.0,7.0
2022-09-14T01:00:00Z,0.63,20.0,68.0,8.0
2022-09-14T02:00:00Z,0.71,21.0,66.0,8.0
2022-09-14T03:00:00Z,0.88,25.0,52.0,9.0
2022-09-14T04:00:00Z,0.99,31.0,41.0,11.0
2022-09-14T05:00:00Z,1.01,27.0,54.0,16.0
2022-09-14T06:00:00Z,0.99,26.0,58.0,15.0
2022-09-14T07:00:00Z,1.09,32.0,52.0,14.0
2022-09-14T08:00:00Z,0.95,32.0,50.0,13.0
2022-09-14T09:00:00Z,0.8,24.0,71.0,12.0
2022-09-14T10:00:00Z,0.8,20.0,93.0,13.0
2022-09-14T11:00:00Z,0.74,17.0,111.0,13.0
2022-09-14T12:00:00Z,0.69,14.0,128.0,11.0
2022-09-14T13:00:00Z,0.61,13.0,133.0,9.0
2022-09-14T14:00:00Z,0.59,16.0,112.0,8.0
2022-09-14T15:00:00Z,0.59,20.0,90.0,8.0
2022-09-14T16:00:00Z,0.68,20.0,97.0,9.0
2022-09-14T17:00:00Z,0.65,19.0,88.0,9.0
2022-09-14T18:00:00Z,0.65,26.0,78.0,9.0
2022-09-14T19:00:00Z,0.66,27.0,78.0,9.0
2022-09-14T20:00:00Z,0.71,30.0,67.0,9.0
2022-09-14T21:00:00Z,0.7,33.0,53.0,10.0
2022-09-14T22:00:00Z,0.74,35.0,43.0,10.0
2022-09-14T23:00:00Z,0.69,29.0,41.0,10.0
2022-09-15T00:00:00Z,0.72,25.0,41.0,11.0
2022-09-15T01:00:00Z,0.69,24.0,38.0,11.0
2022-09-15T02:00:00Z,0.72,27.0,30.0,10.0
2022-09-15T03:00:00Z,0.84,31.0,26.0,13.0
2022-09-15T04:00:00Z,0.81,26.0,31.0,12.0
2022-09-15T05:00:00Z,0.8,22.0,30.0,12.0
2022-09-15T06:00:00Z,0.79,21.0,28.0,11.0
2022-09-15T07:00:00Z,0.74,21.0,27.0,11.0
2022-09-15T08:00:00Z,0.72,20.0,31.0,11.0
2022-09-15T09:00:00Z,0.67,16.0,39.0,11.0
2022-09-15T10:00:00Z,0.61,15.0,52.0,10.0
2022-09-15T11:00:00Z,0.61,13.0,64.0,9.0
2022-09-15T12:00:00Z,0.66,12.0,75.0,8.0
2022-09-15T13:00:00Z,0.61,12.0,85.0,8.0
2022-09-15T14:00:00Z,0.6,10.0,95.0,8.0
2022-09-15T15:00:00Z,0.6,11.0,92.0,8.0
2022-09-15T16:00:00Z,0.58,11.0,93.0,8.0
2022-09-15T17:00:00Z,0.59,13.0,92.0,8.0
2022-09-15T18:00:00Z,0.59,14.0,90.0,8.0
2022-09-15T19:00:00Z,0.56,14.0,83.0,8.0
2022-09-15T20:00:00Z,0.56,14.0,75.0,8.0
2022-09-15T21:00:00Z,0.56,13.0,70.0,7.0
2022-09-15T22:00:00Z,0.55,14.0,67.0,8.0
2022-09-15T23:00:00Z,0.53,13.0,69.0,8.0
2022-09-16T00:00:00Z,0.56,13.0,70.0,8.0
2022-09-16T01:00:00Z,0.6,14.0,65.0,9.0
2022-09-16T02:00:00Z,0.58,14.0,58.0,10.0
2022-09-16T03:00:00Z,0.56,13.0,54.0,9.0
2022-09-16T04:00:00Z,0.58,14.0,49.0,10.0
2022-09-16T05:00:00Z,0.6,13.0,44.0,8.0
2022-09-16T06:00:00Z,0.63,13.0,41.0,8.0
2022-09-16T07:00:00Z,0.63,15.0,37.0,9.0
2022-09-16T08:00:00Z,0.65,15.0,41.0,10.0
2022-09-16T09:00:00Z,0.68,13.0,56.0,10.0
2022-09-16T10:00:00Z,0.66,12.0,73.0,9.0
2022-09-16T11:00:00Z,0.62,11.0,92.0,9.0
2022-09-16T12:00:00Z,0.57,8.0,108.0,8.0
2022-09-16T13:00:00Z,0.58,13.0,117.0,8.0
2022-09-16T14:00:00Z,0.56,8.0,123.0,8.0
2022-09-16T15:00:00Z,0.59,9.0,130.0,8.0
2022-09-16T16:00:00Z,0.58,9.0,133.0,8.0
2022-09-16T17:00:00Z,0.6,11.0,132.0,8.0
2022-09-16T18:00:00Z,0.59,14.0,127.0,8.0
2022-09-16T19:00:00Z,0.65,20.0,113.0,8.0
2022-09-16T20:00:00Z,0.69,35.0,83.0,7.0
2022-09-16T21:00:00Z,0.75,38.0,70.0,7.0
2022-09-16T22:00:00Z,0.8,50.0,42.0,8.0
2022-09-16T23:00:00Z,0.86,63.0,22.0,8.0
2022-09-17T00:00:00Z,0.88,65.0,15.0,9.0
2022-09-17T01:00:00Z,0.85,61.0,15.0,10.0
2022-09-17T02:00:00Z,0.69,50.0,25.0,12.0
2022-09-17T03:00:00Z,0.65,38.0,31.0,12.0
2022-09-17T04:00:00Z,0.63,34.0,30.0,12.0
2022-09-17T05:00:00Z,0.64,33.0,28.0,13.0
2022-09-17T06:00:00Z,0.66,34.0,23.0,13.0
2022-09-17T07:00:00Z,0.69,33.0,22.0,16.0
2022-09-17T08:00:00Z,0.69,29.0,34.0,16.0
2022-09-17T09:00:00Z,0.7,20.0,65.0,12.0
2022-09-17T10:00:00Z,0.64,15.0,92.0,10.0
2022-09-17T11:00:00Z,0.57,12.0,111.0,9.0
2022-09-17T12:00:00Z,0.57,10.0,130.0,7.0
2022-09-17T13:00:00Z,0.55,10.0,146.0,7.0
2022-09-17T14:00:00Z,0.55,11.0,155.0,7.0
2022-09-17T15:00:00Z,0.54,12.0,157.0,7.0
2022-09-17T16:00:00Z,0.58,15.0,155.0,8.0
2022-09-17T17:00:00Z,0.54,16.0,152.0,8.0
2022-09-17T18:00:00Z,0.58,18.0,137.0,8.0
2022-09-17T19:00:00Z,0.61,28.0,118.0,8.0
2022-09-17T20:00:00Z,0.64,32.0,103.0,8.0
2022-09-17T21:00:00Z,0.68,38.0,79.0,12.0
2022-09-17T22:00:00Z,0.69,39.0,74.0,10.0
2022-09-17T23:00:00Z,0.69,42.0,61.0,10.0
2022-09-18T00:00:00Z,0.74,34.0,79.0,11.0
2022-09-18T01:00:00Z,0.74,30.0,79.0,10.0
2022-09-18T02:00:00Z,0.75,33.0,68.0,11.0
2022-09-18T03:00:00Z,0.72,32.0,59.0,10.0
2022-09-18T04:00:00Z,0.74,32.0,50.0,11.0
2022-09-18T05:00:00Z,0.75,33.0,44.0,13.0
2022-09-18T06:00:00Z,0.8,35.0,36.0,12.0
2022-09-18T07:00:00Z,0.82,38.0,32.0,12.0
2022-09-18T08:00:00Z,0.86,41.0,40.0,12.0
2022-09-18T09:00:00Z,0.79,30.0,77.0,12.0
2022-09-18T10:00:00Z,0.68,21.0,119.0,11.0
2022-09-18T11:00:00Z,0.66,15.0,141.0,10.0
2022-09-18T12:00:00Z,0.64,12.0,160.0,12.0
2022-09-18T13:00:00Z,0.64,12.0,174.0,12.0
2022-09-18T14:00:00Z,0.65,13.0,185.0,12.0
2022-09-18T15:00:00Z,0.64,14.0,192.0,12.0
2022-09-18T16:00:00Z,0.64,14.0,198.0,12.0
2022-09-18T17:00:00Z,0.66,15.0,202.0,13.0
2022-09-18T18:00:00Z,0.71,18.0,195.0,13.0
2022-09-18T19:00:00Z,0.76,25.0,173.0,12.0
2022-09-18T20:00:00Z,0.91,35.0,137.0,11.0
2022-09-18T21:00:00Z,0.88,43.0,114.0,10.0
2022-09-18T22:00:00Z,0.84,41.0,117.0,12.0
2022-09-18T23:00:00Z,0.84,29.0,116.0,10.0
2022-09-19T00:00:00Z,0.67,15.0,116.0,8.0
2022-09-19T01:00:00Z,0.53,14.0,89.0,8.0
2022-09-19T02:00:00Z,0.45,16.0,73.0,8.0
2022-09-19T03:00:00Z,0.44,20.0,66.0,8.0
2022-09-19T04:00:00Z,0.41,18.0,70.0,7.0
2022-09-19T05:00:00Z,0.4,17.0,72.0,8.0
2022-09-19T06:00:00Z,0.4,16.0,70.0,7.0
2022-09-19T07:00:00Z,0.4,19.0,64.0,7.0
2022-09-19T08:00:00Z,0.39,19.0,63.0,7.0
2022-09-19T09:00:00Z,0.39,16.0,67.0,7.0
2022-09-19T10:00:00Z,0.39,15.0,76.0,7.0
2022-09-19T11:00:00Z,0.39,14.0,89.0,7.0
2022-09-19T12:00:00Z,0.39,12.0,105.0,7.0
2022-09-19T13:00:00Z,0.4,11.0,118.0,7.0
2022-09-19T14:00:00Z,0.41,11.0,128.0,8.0
2022-09-19T15:00:00Z,0.44,12.0,132.0,9.0
2022-09-19T16:00:00Z,0.44,14.0,136.0,9.0
2022-09-19T17:00:00Z,0.46,16.0,136.0,9.0
2022-09-19T18:00:00Z,0.47,22.0,128.0,9.0
2022-09-19T19:00:00Z,0.49,30.0,112.0,10.0
2022-09-19T20:00:00Z,0.47,29.0,95.0,8.0
2022-09-19T21:00:00Z,0.44,25.0,80.0,8.0
2022-09-19T22:00:00Z,0.44,25.0,68.0,8.0
2022-09-19T23:00:00Z,0.42,20.0,68.0,8.0
2022-09-20T00:00:00Z,0.39,16.0,71.0,7.0
2022-09-20T01:00:00Z,0.88,13.0,77.0,8.0
2022-09-20T02:00:00Z,0.34,12.0,78.0,8.0
2022-09-20T03:00:00Z,0.39,13.0,76.0,8.0
2022-09-20T04:00:00Z,0.37,15.0,72.0,8.0
2022-09-20T05:00:00Z,0.37,17.0,67.0,8.0
2022-09-20T06:00:00Z,0.41,19.0,63.0,9.0
2022-09-20T07:00:00Z,0.44,22.0,61.0,9.0
2022-09-20T08:00:00Z,0.46,26.0,57.0,9.0
2022-09-20T09:00:00Z,0.46,26.0,59.0,9.0
2022-09-20T10:00:00Z,0.44,23.0,65.0,9.0
2022-09-20T11:00:00Z,0.38,20.0,69.0,9.0
2022-09-20T12:00:00Z,0.39,18.0,73.0,9.0
2022-09-20T13:00:00Z,0.37,16.0,79.0,9.0
2022-09-20T14:00:00Z,0.4,13.0,84.0,8.0
2022-09-20T15:00:00Z,0.42,15.0,87.0,8.0
2022-09-20T16:00:00Z,0.4,18.0,85.0,8.0
2022-09-20T17:00:00Z,0.41,23.0,78.0,8.0
2022-09-20T18:00:00Z,0.43,25.0,70.0,8.0
2022-09-20T19:00:00Z,0.44,30.0,60.0,9.0
2022-09-20T20:00:00Z,0.49,38.0,46.0,8.0
2022-09-20T21:00:00Z,0.51,46.0,30.0,8.0
2022-09-20T22:00:00Z,0.54,51.0,22.0,9.0
2022-09-20T23:00:00Z,0.56,56.0,12.0,9.0
2022-09-21T00:00:00Z,0.53,53.0,11.0,9.0
2022-09-21T01:00:00Z,0.55,51.0,8.0,9.0
2022-09-21T02:00:00Z,0.55,48.0,9.0,9.0
2022-09-21T03:00:00Z,0.56,46.0,10.0,9.0
2022-09-21T04:00:00Z,0.53,43.0,11.0,11.0
2022-09-21T05:00:00Z,0.54,43.0,13.0,11.0
2022-09-21T06:00:00Z,0.56,45.0,11.0,12.0
2022-09-21T07:00:00Z,0.65,50.0,6.0,11.0
2022-09-21T08:00:00Z,0.66,50.0,13.0,14.0
2022-09-21T09:00:00Z,0.69,42.0,41.0,18.0
2022-09-21T10:00:00Z,0.64,26.0,71.0,15.0
2022-09-21T11:00:00Z,0.63,18.0,99.0,14.0
2022-09-21T12:00:00Z,0.6,14.0,114.0,10.0
2022-09-21T13:00:00Z,0.58,11.0,126.0,11.0
2022-09-21T14:00:00Z,0.54,11.0,131.0,9.0
2022-09-21T15:00:00Z,0.49,11.0,130.0,9.0
2022-09-21T16:00:00Z,0.49,11.0,129.0,8.0
2022-09-21T17:00:00Z,0.47,12.0,128.0,8.0
2022-09-21T18:00:00Z,0.49,15.0,119.0,8.0
2022-09-21T19:00:00Z,0.49,22.0,103.0,8.0
2022-09-21T20:00:00Z,0.51,24.0,99.0,10.0
2022-09-21T21:00:00Z,0.53,24.0,95.0,9.0
2022-09-21T22:00:00Z,0.51,22.0,91.0,8.0
2022-09-21T23:00:00Z,0.51,23.0,86.0,8.0
2022-09-22T00:00:00Z,0.54,20.0,86.0,8.0
2022-09-22T01:00:00Z,0.47,19.0,83.0,9.0
2022-09-22T02:00:00Z,0.5,21.0,76.0,9.0
2022-09-22T03:00:00Z,0.49,24.0,69.0,9.0
2022-09-22T04:00:00Z,0.49,22.0,69.0,8.0
2022-09-22T05:00:00Z,0.5,22.0,68.0,9.0
2022-09-22T06:00:00Z,0.53,26.0,56.0,8.0
2022-09-22T07:00:00Z,0.55,31.0,48.0,9.0
2022-09-22T08:00:00Z,0.58,36.0,44.0,10.0
2022-09-22T09:00:00Z,0.61,34.0,49.0,11.0
2022-09-22T10:00:00Z,0.63,29.0,74.0,13.0
2022-09-22T11:00:00Z,0.63,22.0,108.0,13.0
2022-09-22T12:00:00Z,0.56,17.0,132.0,11.0
2022-09-22T13:00:00Z,0.55,14.0,149.0,10.0
2022-09-22T14:00:00Z,0.55,14.0,156.0,10.0
2022-09-22T15:00:00Z,0.53,14.0,167.0,10.0
2022-09-22T16:00:00Z,0.55,16.0,166.0,10.0
2022-09-22T17:00:00Z,0.55,16.0,163.0,10.0
2022-09-22T18:00:00Z,0.59,22.0,154.0,10.0
2022-09-22T19:00:00Z,0.65,32.0,129.0,10.0
2022-09-22T20:00:00Z,0.71,39.0,101.0,10.0
2022-09-22T21:00:00Z,0.75,45.0,81.0,12.0
2022-09-22T22:00:00Z,0.71,47.0,72.0,14.0
2022-09-22T23:00:00Z,0.75,44.0,70.0,15.0
2022-09-23T00:00:00Z,0.7,42.0,65.0,14.0
2022-09-23T01:00:00Z,0.73,42.0,61.0,14.0
2022-09-23T02:00:00Z,0.69,41.0,62.0,13.0
2022-09-23T03:00:00Z,0.67,40.0,56.0,11.0
2022-09-23T04:00:00Z,0.74,36.0,63.0,12.0
2022-09-23T05:00:00Z,0.71,30.0,64.0,14.0
2022-09-23T06:00:00Z,0.53,17.0,56.0,9.0
2022-09-23T07:00:00Z,0.5,16.0,53.0,8.0
2022-09-23T08:00:00Z,0.5,15.0,57.0,9.0
2022-09-23T09:00:00Z,0.5,12.0,68.0,8.0
2022-09-23T10:00:00Z,0.52,14.0,65.0,10.0
2022-09-23T11:00:00Z,0.55,13.0,69.0,9.0
2022-09-23T12:00:00Z,0.53,12.0,73.0,9.0
2022-09-23T13:00:00Z,0.51,11.0,81.0,10.0
2022-09-23T14:00:00Z,0.49,10.0,88.0,9.0
2022-09-23T15:00:00Z,0.49,10.0,95.0,9.0
2022-09-23T16:00:00Z,0.45,11.0,101.0,8.0
2022-09-23T17:00:00Z,0.45,13.0,99.0,8.0
2022-09-23T18:00:00Z,0.46,18.0,93.0,8.0
2022-09-23T19:00:00Z,0.5,25.0,80.0,8.0
2022-09-23T20:00:00Z,0.57,33.0,69.0,8.0
2022-09-23T21:00:00Z,0.55,34.0,62.0,9.0
2022-09-23T22:00:00Z,0.59,37.0,51.0,9.0
2022-09-23T23:00:00Z,0.61,42.0,38.0,9.0
2022-09-24T00:00:00Z,0.63,51.0,23.0,9.0
2022-09-24T01:00:00Z,0.68,53.0,15.0,11.0
2022-09-24T02:00:00Z,0.7,58.0,7.0,11.0
2022-09-24T03:00:00Z,0.68,58.0,3.0,11.0
2022-09-24T04:00:00Z,0.67,53.0,7.0,10.0
2022-09-24T05:00:00Z,0.72,53.0,5.0,11.0
2022-09-24T06:00:00Z,0.74,59.0,5.0,14.0
2022-09-24T07:00:00Z,0.69,59.0,9.0,12.0
2022-09-24T08:00:00Z,0.67,53.0,22.0,10.0
2022-09-24T09:00:00Z,0.63,40.0,47.0,10.0
2022-09-24T10:00:00Z,0.57,28.0,69.0,10.0
2022-09-24T11:00:00Z,0.59,23.0,81.0,10.0
2022-09-24T12:00:00Z,0.56,16.0,94.0,9.0
2022-09-24T13:00:00Z,0.55,13.0,106.0,9.0
2022-09-24T14:00:00Z,0.54,12.0,115.0,9.0
2022-09-24T15:00:00Z,0.53,15.0,116.0,9.0
2022-09-24T16:00:00Z,0.53,16.0,114.0,9.0
2022-09-24T17:00:00Z,0.55,20.0,109.0,9.0
2022-09-24T18:00:00Z,0.57,26.0,99.0,9.0
2022-09-24T19:00:00Z,0.57,32.0,87.0,9.0
2022-09-24T20:00:00Z,0.63,44.0,67.0,9.0
2022-09-24T21:00:00Z,0.64,38.0,71.0,10.0
2022-09-24T22:00:00Z,0.64,40.0,65.0,10.0
2022-09-24T23:00:00Z,0.6,42.0,57.0,10.0
2022-09-25T00:00:00Z,0.57,39.0,59.0,10.0
2022-09-25T01:00:00Z,0.61,45.0,45.0,10.0
2022-09-25T02:00:00Z,0.6,43.0,47.0,10.0
2022-09-25T03:00:00Z,0.57,39.0,49.0,9.0
2022-09-25T04:00:00Z,0.6,37.0,48.0,9.0
2022-09-25T05:00:00Z,0.63,40.0,34.0,9.0
2022-09-25T06:00:00Z,0.69,55.0,20.0,10.0
2022-09-25T07:00:00Z,0.74,57.0,16.0,10.0
2022-09-25T08:00:00Z,0.71,46.0,40.0,13.0
2022-09-25T09:00:00Z,0.64,33.0,63.0,13.0
2022-09-25T10:00:00Z,0.58,26.0,73.0,10.0
2022-09-25T11:00:00Z,0.51,14.0,100.0,8.0
2022-09-25T12:00:00Z,0.51,11.0,114.0,8.0
2022-09-25T13:00:00Z,0.47,11.0,121.0,8.0
2022-09-25T14:00:00Z,0.5,11.0,126.0,8.0
2022-09-25T15:00:00Z,0.49,11.0,127.0,7.0
2022-09-25T16:00:00Z,0.46,12.0,124.0,8.0
2022-09-25T17:00:00Z,0.46,14.0,118.0,7.0
2022-09-25T18:00:00Z,0.5,21.0,109.0,7.0
2022-09-25T19:00:00Z,0.56,38.0,83.0,7.0
2022-09-25T20:00:00Z,0.67,47.0,66.0,8.0
2022-09-25T21:00:00Z,0.66,35.0,81.0,8.0
2022-09-25T22:00:00Z,0.66,30.0,81.0,9.0
2022-09-25T23:00:00Z,0.69,33.0,70.0,9.0
2022-09-26T00:00:00Z,0.69,40.0,58.0,9.0
2022-09-26T01:00:00Z,0.71,38.0,50.0,8.0
2022-09-26T02:00:00Z,0.75,46.0,35.0,9.0
2022-09-26T03:00:00Z,0.74,44.0,31.0,8.0
2022-09-26T04:00:00Z,0.75,43.0,29.0,8.0
2022-09-26T05:00:00Z,0.75,47.0,22.0,9.0
2022-09-26T06:00:00Z,0.78,50.0,15.0,9.0
2022-09-26T07:00:00Z,0.84,50.0,15.0,11.0
2022-09-26T08:00:00Z,0.79,47.0,26.0,13.0
2022-09-26T09:00:00Z,0.71,34.0,59.0,13.0
2022-09-26T10:00:00Z,0.65,22.0,93.0,12.0
2022-09-26T11:00:00Z,0.65,15.0,127.0,10.0
2022-09-26T12:00:00Z,0.63,13.0,142.0,9.0
2022-09-26T13:00:00Z,0.58,11.0,152.0,8.0
2022-09-26T14:00:00Z,0.58,11.0,158.0,8.0
2022-09-26T15:00:00Z,0.58,11.0,161.0,8.0
2022-09-26T16:00:00Z,0.56,13.0,158.0,8.0
2022-09-26T17:00:00Z,0.58,15.0,152.0,8.0
2022-09-26T18:00:00Z,0.6,20.0,141.0,8.0
2022-09-26T19:00:00Z,0.63,30.0,120.0,8.0
2022-09-26T20:00:00Z,0.63,37.0,101.0,8.0
2022-09-26T21:00:00Z,0.63,35.0,96.0,8.0
2022-09-26T22:00:00Z,0.6,35.0,86.0,8.0
2022-09-26T23:00:00Z,0.6,32.0,79.0,9.0
2022-09-27T00:00:00Z,0.61,36.0,66.0,9.0
2022-09-27T01:00:00Z,0.64,45.0,47.0,9.0
2022-09-27T02:00:00Z,0.64,51.0,32.0,9.0
2022-09-27T03:00:00Z,0.65,52.0,24.0,8.0
2022-09-27T04:00:00Z,0.66,50.0,20.0,9.0
2022-09-27T05:00:00Z,0.73,48.0,16.0,9.0
2022-09-27T06:00:00Z,0.75,46.0,16.0,10.0
2022-09-27T07:00:00Z,0.71,42.0,20.0,11.0
2022-09-27T08:00:00Z,0.76,40.0,26.0,15.0
2022-09-27T09:00:00Z,0.78,35.0,48.0,20.0
2022-09-27T10:00:00Z,0.71,26.0,80.0,17.0
2022-09-27T11:00:00Z,0.66,16.0,109.0,13.0
2022-09-27T12:00:00Z,0.63,12.0,131.0,10.0
2022-09-27T13:00:00Z,0.7,12.0,142.0,10.0
2022-09-27T14:00:00Z,0.66,13.0,146.0,10.0
2022-09-27T15:00:00Z,0.66,14.0,146.0,11.0
2022-09-27T16:00:00Z,0.68,17.0,144.0,11.0
2022-09-27T17:00:00Z,0.7,21.0,138.0,11.0
2022-09-27T18:00:00Z,0.75,30.0,126.0,11.0
2022-09-27T19:00:00Z,0.72,37.0,101.0,10.0
2022-09-27T20:00:00Z,0.65,31.0,97.0,9.0
2022-09-27T21:00:00Z,0.66,39.0,81.0,8.0
2022-09-27T22:00:00Z,0.69,42.0,68.0,8.0
2022-09-27T23:00:00Z,0.7,44.0,58.0,8.0
2022-09-28T00:00:00Z,0.71,51.0,43.0,7.0
2022-09-28T01:00:00Z,0.7,56.0,38.0,8.0
2022-09-28T02:00:00Z,0.66,45.0,49.0,8.0
2022-09-28T03:00:00Z,0.69,51.0,35.0,9.0
2022-09-28T04:00:00Z,0.69,52.0,26.0,9.0
2022-09-28T05:00:00Z,0.66,47.0,25.0,8.0
2022-09-28T06:00:00Z,0.67,46.0,20.0,9.0
2022-09-28T07:00:00Z,0.71,45.0,17.0,9.0
2022-09-28T08:00:00Z,0.72,41.0,21.0,9.0
2022-09-28T09:00:00Z,0.72,31.0,42.0,10.0
2022-09-28T10:00:00Z,0.65,23.0,66.0,9.0
2022-09-28T11:00:00Z,0.6,14.0,103.0,8.0
2022-09-28T12:00:00Z,0.54,10.0,125.0,8.0
2022-09-28T13:00:00Z,0.54,10.0,141.0,8.0
2022-09-28T14:00:00Z,0.54,10.0,148.0,7.0
2022-09-28T15:00:00Z,0.54,11.0,148.0,7.0
2022-09-28T16:00:00Z,0.53,10.0,145.0,7.0
2022-09-28T17:00:00Z,0.49,12.0,139.0,7.0
2022-09-28T18:00:00Z,0.51,19.0,129.0,8.0
2022-09-28T19:00:00Z,0.59,28.0,112.0,9.0
2022-09-28T20:00:00Z,0.71,45.0,82.0,8.0
2022-09-28T21:00:00Z,0.74,39.0,86.0,8.0
2022-09-28T22:00:00Z,0.65,21.0,93.0,8.0
2022-09-28T23:00:00Z,0.64,19.0,87.0,7.0
2022-09-29T00:00:00Z,0.63,18.0,84.0,7.0
2022-09-29T01:00:00Z,0.6,19.0,77.0,7.0
2022-09-29T02:00:00Z,0.59,18.0,72.0,7.0
2022-09-29T03:00:00Z,0.6,19.0,65.0,8.0
2022-09-29T04:00:00Z,0.61,20.0,58.0,8.0
2022-09-29T05:00:00Z,0.64,24.0,49.0,8.0
2022-09-29T06:00:00Z,0.69,27.0,40.0,8.0
2022-09-29T07:00:00Z,0.71,32.0,31.0,9.0
2022-09-29T08:00:00Z,0.79,32.0,37.0,9.0
2022-09-29T09:00:00Z,0.85,29.0,56.0,11.0
2022-09-29T10:00:00Z,0.85,26.0,90.0,11.0
2022-09-29T11:00:00Z,0.83,20.0,130.0,10.0
2022-09-29T12:00:00Z,0.76,15.0,160.0,9.0
2022-09-29T13:00:00Z,0.65,12.0,169.0,9.0
2022-09-29T14:00:00Z,0.61,12.0,169.0,8.0
2022-09-29T15:00:00Z,0.63,16.0,166.0,8.0
2022-09-29T16:00:00Z,0.61,16.0,163.0,8.0
2022-09-29T17:00:00Z,0.59,15.0,153.0,8.0
2022-09-29T18:00:00Z,0.59,19.0,137.0,7.0
2022-09-29T19:00:00Z,0.63,25.0,121.0,8.0
2022-09-29T20:00:00Z,0.6,25.0,107.0,7.0
2022-09-29T21:00:00Z,0.57,22.0,88.0,8.0
2022-09-29T22:00:00Z,0.59,21.0,84.0,8.0
2022-09-29T23:00:00Z,0.66,20.0,90.0,8.0
2022-09-30T00:00:00Z,0.65,19.0,90.0,9.0
2022-09-30T01:00:00Z,0.63,20.0,83.0,8.0
2022-09-30T02:00:00Z,0.64,21.0,79.0,9.0
2022-09-30T03:00:00Z,0.61,22.0,75.0,10.0
2022-09-30T04:00:00Z,0.6,24.0,66.0,9.0
2022-09-30T05:00:00Z,0.57,27.0,55.0,9.0
2022-09-30T06:00:00Z,0.56,28.0,45.0,9.0
2022-09-30T07:00:00Z,0.6,35.0,31.0,8.0
2022-09-30T08:00:00Z,0.64,29.0,37.0,9.0
2022-09-30T09:00:00Z,0.7,26.0,53.0,10.0
2022-09-30T10:00:00Z,0.74,23.0,86.0,10.0
2022-09-30T11:00:00Z,0.7,18.0,111.0,8.0
2022-09-30T12:00:00Z,0.63,14.0,136.0,7.0
2022-09-30T13:00:00Z,0.6,13.0,140.0,7.0
2022-09-30T14:00:00Z,0.57,13.0,143.0,7.0
2022-09-30T15:00:00Z,0.59,12.0,142.0,7.0
2022-09-30T16:00:00Z,0.6,14.0,133.0,7.0
2022-09-30T17:00:00Z,0.61,17.0,127.0,7.0
2022-09-30T18:00:00Z,0.66,22.0,115.0,7.0
2022-09-30T19:00:00Z,0.66,29.0,99.0,7.0
2022-09-30T20:00:00Z,0.7,25.0,105.0,8.0
2022-09-30T21:00:00Z,0.72,24.0,101.0,8.0
2022-09-30T22:00:00Z,0.72,24.0,91.0,7.0
2022-09-30T23:00:00Z,0.7,22.0,85.0,7.0
2022-10-01T00:00:00Z,0.69,21.0,78.0,7.0
2022-10-01T01:00:00Z,0.69,21.0,70.0,7.0
2022-10-01T02:00:00Z,0.68,23.0,53.0,7.0
2022-10-01T03:00:00Z,0.6,15.0,81.0,6.0
2022-10-01T04:00:00Z,0.6,15.0,77.0,6.0
2022-10-01T05:00:00Z,0.61,18.0,70.0,7.0
2022-10-01T06:00:00Z,0.58,17.0,71.0,7.0
2022-10-01T07:00:00Z,0.61,21.0,63.0,7.0
2022-10-01T08:00:00Z,0.65,20.0,62.0,8.0
2022-10-01T09:00:00Z,0.7,16.0,66.0,8.0
2022-10-01T10:00:00Z,0.78,15.0,70.0,7.0
2022-10-01T11:00:00Z,0.76,13.0,95.0,7.0
2022-10-01T12:00:00Z,0.75,12.0,120.0,7.0
2022-10-01T13:00:00Z,0.81,11.0,140.0,7.0
2022-10-01T14:00:00Z,0.8,12.0,151.0,7.0
2022-10-01T15:00:00Z,0.72,13.0,154.0,7.0
2022-10-01T16:00:00Z,0.72,14.0,151.0,7.0
2022-10-01T17:00:00Z,0.74,15.0,146.0,7.0
2022-10-01T18:00:00Z,0.77,16.0,138.0,7.0
2022-10-01T19:00:00Z,0.77,17.0,128.0,7.0
2022-10-01T20:00:00Z,0.75,18.0,115.0,7.0
2022-10-01T21:00:00Z,0.74,17.0,108.0,7.0
2022-10-01T22:00:00Z,0.73,14.0,104.0,7.0
2022-10-01T23:00:00Z,0.73,12.0,102.0,7.0
2022-10-02T00:00:00Z,0.74,11.0,100.0,7.0
2022-10-02T01:00:00Z,0.78,10.0,97.0,7.0
2022-10-02T02:00:00Z,0.78,11.0,95.0,8.0
2022-10-02T03:00:00Z,0.85,10.0,93.0,8.0
2022-10-02T04:00:00Z,0.86,11.0,86.0,8.0
2022-10-02T05:00:00Z,0.9,13.0,78.0,8.0
2022-10-02T06:00:00Z,0.91,15.0,69.0,8.0
2022-10-02T07:00:00Z,0.96,22.0,46.0,8.0
2022-10-02T08:00:00Z,0.99,32.0,33.0,8.0
2022-10-02T09:00:00Z,1.0,30.0,52.0,9.0
2022-10-02T10:00:00Z,0.99,23.0,86.0,10.0
2022-10-02T11:00:00Z,0.99,21.0,124.0,11.0
2022-10-02T12:00:00Z,0.95,21.0,167.0,12.0
2022-10-02T13:00:00Z,0.86,18.0,198.0,12.0
2022-10-02T14:00:00Z,0.84,14.0,207.0,12.0
2022-10-02T15:00:00Z,0.97,19.0,201.0,12.0
2022-10-02T16:00:00Z,1.2,24.0,188.0,12.0
2022-10-02T17:00:00Z,1.21,26.0,172.0,12.0
2022-10-02T18:00:00Z,1.15,31.0,152.0,11.0
2022-10-02T19:00:00Z,1.19,37.0,121.0,10.0
2022-10-02T20:00:00Z,1.21,39.0,100.0,10.0
2022-10-02T21:00:00Z,1.19,38.0,80.0,9.0
2022-10-02T22:00:00Z,1.04,38.0,55.0,9.0
2022-10-02T23:00:00Z,0.95,35.0,46.0,9.0
2022-10-03T00:00:00Z,0.94,36.0,37.0,10.0
2022-10-03T01:00:00Z,0.94,32.0,41.0,10.0
2022-10-03T02:00:00Z,0.98,35.0,33.0,10.0
2022-10-03T03:00:00Z,0.99,27.0,46.0,9.0
2022-10-03T04:00:00Z,0.95,17.0,60.0,8.0
2022-10-03T05:00:00Z,0.9,14.0,61.0,8.0
2022-10-03T06:00:00Z,0.89,14.0,54.0,7.0
2022-10-03T07:00:00Z,0.94,17.0,43.0,8.0
2022-10-03T08:00:00Z,0.99,20.0,40.0,9.0
2022-10-03T09:00:00Z,0.99,20.0,46.0,9.0
2022-10-03T10:00:00Z,0.97,20.0,69.0,10.0
2022-10-03T11:00:00Z,0.91,18.0,119.0,11.0
2022-10-03T12:00:00Z,0.71,14.0,148.0,12.0
2022-10-03T13:00:00Z,0.77,15.0,161.0,11.0
2022-10-03T14:00:00Z,1.13,20.0,192.0,11.0
2022-10-03T15:00:00Z,1.11,21.0,172.0,10.0
2022-10-03T16:00:00Z,1.09,19.0,133.0,8.0
2022-10-03T17:00:00Z,1.03,20.0,82.0,7.0
2022-10-03T18:00:00Z,1.0,22.0,34.0,6.0
2022-10-03T19:00:00Z,0.99,20.0,31.0,6.0
2022-10-03T20:00:00Z,1.01,21.0,23.0,7.0
2022-10-03T21:00:00Z,1.07,21.0,19.0,7.0
2022-10-03T22:00:00Z,0.8,15.0,30.0,6.0
2022-10-03T23:00:00Z,0.57,12.0,36.0,6.0
2022-10-04T00:00:00Z,0.57,12.0,35.0,6.0
2022-10-04T01:00:00Z,0.56,12.0,36.0,6.0
2022-10-04T02:00:00Z,0.6,13.0,34.0,6.0
2022-10-04T03:00:00Z,0.56,12.0,38.0,6.0
2022-10-04T04:00:00Z,0.53,11.0,43.0,7.0
2022-10-04T05:00:00Z,0.54,12.0,43.0,7.0
2022-10-04T06:00:00Z,0.54,12.0,44.0,7.0
2022-10-04T07:00:00Z,0.51,14.0,42.0,7.0
2022-10-04T08:00:00Z,0.51,16.0,40.0,6.0
2022-10-04T09:00:00Z,0.54,18.0,38.0,7.0
2022-10-04T10:00:00Z,0.55,17.0,40.0,7.0
2022-10-04T11:00:00Z,0.59,17.0,42.0,8.0
2022-10-04T12:00:00Z,0.61,18.0,44.0,8.0
2022-10-04T13:00:00Z,0.64,17.0,47.0,8.0
2022-10-04T14:00:00Z,0.65,16.0,49.0,8.0
2022-10-04T15:00:00Z,0.66,18.0,46.0,7.0
2022-10-04T16:00:00Z,0.63,19.0,45.0,7.0
2022-10-04T17:00:00Z,0.66,21.0,43.0,7.0
2022-10-04T18:00:00Z,0.66,23.0,39.0,8.0
2022-10-04T19:00:00Z,0.7,24.0,34.0,10.0
2022-10-04T20:00:00Z,0.68,25.0,30.0,10.0
2022-10-04T21:00:00Z,0.7,28.0,25.0,9.0
2022-10-04T22:00:00Z,0.72,27.0,25.0,8.0
2022-10-04T23:00:00Z,0.75,26.0,26.0,7.0
2022-10-05T00:00:00Z,0.79,27.0,21.0,8.0
2022-10-05T01:00:00Z,0.74,25.0,24.0,9.0
2022-10-05T02:00:00Z,0.66,23.0,34.0,8.0
2022-10-05T03:00:00Z,0.51,20.0,51.0,7.0
2022-10-05T04:00:00Z,0.5,20.0,48.0,7.0
2022-10-05T05:00:00Z,0.55,23.0,44.0,7.0
2022-10-05T06:00:00Z,0.55,22.0,44.0,7.0
2022-10-05T07:00:00Z,0.55,23.0,44.0,7.0
2022-10-05T08:00:00Z,0.59,25.0,42.0,7.0
2022-10-05T09:00:00Z,0.59,23.0,48.0,8.0
2022-10-05T10:00:00Z,0.56,20.0,56.0,8.0
2022-10-05T11:00:00Z,0.56,17.0,63.0,8.0
2022-10-05T12:00:00Z,0.54,16.0,64.0,8.0
2022-10-05T13:00:00Z,0.56,16.0,66.0,8.0
2022-10-05T14:00:00Z,0.56,20.0,58.0,7.0
2022-10-05T15:00:00Z,0.6,25.0,50.0,7.0
2022-10-05T16:00:00Z,0.64,29.0,46.0,7.0
2022-10-05T17:00:00Z,0.67,29.0,46.0,6.0
2022-10-05T18:00:00Z,0.72,31.0,43.0,7.0
2022-10-05T19:00:00Z,0.74,35.0,36.0,7.0
2022-10-05T20:00:00Z,0.7,32.0,35.0,6.0
2022-10-05T21:00:00Z,0.7,28.0,38.0,6.0
2022-10-05T22:00:00Z,0.72,25.0,41.0,6.0
2022-10-05T23:00:00Z,0.74,24.0,44.0,7.0
2022-10-06T00:00:00Z,0.85,28.0,39.0,8.0
2022-10-06T01:00:00Z,0.85,25.0,39.0,7.0
2022-10-06T02:00:00Z,0.84,24.0,35.0,8.0
2022-10-06T04:00:00Z,0.91,24.0,31.0,9.0
2022-10-06T05:00:00Z,0.95,24.0,33.0,9.0
2022-10-06T06:00:00Z,0.91,25.0,29.0,8.0
2022-10-06T07:00:00Z,0.94,27.0,26.0,9.0
2022-10-06T08:00:00Z,0.98,31.0,22.0,10.0
2022-10-06T09:00:00Z,1.01,31.0,26.0,11.0
2022-10-06T10:00:00Z,0.9,29.0,32.0,11.0
2022-10-06T11:00:00Z,0.81,30.0,38.0,11.0
2022-10-06T12:00:00Z,0.76,29.0,40.0,10.0
2022-10-06T13:00:00Z,0.67,27.0,46.0,10.0
2022-10-06T14:00:00Z,0.7,25.0,51.0,11.0
2022-10-06T15:00:00Z,0.71,25.0,52.0,11.0
2022-10-06T16:00:00Z,0.72,26.0,46.0,10.0
2022-10-06T17:00:00Z,0.79,29.0,41.0,11.0
2022-10-06T18:00:00Z,0.8,36.0,31.0,10.0
2022-10-06T19:00:00Z,0.85,41.0,23.0,9.0
2022-10-06T20:00:00Z,0.85,37.0,21.0,9.0
2022-10-06T21:00:00Z,0.84,33.0,22.0,8.0
2022-10-06T22:00:00Z,0.81,30.0,26.0,9.0
2022-10-06T23:00:00Z,0.77,26.0,29.0,12.0
2022-10-07T00:00:00Z,0.74,24.0,25.0,12.0
2022-10-07T01:00:00Z,0.72,26.0,20.0,10.0
2022-10-07T02:00:00Z,0.72,25.0,20.0,9.0
2022-10-07T03:00:00Z,0.74,26.0,18.0,10.0
2022-10-07T04:00:00Z,0.76,27.0,15.0,10.0
2022-10-07T05:00:00Z,0.8,28.0,12.0,12.0
2022-10-07T06:00:00Z,0.89,29.0,10.0,11.0
2022-10-07T07:00:00Z,0.88,29.0,8.0,10.0
2022-10-07T08:00:00Z,0.85,28.0,15.0,11.0
2022-10-07T09:00:00Z,0.82,27.0,36.0,13.0
2022-10-07T10:00:00Z,0.8,25.0,52.0,15.0
2022-10-07T11:00:00Z,0.78,23.0,70.0,22.0
2022-10-07T12:00:00Z,0.75,22.0,85.0,20.0
2022-10-07T13:00:00Z,0.74,23.0,97.0,17.0
2022-10-07T14:00:00Z,0.75,24.0,103.0,14.0
2022-10-07T15:00:00Z,0.76,24.0,109.0,13.0
2022-10-07T16:00:00Z,0.76,27.0,106.0,13.0
2022-10-07T17:00:00Z,0.8,28.0,101.0,12.0
2022-10-07T18:00:00Z,0.8,33.0,86.0,11.0
2022-10-07T19:00:00Z,0.88,44.0,62.0,10.0
2022-10-07T20:00:00Z,0.91,52.0,45.0,10.0
2022-10-07T21:00:00Z,0.93,54.0,31.0,10.0
2022-10-07T22:00:00Z,0.92,48.0,30.0,10.0
2022-10-07T23:00:00Z,0.91,46.0,27.0,9.0
2022-10-08T00:00:00Z,0.88,46.0,19.0,8.0
2022-10-08T01:00:00Z,0.88,43.0,19.0,7.0
2022-10-08T02:00:00Z,0.85,40.0,14.0,7.0
2022-10-08T03:00:00Z,0.86,38.0,12.0,7.0
2022-10-08T04:00:00Z,0.85,36.0,10.0,6.0
2022-10-08T05:00:00Z,0.88,39.0,6.0,7.0
2022-10-08T06:00:00Z,1.0,42.0,5.0,8.0
2022-10-08T07:00:00Z,1.08,47.0,4.0,9.0
2022-10-08T08:00:00Z,1.03,51.0,10.0,11.0
2022-10-08T09:00:00Z,0.88,45.0,47.0,13.0
2022-10-08T10:00:00Z,0.8,27.0,88.0,12.0
2022-10-08T11:00:00Z,0.72,21.0,108.0,10.0
2022-10-08T12:00:00Z,0.7,15.0,116.0,8.0
2022-10-08T13:00:00Z,0.68,14.0,116.0,7.0
2022-10-08T14:00:00Z,0.63,14.0,113.0,7.0
2022-10-08T15:00:00Z,0.63,15.0,113.0,7.0
2022-10-08T16:00:00Z,0.67,18.0,114.0,7.0
2022-10-08T17:00:00Z,0.71,22.0,107.0,7.0
2022-10-08T18:00:00Z,0.8,32.0,89.0,8.0
2022-10-08T19:00:00Z,0.87,46.0,60.0,8.0
2022-10-08T20:00:00Z,0.9,56.0,42.0,8.0
2022-10-08T21:00:00Z,0.78,51.0,43.0,8.0
2022-10-08T22:00:00Z,0.76,45.0,47.0,7.0
2022-10-08T23:00:00Z,0.81,41.0,43.0,7.0
2022-10-09T00:00:00Z,0.84,41.0,37.0,7.0
2022-10-09T01:00:00Z,0.83,37.0,38.0,8.0
2022-10-09T02:00:00Z,0.85,31.0,48.0,9.0
2022-10-09T03:00:00Z,0.87,25.0,56.0,8.0
2022-10-09T04:00:00Z,0.99,24.0,53.0,8.0
2022-10-09T05:00:00Z,1.0,25.0,48.0,9.0
2022-10-09T06:00:00Z,1.02,24.0,45.0,10.0
2022-10-09T07:00:00Z,0.87,18.0,49.0,8.0
2022-10-09T08:00:00Z,0.8,19.0,40.0,8.0
2022-10-09T09:00:00Z,0.71,19.0,44.0,9.0
2022-10-09T10:00:00Z,0.59,16.0,54.0,8.0
2022-10-09T11:00:00Z,0.57,16.0,58.0,8.0
2022-10-09T12:00:00Z,0.55,14.0,66.0,8.0
2022-10-09T13:00:00Z,0.53,12.0,75.0,7.0
2022-10-09T14:00:00Z,0.49,12.0,77.0,7.0
2022-10-09T15:00:00Z,0.51,14.0,74.0,7.0
2022-10-09T16:00:00Z,0.5,15.0,74.0,7.0
2022-10-09T17:00:00Z,0.5,16.0,75.0,7.0
2022-10-09T18:00:00Z,0.56,20.0,69.0,7.0
2022-10-09T19:00:00Z,0.59,23.0,63.0,7.0
2022-10-09T20:00:00Z,0.56,24.0,59.0,7.0
2022-10-09T21:00:00Z,0.59,27.0,54.0,7.0
2022-10-09T22:00:00Z,0.57,27.0,53.0,8.0
2022-10-09T23:00:00Z,0.63,26.0,52.0,8.0
2022-10-10T00:00:00Z,0.68,24.0,53.0,8.0
2022-10-10T01:00:00Z,0.66,23.0,51.0,8.0
2022-10-10T02:00:00Z,0.68,24.0,47.0,9.0
2022-10-10T03:00:00Z,0.65,25.0,40.0,9.0
2022-10-10T04:00:00Z,0.66,26.0,37.0,9.0
2022-10-10T05:00:00Z,0.64,25.0,37.0,9.0
2022-10-10T06:00:00Z,0.63,25.0,35.0,10.0
2022-10-10T07:00:00Z,0.64,29.0,29.0,11.0
2022-10-10T08:00:00Z,0.66,27.0,33.0,12.0
2022-10-10T09:00:00Z,0.7,23.0,44.0,12.0
2022-10-10T10:00:00Z,0.66,17.0,58.0,10.0
2022-10-10T11:00:00Z,0.59,12.0,67.0,8.0
2022-10-10T12:00:00Z,0.6,10.0,75.0,7.0
2022-10-10T13:00:00Z,0.56,10.0,84.0,7.0
2022-10-10T14:00:00Z,0.56,10.0,90.0,8.0
2022-10-10T15:00:00Z,0.56,12.0,93.0,8.0
2022-10-10T16:00:00Z,0.6,13.0,94.0,8.0
2022-10-10T17:00:00Z,0.6,17.0,88.0,9.0
2022-10-10T18:00:00Z,0.63,26.0,74.0,8.0
2022-10-10T19:00:00Z,0.7,43.0,50.0,8.0
2022-10-10T20:00:00Z,0.76,57.0,29.0,9.0
2022-10-10T21:00:00Z,0.83,61.0,16.0,8.0
2022-10-10T22:00:00Z,0.84,60.0,11.0,8.0
2022-10-10T23:00:00Z,0.85,60.0,8.0,8.0
2022-10-11T00:00:00Z,0.8,59.0,5.0,8.0
2022-10-11T01:00:00Z,0.81,56.0,4.0,9.0
2022-10-11T02:00:00Z,0.83,50.0,5.0,8.0
2022-10-11T03:00:00Z,0.85,47.0,3.0,8.0
2022-10-11T04:00:00Z,0.86,46.0,3.0,8.0
2022-10-11T05:00:00Z,0.85,44.0,3.0,8.0
2022-10-11T06:00:00Z,0.86,41.0,4.0,8.0
2022-10-11T07:00:00Z,0.95,40.0,4.0,9.0
2022-10-11T08:00:00Z,1.07,43.0,5.0,10.0
2022-10-11T09:00:00Z,1.09,56.0,18.0,16.0
2022-10-11T10:00:00Z,0.77,44.0,51.0,14.0
2022-10-11T11:00:00Z,0.7,24.0,83.0,12.0
2022-10-11T12:00:00Z,0.7,23.0,90.0,11.0
2022-10-11T13:00:00Z,0.74,23.0,95.0,11.0
2022-10-11T14:00:00Z,0.71,24.0,101.0,11.0
2022-10-11T15:00:00Z,0.76,26.0,105.0,11.0
2022-10-11T16:00:00Z,0.74,26.0,108.0,10.0
2022-10-11T17:00:00Z,0.7,30.0,104.0,9.0
2022-10-11T18:00:00Z,0.66,41.0,89.0,9.0
2022-10-11T19:00:00Z,0.76,60.0,57.0,9.0
2022-10-11T20:00:00Z,0.85,78.0,31.0,9.0
2022-10-11T21:00:00Z,0.75,63.0,51.0,9.0
2022-10-11T22:00:00Z,0.74,56.0,50.0,11.0
2022-10-11T23:00:00Z,0.72,58.0,43.0,10.0
2022-10-12T00:00:00Z,0.75,50.0,45.0,10.0
2022-10-12T01:00:00Z,0.77,50.0,39.0,9.0
2022-10-12T02:00:00Z,0.8,54.0,26.0,9.0
2022-10-12T03:00:00Z,0.8,60.0,16.0,8.0
2022-10-12T04:00:00Z,0.77,57.0,14.0,8.0
2022-10-12T05:00:00Z,0.84,61.0,6.0,9.0
2022-10-12T06:00:00Z,0.88,64.0,7.0,11.0
2022-10-12T07:00:00Z,0.93,68.0,4.0,11.0
2022-10-12T08:00:00Z,0.96,67.0,14.0,13.0
2022-10-12T09:00:00Z,0.9,60.0,40.0,15.0
2022-10-12T10:00:00Z,0.84,44.0,74.0,14.0
2022-10-12T11:00:00Z,0.69,28.0,105.0,12.0
2022-10-12T12:00:00Z,0.62,22.0,119.0,10.0
2022-10-12T13:00:00Z,0.6,21.0,130.0,9.0
2022-10-12T14:00:00Z,0.6,19.0,143.0,9.0
2022-10-12T15:00:00Z,0.59,20.0,147.0,8.0
2022-10-12T16:00:00Z,0.57,21.0,144.0,8.0
2022-10-12T17:00:00Z,0.57,26.0,136.0,8.0
2022-10-12T18:00:00Z,0.61,36.0,118.0,8.0
2022-10-12T19:00:00Z,0.64,43.0,102.0,8.0
2022-10-12T20:00:00Z,0.63,43.0,97.0,8.0
2022-10-12T21:00:00Z,0.63,39.0,90.0,9.0
2022-10-12T22:00:00Z,0.6,43.0,74.0,9.0
2022-10-12T23:00:00Z,0.59,52.0,54.0,8.0
2022-10-13T00:00:00Z,0.64,53.0,49.0,10.0
2022-10-13T01:00:00Z,0.61,53.0,42.0,10.0
2022-10-13T02:00:00Z,0.67,61.0,27.0,9.0
2022-10-13T03:00:00Z,0.66,65.0,19.0,8.0
2022-10-13T04:00:00Z,0.61,60.0,19.0,8.0
2022-10-13T05:00:00Z,0.61,55.0,22.0,8.0
2022-10-13T06:00:00Z,0.61,52.0,21.0,8.0
2022-10-13T07:00:00Z,0.65,53.0,15.0,8.0
2022-10-13T08:00:00Z,0.71,51.0,21.0,10.0
2022-10-13T09:00:00Z,0.62,42.0,46.0,10.0
2022-10-13T10:00:00Z,0.57,29.0,74.0,9.0
2022-10-13T11:00:00Z,0.49,20.0,101.0,8.0
2022-10-13T12:00:00Z,0.49,16.0,115.0,8.0
2022-10-13T13:00:00Z,0.5,14.0,126.0,7.0
2022-10-13T14:00:00Z,0.52,15.0,131.0,8.0
2022-10-13T15:00:00Z,0.51,16.0,133.0,8.0
2022-10-13T16:00:00Z,0.5,19.0,134.0,8.0
2022-10-13T17:00:00Z,0.51,24.0,130.0,8.0
2022-10-13T18:00:00Z,0.55,36.0,115.0,8.0
2022-10-13T19:00:00Z,0.61,43.0,101.0,9.0
2022-10-13T20:00:00Z,0.65,48.0,74.0,8.0
2022-10-13T21:00:00Z,0.74,63.0,47.0,12.0
2022-10-13T22:00:00Z,0.74,79.0,43.0,10.0
2022-10-13T23:00:00Z,0.74,72.0,41.0,11.0
2022-10-14T00:00:00Z,0.69,50.0,54.0,10.0
2022-10-14T01:00:00Z,0.61,37.0,58.0,10.0
2022-10-14T02:00:00Z,0.56,28.0,64.0,9.0
2022-10-14T03:00:00Z,0.53,30.0,53.0,8.0
2022-10-14T04:00:00Z,0.56,32.0,42.0,7.0
2022-10-14T05:00:00Z,0.6,37.0,28.0,7.0
2022-10-14T06:00:00Z,0.65,44.0,19.0,7.0
2022-10-14T07:00:00Z,0.69,47.0,15.0,8.0
2022-10-14T08:00:00Z,0.69,43.0,26.0,9.0
2022-10-14T09:00:00Z,0.69,35.0,49.0,11.0
2022-10-14T10:00:00Z,0.64,28.0,71.0,10.0
2022-10-14T11:00:00Z,0.56,21.0,99.0,9.0
2022-10-14T12:00:00Z,0.59,22.0,113.0,8.0
2022-10-14T13:00:00Z,0.59,21.0,125.0,9.0
2022-10-14T14:00:00Z,0.6,19.0,141.0,9.0
2022-10-14T15:00:00Z,0.59,19.0,152.0,8.0
2022-10-14T16:00:00Z,0.59,20.0,159.0,8.0
2022-10-14T17:00:00Z,0.6,21.0,153.0,8.0
2022-10-14T18:00:00Z,0.74,34.0,128.0,10.0
2022-10-14T19:00:00Z,0.95,50.0,95.0,10.0
2022-10-14T20:00:00Z,0.93,53.0,82.0,9.0
2022-10-14T21:00:00Z,0.81,54.0,70.0,9.0
2022-10-14T22:00:00Z,0.79,55.0,59.0,8.0
2022-10-14T23:00:00Z,0.82,61.0,42.0,8.0
2022-10-15T00:00:00Z,0.79,51.0,42.0,7.0
2022-10-15T01:00:00Z,0.74,46.0,40.0,7.0
2022-10-15T02:00:00Z,0.74,52.0,33.0,7.0
2022-10-15T03:00:00Z,0.64,55.0,43.0,9.0
2022-10-15T04:00:00Z,0.57,44.0,50.0,9.0
2022-10-15T05:00:00Z,0.57,42.0,44.0,9.0
2022-10-15T06:00:00Z,0.61,42.0,35.0,9.0
2022-10-15T07:00:00Z,0.63,44.0,28.0,8.0
2022-10-15T08:00:00Z,0.67,46.0,28.0,9.0
2022-10-15T09:00:00Z,0.68,49.0,27.0,9.0
2022-10-15T10:00:00Z,0.69,47.0,43.0,10.0
2022-10-15T11:00:00Z,0.64,35.0,77.0,10.0
2022-10-15T12:00:00Z,0.64,26.0,101.0,11.0
2022-10-15T13:00:00Z,0.66,18.0,122.0,11.0
2022-10-15T14:00:00Z,0.69,16.0,130.0,9.0
2022-10-15T15:00:00Z,0.62,16.0,132.0,9.0
2022-10-15T16:00:00Z,0.63,19.0,131.0,9.0
2022-10-15T17:00:00Z,0.62,21.0,129.0,8.0
2022-10-15T18:00:00Z,0.69,30.0,111.0,8.0
2022-10-15T19:00:00Z,0.72,40.0,84.0,9.0
2022-10-15T20:00:00Z,0.65,44.0,69.0,9.0
2022-10-15T21:00:00Z,0.64,45.0,61.0,12.0
2022-10-15T22:00:00Z,0.67,53.0,45.0,10.0
2022-10-15T23:00:00Z,0.65,55.0,41.0,10.0
2022-10-16T00:00:00Z,0.65,51.0,39.0,8.0
2022-10-16T01:00:00Z,0.66,46.0,44.0,8.0
2022-10-16T02:00:00Z,0.64,42.0,52.0,9.0
2022-10-16T03:00:00Z,0.62,40.0,52.0,9.0
2022-10-16T04:00:00Z,0.65,46.0,44.0,10.0
2022-10-16T05:00:00Z,0.66,45.0,36.0,10.0
2022-10-16T06:00:00Z,0.69,47.0,30.0,12.0
2022-10-16T07:00:00Z,0.78,49.0,23.0,11.0
2022-10-16T08:00:00Z,0.81,50.0,23.0,11.0
2022-10-16T09:00:00Z,0.79,47.0,37.0,11.0
2022-10-16T10:00:00Z,0.74,38.0,66.0,10.0
2022-10-16T11:00:00Z,0.76,31.0,99.0,10.0
2022-10-16T12:00:00Z,0.85,25.0,135.0,12.0
2022-10-16T13:00:00Z,0.81,25.0,152.0,13.0
2022-10-16T14:00:00Z,0.84,21.0,168.0,12.0
2022-10-16T15:00:00Z,0.79,21.0,176.0,12.0
2022-10-16T16:00:00Z,0.76,23.0,176.0,11.0
2022-10-16T17:00:00Z,0.76,31.0,158.0,10.0
2022-10-16T18:00:00Z,0.78,35.0,146.0,10.0
2022-10-16T19:00:00Z,0.82,39.0,133.0,12.0
2022-10-16T20:00:00Z,0.9,42.0,126.0,15.0
2022-10-16T21:00:00Z,0.85,37.0,116.0,14.0
2022-10-16T22:00:00Z,0.77,29.0,77.0,10.0
2022-10-16T23:00:00Z,0.62,24.0,58.0,7.0
2022-10-17T00:00:00Z,0.57,23.0,52.0,7.0
2022-10-17T01:00:00Z,0.52,23.0,50.0,7.0
2022-10-17T02:00:00Z,0.51,22.0,46.0,6.0
2022-10-17T03:00:00Z,0.49,22.0,43.0,7.0
2022-10-17T04:00:00Z,0.49,21.0,43.0,7.0
2022-10-17T05:00:00Z,0.49,18.0,47.0,7.0
2022-10-17T06:00:00Z,0.49,17.0,48.0,8.0
2022-10-17T07:00:00Z,0.49,21.0,45.0,8.0
2022-10-17T08:00:00Z,0.53,23.0,43.0,8.0
2022-10-17T09:00:00Z,0.54,20.0,50.0,9.0
2022-10-17T10:00:00Z,0.56,19.0,56.0,10.0
2022-10-17T11:00:00Z,0.61,20.0,61.0,11.0
2022-10-17T12:00:00Z,0.61,19.0,67.0,12.0
2022-10-17T13:00:00Z,0.6,17.0,77.0,11.0
2022-10-17T14:00:00Z,0.56,15.0,87.0,11.0
2022-10-17T15:00:00Z,0.6,15.0,94.0,11.0
2022-10-17T16:00:00Z,0.58,16.0,92.0,9.0
2022-10-17T17:00:00Z,0.54,18.0,84.0,9.0
2022-10-17T18:00:00Z,0.55,24.0,72.0,8.0
2022-10-17T19:00:00Z,0.59,29.0,59.0,8.0
2022-10-17T20:00:00Z,0.63,34.0,46.0,10.0
2022-10-17T21:00:00Z,0.61,37.0,38.0,10.0
2022-10-17T22:00:00Z,0.59,37.0,35.0,9.0
2022-10-17T23:00:00Z,0.63,37.0,33.0,10.0
2022-10-18T00:00:00Z,0.61,40.0,27.0,10.0
2022-10-18T01:00:00Z,0.64,44.0,19.0,12.0
2022-10-18T02:00:00Z,0.64,45.0,15.0,12.0
2022-10-18T03:00:00Z,0.69,48.0,11.0,12.0
2022-10-18T04:00:00Z,0.7,44.0,10.0,11.0
2022-10-18T05:00:00Z,0.81,49.0,6.0,11.0
2022-10-18T06:00:00Z,0.89,46.0,4.0,10.0
2022-10-18T07:00:00Z,0.94,43.0,4.0,10.0
2022-10-18T08:00:00Z,1.01,42.0,10.0,13.0
2022-10-18T09:00:00Z,0.86,43.0,27.0,16.0
2022-10-18T10:00:00Z,0.61,29.0,52.0,11.0
2022-10-18T11:00:00Z,0.58,22.0,59.0,10.0
2022-10-18T12:00:00Z,0.54,18.0,67.0,8.0
2022-10-18T13:00:00Z,0.51,16.0,72.0,8.0
2022-10-18T14:00:00Z,0.51,15.0,77.0,7.0
2022-10-18T15:00:00Z,0.54,17.0,80.0,7.0
2022-10-18T16:00:00Z,0.54,19.0,82.0,7.0
2022-10-18T17:00:00Z,0.54,22.0,81.0,7.0
2022-10-18T18:00:00Z,0.6,33.0,66.0,7.0
2022-10-18T19:00:00Z,0.7,52.0,42.0,8.0
2022-10-18T20:00:00Z,0.78,65.0,21.0,9.0
2022-10-18T21:00:00Z,0.8,71.0,10.0,8.0
2022-10-18T22:00:00Z,0.76,67.0,16.0,9.0
2022-10-18T23:00:00Z,0.74,66.0,15.0,10.0
2022-10-19T00:00:00Z,0.75,59.0,16.0,11.0
2022-10-19T01:00:00Z,0.74,53.0,20.0,10.0
2022-10-19T02:00:00Z,0.76,49.0,23.0,10.0
2022-10-19T03:00:00Z,0.78,49.0,27.0,10.0
2022-10-19T04:00:00Z,0.78,46.0,29.0,11.0
2022-10-19T05:00:00Z,0.79,46.0,25.0,10.0
2022-10-19T06:00:00Z,0.81,49.0,19.0,9.0
2022-10-19T07:00:00Z,0.89,51.0,17.0,9.0
2022-10-19T08:00:00Z,0.9,52.0,23.0,10.0
2022-10-19T09:00:00Z,0.78,42.0,52.0,10.0
2022-10-19T10:00:00Z,0.68,32.0,71.0,9.0
2022-10-19T11:00:00Z,0.66,27.0,88.0,9.0
2022-10-19T12:00:00Z,0.61,20.0,104.0,9.0
2022-10-19T13:00:00Z,0.61,18.0,112.0,9.0
2022-10-19T14:00:00Z,0.59,18.0,120.0,8.0
2022-10-19T15:00:00Z,0.58,18.0,128.0,8.0
2022-10-19T16:00:00Z,0.59,21.0,129.0,8.0
2022-10-19T17:00:00Z,0.59,25.0,124.0,9.0
2022-10-19T18:00:00Z,0.6,37.0,104.0,9.0
2022-10-19T19:00:00Z,0.64,43.0,87.0,9.0
2022-10-19T20:00:00Z,0.59,34.0,87.0,9.0
2022-10-19T21:00:00Z,0.6,32.0,83.0,8.0
2022-10-19T22:00:00Z,0.63,30.0,86.0,9.0
2022-10-19T23:00:00Z,0.61,31.0,80.0,9.0
2022-10-20T00:00:00Z,0.6,31.0,74.0,10.0
2022-10-20T01:00:00Z,0.6,33.0,70.0,9.0
2022-10-20T02:00:00Z,0.61,36.0,61.0,9.0
2022-10-20T03:00:00Z,0.61,44.0,47.0,9.0
2022-10-20T04:00:00Z,0.61,39.0,53.0,9.0
2022-10-20T05:00:00Z,0.61,31.0,60.0,8.0
2022-10-20T06:00:00Z,0.63,34.0,52.0,8.0
2022-10-20T07:00:00Z,0.69,33.0,54.0,9.0
2022-10-20T08:00:00Z,0.76,31.0,61.0,10.0
2022-10-20T09:00:00Z,0.79,25.0,75.0,10.0
2022-10-20T10:00:00Z,0.79,22.0,86.0,10.0
2022-10-20T11:00:00Z,0.74,17.0,100.0,9.0
2022-10-20T12:00:00Z,0.72,17.0,112.0,9.0
2022-10-20T13:00:00Z,0.71,17.0,120.0,8.0
2022-10-20T14:00:00Z,0.67,16.0,131.0,8.0
2022-10-20T15:00:00Z,0.66,17.0,134.0,7.0
2022-10-20T16:00:00Z,0.66,18.0,136.0,8.0
2022-10-20T17:00:00Z,0.71,21.0,132.0,8.0
2022-10-20T18:00:00Z,0.76,26.0,117.0,8.0
2022-10-20T19:00:00Z,0.67,27.0,105.0,8.0
2022-10-20T20:00:00Z,0.66,23.0,105.0,8.0
2022-10-20T21:00:00Z,0.63,24.0,102.0,9.0
2022-10-20T22:00:00Z,0.59,25.0,93.0,8.0
2022-10-20T23:00:00Z,0.57,25.0,87.0,8.0
2022-10-21T00:00:00Z,0.6,30.0,73.0,8.0
2022-10-21T01:00:00Z,0.6,33.0,60.0,8.0
2022-10-21T02:00:00Z,0.6,33.0,49.0,8.0
2022-10-21T03:00:00Z,0.6,30.0,46.0,8.0
2022-10-21T04:00:00Z,0.6,29.0,42.0,8.0
2022-10-21T05:00:00Z,0.61,31.0,35.0,8.0
2022-10-21T06:00:00Z,0.63,36.0,24.0,8.0
2022-10-21T07:00:00Z,0.64,39.0,18.0,8.0
2022-10-21T08:00:00Z,0.69,36.0,23.0,8.0
2022-10-21T09:00:00Z,0.74,31.0,36.0,9.0
2022-10-21T10:00:00Z,0.79,30.0,47.0,10.0
2022-10-21T11:00:00Z,0.76,28.0,69.0,10.0
2022-10-21T12:00:00Z,0.69,23.0,100.0,9.0
2022-10-21T13:00:00Z,0.66,20.0,126.0,8.0
2022-10-21T14:00:00Z,0.66,19.0,141.0,8.0
2022-10-21T15:00:00Z,0.66,20.0,149.0,8.0
2022-10-21T16:00:00Z,0.67,22.0,149.0,7.0
2022-10-21T17:00:00Z,0.67,25.0,143.0,8.0
2022-10-21T18:00:00Z,0.72,37.0,119.0,8.0
2022-10-21T19:00:00Z,0.9,70.0,67.0,8.0
2022-10-21T20:00:00Z,0.89,72.0,55.0,9.0
2022-10-21T21:00:00Z,0.88,68.0,49.0,8.0
2022-10-21T22:00:00Z,0.89,61.0,48.0,9.0
2022-10-21T23:00:00Z,0.89,55.0,44.0,9.0
2022-10-22T00:00:00Z,0.89,54.0,32.0,8.0
2022-10-22T01:00:00Z,0.89,52.0,23.0,7.0
2022-10-22T02:00:00Z,0.91,52.0,17.0,7.0
2022-10-22T03:00:00Z,0.89,51.0,14.0,7.0
2022-10-22T04:00:00Z,0.88,49.0,11.0,6.0
2022-10-22T05:00:00Z,0.91,49.0,5.0,7.0
2022-10-22T06:00:00Z,0.95,43.0,8.0,7.0
2022-10-22T07:00:00Z,1.04,45.0,4.0,8.0
2022-10-22T08:00:00Z,1.13,48.0,5.0,9.0
2022-10-22T09:00:00Z,1.16,66.0,17.0,11.0
2022-10-22T10:00:00Z,1.01,60.0,57.0,11.0
2022-10-22T11:00:00Z,0.95,49.0,97.0,12.0
2022-10-22T12:00:00Z,0.98,41.0,136.0,13.0
2022-10-22T13:00:00Z,0.94,34.0,169.0,13.0
2022-10-22T14:00:00Z,0.96,25.0,189.0,12.0
2022-10-22T15:00:00Z,0.98,25.0,198.0,12.0
2022-10-22T16:00:00Z,0.94,32.0,196.0,12.0
2022-10-22T17:00:00Z,0.99,39.0,183.0,12.0
2022-10-22T18:00:00Z,1.07,45.0,161.0,13.0
2022-10-22T19:00:00Z,1.17,53.0,127.0,12.0
2022-10-22T20:00:00Z,1.35,74.0,80.0,11.0
2022-10-22T21:00:00Z,1.35,81.0,61.0,10.0
2022-10-22T22:00:00Z,1.25,77.0,73.0,12.0
2022-10-22T23:00:00Z,1.18,59.0,95.0,16.0
2022-10-23T00:00:00Z,1.22,56.0,91.0,18.0
2022-10-23T01:00:00Z,1.24,45.0,95.0,15.0
2022-10-23T02:00:00Z,1.07,34.0,90.0,12.0
2022-10-23T03:00:00Z,0.81,27.0,73.0,10.0
2022-10-23T04:00:00Z,0.71,30.0,57.0,10.0
2022-10-23T05:00:00Z,0.72,35.0,43.0,9.0
2022-10-23T06:00:00Z,0.73,41.0,33.0,9.0
2022-10-23T07:00:00Z,0.7,46.0,25.0,9.0
2022-10-23T08:00:00Z,0.73,45.0,30.0,9.0
2022-10-23T09:00:00Z,0.76,36.0,44.0,10.0
2022-10-23T10:00:00Z,0.78,31.0,56.0,11.0
2022-10-23T11:00:00Z,0.69,26.0,69.0,10.0
2022-10-23T12:00:00Z,0.66,21.0,82.0,9.0
2022-10-23T13:00:00Z,0.66,20.0,93.0,9.0
2022-10-23T14:00:00Z,0.64,19.0,102.0,9.0
2022-10-23T15:00:00Z,0.6,20.0,107.0,9.0
2022-10-23T16:00:00Z,0.6,22.0,109.0,9.0
2022-10-23T17:00:00Z,0.61,25.0,106.0,10.0
2022-10-23T18:00:00Z,0.68,45.0,79.0,10.0
2022-10-23T19:00:00Z,0.89,76.0,34.0,9.0
2022-10-23T20:00:00Z,1.01,87.0,16.0,9.0
2022-10-23T21:00:00Z,0.94,79.0,17.0,9.0
2022-10-23T22:00:00Z,1.0,72.0,20.0,9.0
2022-10-23T23:00:00Z,0.94,72.0,15.0,9.0
2022-10-24T00:00:00Z,0.94,71.0,13.0,9.0
2022-10-24T01:00:00Z,0.94,67.0,15.0,8.0
2022-10-24T02:00:00Z,0.88,58.0,22.0,9.0
2022-10-24T03:00:00Z,0.85,59.0,15.0,9.0
2022-10-24T04:00:00Z,0.86,61.0,10.0,9.0
2022-10-24T05:00:00Z,0.89,58.0,9.0,9.0
2022-10-24T06:00:00Z,0.98,64.0,6.0,12.0
2022-10-24T07:00:00Z,1.01,71.0,5.0,15.0
2022-10-24T08:00:00Z,1.09,70.0,8.0,16.0
2022-10-24T09:00:00Z,1.05,70.0,19.0,17.0
2022-10-24T10:00:00Z,0.96,66.0,40.0,17.0
2022-10-24T11:00:00Z,0.89,55.0,69.0,16.0
2022-10-24T12:00:00Z,0.82,40.0,104.0,14.0
2022-10-24T13:00:00Z,0.74,27.0,139.0,12.0
2022-10-24T14:00:00Z,0.71,22.0,155.0,12.0
2022-10-24T15:00:00Z,0.68,22.0,157.0,11.0
2022-10-24T16:00:00Z,0.69,24.0,152.0,11.0
2022-10-24T17:00:00Z,0.71,36.0,139.0,12.0
2022-10-24T18:00:00Z,0.79,52.0,112.0,12.0
2022-10-24T19:00:00Z,0.76,52.0,94.0,25.0
2022-10-24T20:00:00Z,0.74,51.0,87.0,14.0
2022-10-24T21:00:00Z,0.75,46.0,90.0,16.0
2022-10-24T22:00:00Z,0.8,44.0,77.0,13.0
2022-10-24T23:00:00Z,0.82,48.0,64.0,11.0
2022-10-25T00:00:00Z,0.89,47.0,59.0,10.0
2022-10-25T01:00:00Z,0.9,44.0,55.0,9.0
2022-10-25T02:00:00Z,0.92,43.0,54.0,9.0
2022-10-25T03:00:00Z,0.91,41.0,57.0,9.0
2022-10-25T04:00:00Z,0.9,43.0,46.0,9.0
2022-10-25T05:00:00Z,0.9,48.0,35.0,9.0
2022-10-25T06:00:00Z,0.94,54.0,25.0,9.0
2022-10-25T07:00:00Z,0.97,57.0,25.0,10.0
2022-10-25T08:00:00Z,0.99,57.0,27.0,10.0
2022-10-25T09:00:00Z,0.84,46.0,44.0,13.0
2022-10-25T10:00:00Z,0.84,35.0,72.0,11.0
2022-10-25T11:00:00Z,0.74,25.0,98.0,10.0
2022-10-25T12:00:00Z,0.61,17.0,112.0,9.0
2022-10-25T13:00:00Z,0.69,16.0,128.0,9.0
2022-10-25T14:00:00Z,0.66,17.0,132.0,9.0
2022-10-25T15:00:00Z,0.66,19.0,131.0,9.0
2022-10-25T16:00:00Z,0.63,19.0,123.0,8.0
2022-10-25T17:00:00Z,0.6,23.0,109.0,7.0
2022-10-25T18:00:00Z,0.61,25.0,101.0,8.0
2022-10-25T19:00:00Z,0.6,29.0,96.0,9.0
2022-10-25T20:00:00Z,0.59,27.0,100.0,9.0
2022-10-25T21:00:00Z,0.59,24.0,99.0,9.0
2022-10-25T22:00:00Z,0.57,24.0,90.0,8.0
2022-10-25T23:00:00Z,0.54,23.0,82.0,8.0
2022-10-26T00:00:00Z,0.51,23.0,76.0,9.0
2022-10-26T01:00:00Z,0.51,22.0,68.0,8.0
2022-10-26T02:00:00Z,0.51,22.0,62.0,7.0
2022-10-26T03:00:00Z,0.53,22.0,58.0,7.0
2022-10-26T04:00:00Z,0.54,21.0,56.0,7.0
2022-10-26T05:00:00Z,0.57,20.0,56.0,8.0
2022-10-26T06:00:00Z,0.57,20.0,54.0,9.0
2022-10-26T07:00:00Z,0.57,23.0,52.0,8.0
2022-10-26T08:00:00Z,0.6,25.0,51.0,9.0
2022-10-26T09:00:00Z,0.61,26.0,50.0,9.0
2022-10-26T10:00:00Z,0.64,26.0,49.0,9.0
2022-10-26T11:00:00Z,0.59,26.0,54.0,10.0
2022-10-26T12:00:00Z,0.57,21.0,62.0,10.0
2022-10-26T13:00:00Z,0.57,22.0,65.0,10.0
2022-10-26T14:00:00Z,0.57,23.0,67.0,9.0
2022-10-26T15:00:00Z,0.6,25.0,66.0,8.0
2022-10-26T16:00:00Z,0.6,27.0,66.0,9.0
2022-10-26T17:00:00Z,0.65,29.0,65.0,9.0
2022-10-26T18:00:00Z,0.68,35.0,58.0,9.0
2022-10-26T19:00:00Z,0.7,41.0,48.0,10.0
2022-10-26T20:00:00Z,0.72,39.0,50.0,10.0
2022-10-26T21:00:00Z,0.72,40.0,45.0,9.0
2022-10-26T22:00:00Z,0.71,36.0,46.0,9.0
2022-10-26T23:00:00Z,0.69,35.0,44.0,10.0
2022-10-27T00:00:00Z,0.69,39.0,37.0,11.0
2022-10-27T01:00:00Z,0.72,45.0,30.0,12.0
2022-10-27T02:00:00Z,0.71,44.0,31.0,10.0
2022-10-27T03:00:00Z,0.72,37.0,37.0,13.0
2022-10-27T04:00:00Z,0.7,33.0,40.0,14.0
2022-10-27T05:00:00Z,0.71,32.0,38.0,14.0
2022-10-27T06:00:00Z,0.77,35.0,35.0,13.0
2022-10-27T07:00:00Z,0.82,33.0,38.0,11.0
2022-10-27T08:00:00Z,0.81,34.0,39.0,11.0
2022-10-27T09:00:00Z,0.78,29.0,51.0,9.0
2022-10-27T10:00:00Z,0.74,26.0,61.0,9.0
2022-10-27T11:00:00Z,0.67,23.0,68.0,8.0
2022-10-27T12:00:00Z,0.59,16.0,83.0,8.0
2022-10-27T13:00:00Z,0.59,16.0,89.0,8.0
2022-10-27T14:00:00Z,0.56,13.0,97.0,7.0
2022-10-27T15:00:00Z,0.58,17.0,98.0,8.0
2022-10-27T16:00:00Z,0.6,21.0,101.0,8.0
2022-10-27T17:00:00Z,0.61,25.0,97.0,7.0
2022-10-27T18:00:00Z,0.61,31.0,85.0,7.0
2022-10-27T19:00:00Z,0.63,33.0,78.0,7.0
2022-10-27T20:00:00Z,0.65,34.0,65.0,8.0
2022-10-27T21:00:00Z,0.66,27.0,70.0,8.0
2022-10-27T22:00:00Z,0.63,25.0,69.0,8.0
2022-10-27T23:00:00Z,0.61,26.0,63.0,8.0
2022-10-28T00:00:00Z,0.57,27.0,59.0,8.0
2022-10-28T01:00:00Z,0.57,30.0,50.0,8.0
2022-10-28T02:00:00Z,0.59,27.0,53.0,9.0
2022-10-28T03:00:00Z,0.67,29.0,46.0,9.0
2022-10-28T04:00:00Z,0.7,30.0,36.0,8.0
2022-10-28T05:00:00Z,0.67,28.0,34.0,8.0
2022-10-28T06:00:00Z,0.69,28.0,29.0,8.0
2022-10-28T07:00:00Z,0.76,32.0,22.0,7.0
2022-10-28T08:00:00Z,0.81,33.0,22.0,8.0
2022-10-28T09:00:00Z,0.75,29.0,32.0,8.0
2022-10-28T10:00:00Z,0.74,26.0,46.0,9.0
2022-10-28T11:00:00Z,0.74,23.0,55.0,9.0
2022-10-28T12:00:00Z,0.74,21.0,71.0,9.0
2022-10-28T13:00:00Z,0.67,18.0,89.0,9.0
2022-10-28T14:00:00Z,0.67,17.0,105.0,8.0
2022-10-28T15:00:00Z,0.66,18.0,114.0,8.0
2022-10-28T16:00:00Z,0.67,19.0,117.0,8.0
2022-10-28T17:00:00Z,0.7,24.0,114.0,8.0
2022-10-28T18:00:00Z,0.74,39.0,92.0,9.0
2022-10-28T19:00:00Z,0.81,55.0,64.0,10.0
2022-10-28T20:00:00Z,0.88,65.0,45.0,9.0
2022-10-28T21:00:00Z,0.93,64.0,36.0,10.0
2022-10-28T22:00:00Z,0.89,61.0,33.0,11.0
2022-10-28T23:00:00Z,0.79,55.0,32.0,11.0
2022-10-29T00:00:00Z,0.75,49.0,33.0,11.0
2022-10-29T01:00:00Z,0.71,47.0,31.0,10.0
2022-10-29T02:00:00Z,0.74,49.0,27.0,10.0
2022-10-29T03:00:00Z,0.74,46.0,27.0,11.0
2022-10-29T04:00:00Z,0.79,44.0,26.0,13.0
2022-10-29T05:00:00Z,0.8,41.0,26.0,14.0
2022-10-29T06:00:00Z,0.85,46.0,18.0,13.0
2022-10-29T07:00:00Z,0.81,44.0,17.0,11.0
2022-10-29T08:00:00Z,0.8,39.0,22.0,10.0
2022-10-29T09:00:00Z,0.78,34.0,34.0,11.0
2022-10-29T10:00:00Z,0.84,31.0,44.0,11.0
2022-10-29T11:00:00Z,0.81,27.0,57.0,10.0
2022-10-29T12:00:00Z,0.71,24.0,78.0,9.0
2022-10-29T13:00:00Z,0.7,20.0,98.0,9.0
2022-10-29T14:00:00Z,0.69,17.0,113.0,8.0
2022-10-29T15:00:00Z,0.66,18.0,120.0,8.0
2022-10-29T16:00:00Z,0.66,20.0,122.0,8.0
2022-10-29T17:00:00Z,0.67,24.0,117.0,8.0
2022-10-29T18:00:00Z,0.7,35.0,101.0,9.0
2022-10-29T19:00:00Z,0.76,51.0,76.0,8.0
2022-10-29T20:00:00Z,0.8,60.0,57.0,9.0
2022-10-29T21:00:00Z,0.83,63.0,49.0,9.0
2022-10-29T22:00:00Z,0.77,58.0,49.0,10.0
2022-10-29T23:00:00Z,0.79,48.0,50.0,11.0
2022-10-30T00:00:00Z,0.8,41.0,47.0,10.0
2022-10-30T01:00:00Z,0.8,40.0,46.0,11.0
2022-10-30T02:00:00Z,0.79,38.0,42.0,11.0
2022-10-30T03:00:00Z,0.78,37.0,40.0,11.0
2022-10-30T04:00:00Z,0.75,39.0,35.0,11.0
2022-10-30T05:00:00Z,0.79,44.0,26.0,11.0
2022-10-30T06:00:00Z,0.85,43.0,27.0,12.0
2022-10-30T07:00:00Z,0.86,46.0,25.0,13.0
2022-10-30T08:00:00Z,0.83,42.0,31.0,15.0
2022-10-30T09:00:00Z,0.85,40.0,39.0,16.0
2022-10-30T10:00:00Z,0.77,36.0,55.0,13.0
2022-10-30T11:00:00Z,0.67,23.0,85.0,10.0
2022-10-30T12:00:00Z,0.63,19.0,96.0,9.0
2022-10-30T13:00:00Z,0.64,17.0,108.0,9.0
2022-10-30T14:00:00Z,0.64,17.0,120.0,8.0
2022-10-30T15:00:00Z,0.65,19.0,127.0,8.0
2022-10-30T16:00:00Z,0.64,22.0,128.0,8.0
2022-10-30T17:00:00Z,0.64,25.0,124.0,9.0
2022-10-30T18:00:00Z,0.67,36.0,105.0,8.0
2022-10-30T19:00:00Z,0.75,51.0,76.0,8.0
2022-10-30T20:00:00Z,0.77,60.0,60.0,9.0
2022-10-30T21:00:00Z,0.79,59.0,51.0,9.0
2022-10-30T22:00:00Z,0.84,69.0,32.0,9.0
2022-10-30T23:00:00Z,0.85,74.0,25.0,8.0
2022-10-31T00:00:00Z,0.83,80.0,16.0,9.0
2022-10-31T01:00:00Z,0.88,70.0,20.0,8.0
2022-10-31T02:00:00Z,0.89,66.0,19.0,9.0
2022-10-31T03:00:00Z,0.91,68.0,10.0,8.0
2022-10-31T04:00:00Z,0.91,67.0,7.0,8.0
2022-10-31T05:00:00Z,0.96,67.0,3.0,7.0
2022-10-31T06:00:00Z,0.99,63.0,4.0,7.0
2022-10-31T07:00:00Z,1.04,58.0,5.0,7.0
2022-10-31T08:00:00Z,1.19,60.0,7.0,8.0
2022-10-31T09:00:00Z,1.2,63.0,20.0,10.0
2022-10-31T10:00:00Z,0.96,45.0,62.0,14.0
2022-10-31T11:00:00Z,0.98,33.0,92.0,13.0
2022-10-31T12:00:00Z,0.99,30.0,109.0,15.0
2022-10-31T13:00:00Z,0.91,21.0,128.0,14.0
2022-10-31T14:00:00Z,0.83,18.0,137.0,18.0
2022-10-31T15:00:00Z,0.85,21.0,145.0,33.0
2022-10-31T16:00:00Z,0.86,23.0,149.0,37.0
2022-10-31T17:00:00Z,0.88,29.0,140.0,33.0
2022-10-31T18:00:00Z,0.89,38.0,119.0,24.0
2022-10-31T19:00:00Z,1.01,50.0,88.0,17.0
2022-10-31T20:00:00Z,1.14,69.0,52.0,13.0
2022-10-31T21:00:00Z,1.15,77.0,34.0,12.0
2022-10-31T22:00:00Z,1.15,77.0,32.0,13.0
2022-10-31T23:00:00Z,1.07,75.0,35.0,13.0
2022-11-01T00:00:00Z,1.09,68.0,47.0,13.0
2022-11-01T01:00:00Z,1.05,64.0,41.0,12.0
2022-11-01T02:00:00Z,1.0,56.0,46.0,13.0
2022-11-01T03:00:00Z,1.0,57.0,45.0,13.0
2022-11-01T04:00:00Z,1.07,70.0,21.0,12.0
2022-11-01T05:00:00Z,1.24,66.0,18.0,11.0
2022-11-01T06:00:00Z,1.3,53.0,22.0,11.0
2022-11-01T07:00:00Z,1.3,47.0,25.0,11.0
2022-11-01T08:00:00Z,1.3,46.0,25.0,12.0
2022-11-01T09:00:00Z,1.35,42.0,42.0,18.0
2022-11-01T10:00:00Z,1.15,33.0,67.0,18.0
2022-11-01T11:00:00Z,0.94,27.0,87.0,15.0
2022-11-01T12:00:00Z,0.89,25.0,107.0,14.0
2022-11-01T13:00:00Z,0.86,23.0,127.0,13.0
2022-11-01T14:00:00Z,0.82,22.0,138.0,12.0
2022-11-01T15:00:00Z,0.89,23.0,145.0,13.0
2022-11-01T16:00:00Z,0.96,26.0,146.0,14.0
2022-11-01T17:00:00Z,0.96,33.0,133.0,12.0
2022-11-01T18:00:00Z,0.97,50.0,103.0,11.0
2022-11-01T19:00:00Z,1.01,65.0,75.0,11.0
2022-11-01T20:00:00Z,0.91,54.0,73.0,12.0
2022-11-01T21:00:00Z,0.66,42.0,64.0,12.0
2022-11-01T22:00:00Z,0.55,35.0,62.0,11.0
2022-11-01T23:00:00Z,0.51,34.0,62.0,12.0
2022-11-02T00:00:00Z,0.53,34.0,60.0,11.0
2022-11-02T01:00:00Z,0.53,34.0,58.0,14.0
2022-11-02T02:00:00Z,0.56,36.0,52.0,14.0
2022-11-02T03:00:00Z,0.55,38.0,46.0,10.0
2022-11-02T04:00:00Z,0.57,39.0,41.0,9.0
2022-11-02T05:00:00Z,0.57,40.0,36.0,9.0
2022-11-02T06:00:00Z,0.6,43.0,31.0,10.0
2022-11-02T07:00:00Z,0.65,50.0,24.0,10.0
2022-11-02T08:00:00Z,0.65,50.0,34.0,10.0
2022-11-02T09:00:00Z,0.57,35.0,63.0,10.0
2022-11-02T10:00:00Z,0.51,25.0,85.0,9.0
2022-11-02T11:00:00Z,0.49,19.0,97.0,8.0
2022-11-02T12:00:00Z,0.49,17.0,104.0,7.0
2022-11-02T13:00:00Z,0.45,17.0,110.0,7.0
2022-11-02T14:00:00Z,0.44,16.0,112.0,7.0
2022-11-02T15:00:00Z,0.42,18.0,110.0,7.0
2022-11-02T16:00:00Z,0.42,21.0,109.0,8.0
2022-11-02T17:00:00Z,0.48,29.0,102.0,8.0
2022-11-02T18:00:00Z,0.53,45.0,80.0,7.0
2022-11-02T19:00:00Z,0.54,56.0,64.0,8.0
2022-11-02T20:00:00Z,0.54,53.0,66.0,8.0
2022-11-02T21:00:00Z,0.54,47.0,74.0,10.0
2022-11-02T22:00:00Z,0.54,40.0,78.0,12.0
2022-11-02T23:00:00Z,0.56,51.0,53.0,12.0
2022-11-03T00:00:00Z,0.59,58.0,37.0,13.0
2022-11-03T01:00:00Z,0.61,65.0,24.0,12.0
2022-11-03T02:00:00Z,0.69,70.0,13.0,10.0
2022-11-03T03:00:00Z,0.7,64.0,12.0,9.0
2022-11-03T04:00:00Z,0.66,54.0,15.0,8.0
2022-11-03T05:00:00Z,0.65,50.0,13.0,8.0
2022-11-03T06:00:00Z,0.7,48.0,13.0,8.0
2022-11-03T07:00:00Z,0.75,46.0,13.0,8.0
2022-11-03T08:00:00Z,0.76,45.0,16.0,10.0
2022-11-03T09:00:00Z,0.72,40.0,30.0,12.0
2022-11-03T10:00:00Z,0.71,34.0,44.0,10.0
2022-11-03T11:00:00Z,0.67,35.0,72.0,9.0
2022-11-03T12:00:00Z,0.66,29.0,99.0,10.0
2022-11-03T13:00:00Z,0.66,23.0,118.0,12.0
2022-11-03T14:00:00Z,0.73,19.0,131.0,12.0
2022-11-03T15:00:00Z,0.76,21.0,130.0,13.0
2022-11-03T16:00:00Z,0.74,24.0,118.0,12.0
2022-11-03T17:00:00Z,0.76,31.0,97.0,12.0
2022-11-03T18:00:00Z,0.79,35.0,68.0,9.0
2022-11-03T19:00:00Z,0.72,32.0,57.0,7.0
2022-11-03T20:00:00Z,0.7,30.0,42.0,6.0
2022-11-03T21:00:00Z,0.61,28.0,37.0,7.0
2022-11-03T22:00:00Z,0.6,25.0,45.0,6.0
2022-11-03T23:00:00Z,0.54,25.0,45.0,6.0
2022-11-04T00:00:00Z,0.54,25.0,43.0,6.0
2022-11-04T01:00:00Z,0.5,26.0,39.0,6.0
2022-11-04T02:00:00Z,0.47,26.0,38.0,6.0
2022-11-04T03:00:00Z,0.42,21.0,44.0,6.0
2022-11-04T04:00:00Z,0.42,21.0,43.0,7.0
2022-11-04T05:00:00Z,0.45,21.0,43.0,6.0
2022-11-04T06:00:00Z,0.46,23.0,39.0,7.0
2022-11-04T07:00:00Z,0.46,26.0,34.0,8.0
2022-11-04T08:00:00Z,0.54,29.0,32.0,8.0
2022-11-04T09:00:00Z,0.49,23.0,44.0,9.0
2022-11-04T10:00:00Z,0.46,20.0,54.0,10.0
2022-11-04T11:00:00Z,0.47,19.0,60.0,9.0
2022-11-04T12:00:00Z,0.46,17.0,71.0,8.0
2022-11-04T13:00:00Z,0.44,16.0,77.0,7.0
2022-11-04T14:00:00Z,0.41,17.0,80.0,6.0
2022-11-04T15:00:00Z,0.43,18.0,82.0,7.0
2022-11-04T16:00:00Z,0.46,21.0,80.0,8.0
2022-11-04T17:00:00Z,0.47,27.0,74.0,8.0
2022-11-04T18:00:00Z,0.58,47.0,49.0,8.0
2022-11-04T19:00:00Z,0.81,62.0,26.0,9.0
2022-11-04T20:00:00Z,0.95,70.0,10.0,8.0
2022-11-04T21:00:00Z,0.9,67.0,12.0,9.0
2022-11-04T22:00:00Z,0.86,62.0,12.0,9.0
2022-11-04T23:00:00Z,0.82,59.0,13.0,10.0
2022-11-05T00:00:00Z,0.82,59.0,11.0,8.0
2022-11-05T01:00:00Z,0.83,57.0,12.0,8.0
2022-11-05T02:00:00Z,0.8,56.0,11.0,10.0
2022-11-05T03:00:00Z,0.79,54.0,6.0,10.0
2022-11-05T04:00:00Z,0.83,54.0,6.0,9.0
2022-11-05T05:00:00Z,0.85,49.0,8.0,9.0
2022-11-05T06:00:00Z,0.85,50.0,5.0,9.0
2022-11-05T07:00:00Z,0.86,52.0,6.0,9.0
2022-11-05T08:00:00Z,1.07,53.0,5.0,11.0
2022-11-05T09:00:00Z,1.1,63.0,11.0,18.0
2022-11-05T10:00:00Z,0.9,53.0,38.0,20.0
2022-11-05T11:00:00Z,0.76,38.0,62.0,18.0
2022-11-05T12:00:00Z,0.67,26.0,84.0,19.0
2022-11-05T13:00:00Z,0.59,21.0,98.0,17.0
2022-11-05T14:00:00Z,0.56,18.0,108.0,11.0
2022-11-05T15:00:00Z,0.6,19.0,111.0,11.0
2022-11-05T16:00:00Z,0.55,21.0,110.0,9.0
2022-11-05T17:00:00Z,0.56,27.0,105.0,8.0
2022-11-05T18:00:00Z,0.6,42.0,85.0,8.0
2022-11-05T19:00:00Z,0.65,54.0,69.0,8.0
2022-11-05T20:00:00Z,0.7,57.0,59.0,9.0
2022-11-05T21:00:00Z,0.77,60.0,50.0,11.0
2022-11-05T22:00:00Z,0.83,59.0,49.0,11.0
2022-11-05T23:00:00Z,0.81,60.0,41.0,12.0
2022-11-06T00:00:00Z,0.8,58.0,38.0,11.0
2022-11-06T01:00:00Z,0.8,50.0,39.0,10.0
2022-11-06T02:00:00Z,0.78,45.0,44.0,9.0
2022-11-06T03:00:00Z,0.78,41.0,48.0,9.0
2022-11-06T04:00:00Z,0.74,38.0,52.0,10.0
2022-11-06T05:00:00Z,0.73,38.0,52.0,12.0
2022-11-06T06:00:00Z,0.74,40.0,47.0,14.0
2022-11-06T07:00:00Z,0.72,42.0,49.0,13.0
2022-11-06T08:00:00Z,0.71,42.0,54.0,14.0
2022-11-06T09:00:00Z,0.73,42.0,56.0,13.0
2022-11-06T10:00:00Z,0.84,40.0,62.0,15.0
2022-11-06T11:00:00Z,0.79,34.0,79.0,13.0
2022-11-06T12:00:00Z,0.7,30.0,93.0,9.0
2022-11-06T13:00:00Z,0.69,27.0,109.0,9.0
2022-11-06T14:00:00Z,0.61,25.0,127.0,8.0
2022-11-06T15:00:00Z,0.62,24.0,139.0,7.0
2022-11-06T16:00:00Z,0.62,25.0,140.0,7.0
2022-11-06T17:00:00Z,0.62,32.0,133.0,7.0
2022-11-06T18:00:00Z,0.68,43.0,118.0,8.0
2022-11-06T19:00:00Z,0.75,52.0,98.0,9.0
2022-11-06T20:00:00Z,0.83,52.0,87.0,9.0
2022-11-06T21:00:00Z,0.85,52.0,76.0,10.0
2022-11-06T22:00:00Z,0.91,46.0,74.0,10.0
2022-11-06T23:00:00Z,0.93,53.0,57.0,10.0
2022-11-07T00:00:00Z,0.95,59.0,43.0,10.0
2022-11-07T01:00:00Z,0.93,61.0,35.0,11.0
2022-11-07T02:00:00Z,0.93,62.0,29.0,12.0
2022-11-07T03:00:00Z,0.89,68.0,20.0,11.0
2022-11-07T04:00:00Z,0.9,69.0,14.0,9.0
2022-11-07T05:00:00Z,0.95,66.0,12.0,8.0
2022-11-07T06:00:00Z,0.93,67.0,8.0,9.0
2022-11-07T07:00:00Z,0.95,68.0,5.0,9.0
2022-11-07T08:00:00Z,1.05,66.0,6.0,10.0
2022-11-07T09:00:00Z,1.01,63.0,18.0,12.0
2022-11-07T10:00:00Z,0.93,56.0,39.0,16.0
2022-11-07T11:00:00Z,0.9,53.0,63.0,16.0
2022-11-07T12:00:00Z,0.92,56.0,85.0,15.0
2022-11-07T13:00:00Z,0.88,47.0,112.0,14.0
2022-11-07T14:00:00Z,0.84,39.0,135.0,15.0
2022-11-07T15:00:00Z,0.81,35.0,149.0,12.0
2022-11-07T16:00:00Z,0.83,34.0,151.0,15.0
2022-11-07T17:00:00Z,1.0,46.0,135.0,14.0
2022-11-07T18:00:00Z,1.29,76.0,94.0,14.0
2022-11-07T19:00:00Z,1.47,95.0,57.0,14.0
2022-11-07T20:00:00Z,1.64,106.0,34.0,14.0
2022-11-07T21:00:00Z,1.69,103.0,35.0,14.0
2022-11-07T22:00:00Z,1.5,86.0,47.0,14.0
2022-11-07T23:00:00Z,1.41,90.0,35.0,14.0
2022-11-08T00:00:00Z,1.44,86.0,28.0,12.0
2022-11-08T01:00:00Z,1.46,80.0,25.0,11.0
2022-11-08T02:00:00Z,1.56,83.0,16.0,12.0
2022-11-08T03:00:00Z,1.48,89.0,15.0,13.0
2022-11-08T04:00:00Z,1.35,84.0,15.0,14.0
2022-11-08T05:00:00Z,1.29,66.0,27.0,16.0
2022-11-08T06:00:00Z,1.38,57.0,32.0,20.0
2022-11-08T07:00:00Z,1.44,60.0,25.0,20.0
2022-11-08T08:00:00Z,1.5,62.0,23.0,20.0
2022-11-08T09:00:00Z,1.55,57.0,37.0,24.0
2022-11-08T10:00:00Z,1.65,48.0,60.0,23.0
2022-11-08T11:00:00Z,1.46,39.0,92.0,20.0
2022-11-08T12:00:00Z,1.3,33.0,119.0,18.0
2022-11-08T13:00:00Z,1.24,30.0,139.0,16.0
2022-11-08T14:00:00Z,1.14,25.0,158.0,14.0
2022-11-08T15:00:00Z,1.11,26.0,166.0,12.0
2022-11-08T16:00:00Z,1.1,28.0,166.0,12.0
2022-11-08T17:00:00Z,1.07,37.0,152.0,11.0
2022-11-08T18:00:00Z,1.16,67.0,106.0,10.0
2022-11-08T19:00:00Z,1.31,88.0,72.0,11.0
2022-11-08T20:00:00Z,1.33,95.0,56.0,14.0
2022-11-08T21:00:00Z,1.33,86.0,54.0,15.0
2022-11-08T22:00:00Z,1.29,82.0,58.0,16.0
2022-11-08T23:00:00Z,1.23,74.0,57.0,13.0
2022-11-09T00:00:00Z,1.06,60.0,47.0,13.0
2022-11-09T01:00:00Z,0.98,61.0,28.0,11.0
2022-11-09T02:00:00Z,0.91,56.0,22.0,10.0
2022-11-09T03:00:00Z,0.86,51.0,19.0,9.0
2022-11-09T04:00:00Z,0.82,47.0,17.0,9.0
2022-11-09T05:00:00Z,0.8,45.0,12.0,8.0
2022-11-09T06:00:00Z,0.76,42.0,11.0,7.0
2022-11-09T07:00:00Z,0.76,39.0,9.0,6.0
2022-11-09T08:00:00Z,0.78,37.0,11.0,6.0
2022-11-09T09:00:00Z,0.82,34.0,16.0,6.0
2022-11-09T10:00:00Z,0.84,30.0,27.0,7.0
2022-11-09T11:00:00Z,0.86,28.0,40.0,7.0
2022-11-09T12:00:00Z,0.82,27.0,48.0,7.0
2022-11-09T13:00:00Z,0.86,26.0,60.0,9.0
2022-11-09T14:00:00Z,0.81,24.0,72.0,9.0
2022-11-09T15:00:00Z,0.72,23.0,82.0,10.0
2022-11-09T16:00:00Z,0.67,26.0,82.0,9.0
2022-11-09T17:00:00Z,0.67,36.0,71.0,8.0
2022-11-09T18:00:00Z,0.71,53.0,50.0,7.0
2022-11-09T19:00:00Z,0.77,61.0,37.0,8.0
2022-11-09T20:00:00Z,0.75,54.0,42.0,7.0
2022-11-09T21:00:00Z,0.75,53.0,39.0,8.0
2022-11-09T22:00:00Z,0.75,57.0,31.0,9.0
2022-11-09T23:00:00Z,0.76,58.0,24.0,11.0
2022-11-10T00:00:00Z,0.79,55.0,20.0,11.0
2022-11-10T01:00:00Z,0.79,54.0,14.0,11.0
2022-11-10T02:00:00Z,0.79,52.0,11.0,11.0
2022-11-10T03:00:00Z,0.78,50.0,8.0,10.0
2022-11-10T04:00:00Z,0.78,46.0,8.0,9.0
2022-11-10T05:00:00Z,0.8,42.0,7.0,7.0
2022-11-10T06:00:00Z,0.79,36.0,7.0,6.0
2022-11-10T07:00:00Z,0.78,31.0,12.0,6.0
2022-11-10T08:00:00Z,0.83,29.0,16.0,5.0
2022-11-10T09:00:00Z,0.84,27.0,20.0,5.0
2022-11-10T10:00:00Z,0.9,27.0,23.0,5.0
2022-11-10T11:00:00Z,0.95,27.0,28.0,5.0
2022-11-10T12:00:00Z,0.93,27.0,33.0,5.0
2022-11-10T13:00:00Z,0.88,28.0,50.0,5.0
2022-11-10T14:00:00Z,0.88,27.0,52.0,5.0
2022-11-10T15:00:00Z,0.86,28.0,54.0,5.0
2022-11-10T16:00:00Z,0.93,28.0,69.0,5.0
2022-11-10T17:00:00Z,0.9,34.0,67.0,6.0
2022-11-10T18:00:00Z,0.99,54.0,39.0,7.0
2022-11-10T19:00:00Z,1.11,71.0,22.0,7.0
2022-11-10T20:00:00Z,1.14,78.0,15.0,8.0
2022-11-10T21:00:00Z,1.06,75.0,18.0,8.0
2022-11-10T22:00:00Z,1.0,61.0,26.0,8.0
2022-11-10T23:00:00Z,1.0,61.0,22.0,7.0
2022-11-11T00:00:00Z,1.01,60.0,18.0,7.0
2022-11-11T01:00:00Z,0.94,45.0,20.0,7.0
2022-11-11T02:00:00Z,0.85,34.0,26.0,6.0
2022-11-11T03:00:00Z,0.81,27.0,33.0,6.0
2022-11-11T04:00:00Z,0.79,23.0,39.0,6.0
2022-11-11T05:00:00Z,0.76,22.0,37.0,5.0
2022-11-11T06:00:00Z,0.8,22.0,36.0,6.0
2022-11-11T07:00:00Z,0.8,23.0,31.0,5.0
2022-11-11T08:00:00Z,0.8,26.0,25.0,5.0
2022-11-11T09:00:00Z,0.77,27.0,27.0,6.0
2022-11-11T10:00:00Z,0.7,23.0,45.0,7.0
2022-11-11T11:00:00Z,0.61,17.0,70.0,6.0
2022-11-11T12:00:00Z,0.61,16.0,78.0,7.0
2022-11-11T13:00:00Z,0.63,16.0,81.0,6.0
2022-11-11T14:00:00Z,0.63,18.0,81.0,6.0
2022-11-11T15:00:00Z,0.63,22.0,76.0,6.0
2022-11-11T16:00:00Z,0.64,26.0,69.0,6.0
2022-11-11T17:00:00Z,0.66,31.0,59.0,7.0
2022-11-11T18:00:00Z,0.67,38.0,48.0,7.0
2022-11-11T19:00:00Z,0.7,38.0,44.0,7.0
2022-11-11T20:00:00Z,0.72,37.0,39.0,8.0
2022-11-11T21:00:00Z,0.72,38.0,32.0,8.0
2022-11-11T22:00:00Z,0.71,39.0,27.0,8.0
2022-11-11T23:00:00Z,0.71,36.0,27.0,9.0
2022-11-12T00:00:00Z,0.7,32.0,27.0,8.0
2022-11-12T01:00:00Z,0.69,33.0,21.0,7.0
2022-11-12T02:00:00Z,0.7,33.0,16.0,7.0
2022-11-12T03:00:00Z,0.7,34.0,11.0,6.0
2022-11-12T04:00:00Z,0.7,33.0,7.0,6.0
2022-11-12T05:00:00Z,0.72,33.0,5.0,6.0
2022-11-12T06:00:00Z,0.76,33.0,5.0,6.0
2022-11-12T07:00:00Z,0.77,31.0,3.0,5.0
2022-11-12T08:00:00Z,0.8,28.0,8.0,5.0
2022-11-12T09:00:00Z,0.8,23.0,15.0,5.0
2022-11-12T10:00:00Z,0.86,20.0,28.0,6.0
2022-11-12T11:00:00Z,1.16,21.0,22.0,6.0
2022-11-12T12:00:00Z,1.31,23.0,19.0,5.0
2022-11-12T13:00:00Z,1.21,22.0,21.0,6.0
2022-11-12T14:00:00Z,1.26,23.0,30.0,6.0
2022-11-12T15:00:00Z,1.19,22.0,36.0,7.0
2022-11-12T16:00:00Z,1.11,23.0,40.0,8.0
2022-11-12T17:00:00Z,1.1,22.0,50.0,7.0
2022-11-12T18:00:00Z,0.96,21.0,47.0,6.0
2022-11-12T19:00:00Z,0.77,20.0,39.0,6.0
2022-11-12T20:00:00Z,0.69,22.0,29.0,6.0
2022-11-12T21:00:00Z,0.68,22.0,24.0,6.0
2022-11-12T22:00:00Z,0.71,24.0,19.0,6.0
2022-11-12T23:00:00Z,0.72,25.0,15.0,6.0
2022-11-13T00:00:00Z,0.77,25.0,15.0,6.0
2022-11-13T01:00:00Z,0.74,22.0,21.0,6.0
2022-11-13T02:00:00Z,0.71,18.0,29.0,7.0
2022-11-13T03:00:00Z,0.7,17.0,34.0,6.0
2022-11-13T04:00:00Z,0.68,17.0,36.0,6.0
2022-11-13T05:00:00Z,0.7,18.0,40.0,7.0
2022-11-13T06:00:00Z,0.66,17.0,44.0,7.0
2022-11-13T07:00:00Z,0.66,20.0,43.0,8.0
2022-11-13T08:00:00Z,0.7,24.0,40.0,8.0
2022-11-13T09:00:00Z,0.76,25.0,40.0,8.0
2022-11-13T10:00:00Z,0.72,23.0,43.0,10.0
2022-11-13T11:00:00Z,0.67,22.0,47.0,9.0
2022-11-13T12:00:00Z,0.66,19.0,51.0,9.0
2022-11-13T13:00:00Z,0.64,19.0,51.0,8.0
2022-11-13T14:00:00Z,0.65,20.0,51.0,7.0
2022-11-13T15:00:00Z,0.64,22.0,49.0,7.0
2022-11-13T16:00:00Z,0.66,24.0,48.0,8.0
2022-11-13T17:00:00Z,0.69,26.0,46.0,8.0
2022-11-13T18:00:00Z,0.7,30.0,40.0,8.0
2022-11-13T19:00:00Z,0.73,36.0,31.0,7.0
2022-11-13T20:00:00Z,0.7,37.0,27.0,7.0
2022-11-13T21:00:00Z,0.71,36.0,24.0,7.0
2022-11-13T22:00:00Z,0.74,38.0,18.0,7.0
2022-11-13T23:00:00Z,0.74,39.0,13.0,7.0
2022-11-14T00:00:00Z,0.77,38.0,11.0,8.0
2022-11-14T01:00:00Z,0.8,37.0,10.0,9.0
2022-11-14T02:00:00Z,0.83,39.0,7.0,10.0
2022-11-14T03:00:00Z,0.84,40.0,5.0,9.0
2022-11-14T04:00:00Z,0.85,42.0,4.0,10.0
2022-11-14T05:00:00Z,0.88,41.0,3.0,9.0
2022-11-14T06:00:00Z,0.89,41.0,3.0,9.0
2022-11-14T07:00:00Z,0.94,41.0,3.0,9.0
2022-11-14T08:00:00Z,1.15,38.0,7.0,11.0
2022-11-14T09:00:00Z,0.94,34.0,19.0,14.0
2022-11-14T10:00:00Z,0.82,26.0,36.0,12.0
2022-11-14T11:00:00Z,0.72,22.0,50.0,12.0
2022-11-14T12:00:00Z,0.63,21.0,55.0,10.0
2022-11-14T13:00:00Z,0.68,18.0,62.0,10.0
2022-11-14T14:00:00Z,0.68,18.0,68.0,9.0
2022-11-14T15:00:00Z,0.65,18.0,74.0,9.0
2022-11-14T16:00:00Z,0.66,20.0,75.0,9.0
2022-11-14T17:00:00Z,0.61,25.0,69.0,8.0
2022-11-14T18:00:00Z,0.75,43.0,46.0,8.0
2022-11-14T19:00:00Z,0.93,66.0,18.0,7.0
2022-11-14T20:00:00Z,1.02,70.0,10.0,7.0
2022-11-14T21:00:00Z,1.0,67.0,9.0,8.0
2022-11-14T22:00:00Z,0.96,63.0,14.0,9.0
2022-11-14T23:00:00Z,0.94,57.0,19.0,10.0
2022-11-15T00:00:00Z,0.91,52.0,19.0,9.0
2022-11-15T01:00:00Z,0.94,49.0,20.0,9.0
2022-11-15T02:00:00Z,0.9,48.0,20.0,9.0
2022-11-15T03:00:00Z,0.9,49.0,17.0,9.0
2022-11-15T04:00:00Z,0.96,52.0,10.0,10.0
2022-11-15T05:00:00Z,1.0,51.0,8.0,10.0
2022-11-15T06:00:00Z,0.98,49.0,11.0,10.0
2022-11-15T07:00:00Z,1.04,49.0,8.0,9.0
2022-11-15T08:00:00Z,1.1,49.0,8.0,11.0
2022-11-15T09:00:00Z,1.03,47.0,16.0,12.0
2022-11-15T10:00:00Z,0.94,41.0,29.0,10.0
2022-11-15T11:00:00Z,0.82,37.0,41.0,9.0
2022-11-15T12:00:00Z,0.8,29.0,58.0,9.0
2022-11-15T13:00:00Z,0.72,23.0,74.0,9.0
2022-11-15T14:00:00Z,0.7,24.0,84.0,9.0
2022-11-15T15:00:00Z,0.7,25.0,86.0,9.0
2022-11-15T16:00:00Z,0.7,29.0,83.0,9.0
2022-11-15T17:00:00Z,0.74,35.0,74.0,9.0
2022-11-15T18:00:00Z,0.8,55.0,49.0,8.0
2022-11-15T19:00:00Z,1.08,75.0,23.0,8.0
2022-11-15T20:00:00Z,1.22,78.0,11.0,8.0
2022-11-15T21:00:00Z,1.18,75.0,8.0,8.0
2022-11-15T22:00:00Z,1.22,77.0,3.0,8.0
2022-11-15T23:00:00Z,1.25,70.0,4.0,7.0
2022-11-16T00:00:00Z,1.21,65.0,4.0,7.0
2022-11-16T01:00:00Z,1.32,60.0,3.0,7.0
2022-11-16T02:00:00Z,1.26,61.0,3.0,8.0
2022-11-16T03:00:00Z,1.27,58.0,3.0,12.0
2022-11-16T04:00:00Z,1.25,53.0,3.0,11.0
2022-11-16T05:00:00Z,1.29,48.0,4.0,8.0
2022-11-16T06:00:00Z,1.39,48.0,3.0,8.0
2022-11-16T07:00:00Z,1.39,48.0,4.0,10.0
2022-11-16T08:00:00Z,1.46,53.0,4.0,10.0
2022-11-16T09:00:00Z,1.39,64.0,5.0,11.0
2022-11-16T10:00:00Z,1.14,63.0,16.0,12.0
2022-11-16T11:00:00Z,0.95,47.0,49.0,13.0
2022-11-16T12:00:00Z,0.88,37.0,70.0,12.0
2022-11-16T13:00:00Z,0.76,28.0,89.0,11.0
2022-11-16T14:00:00Z,0.76,29.0,92.0,11.0
2022-11-16T15:00:00Z,0.72,29.0,99.0,10.0
2022-11-16T16:00:00Z,0.75,31.0,95.0,10.0
2022-11-16T17:00:00Z,0.79,38.0,92.0,9.0
2022-11-16T18:00:00Z,0.83,44.0,85.0,9.0
2022-11-16T19:00:00Z,0.91,69.0,51.0,9.0
2022-11-16T20:00:00Z,0.86,56.0,65.0,9.0
2022-11-16T21:00:00Z,0.89,56.0,58.0,10.0
2022-11-16T22:00:00Z,0.88,66.0,40.0,13.0
2022-11-16T23:00:00Z,0.87,56.0,48.0,16.0
2022-11-17T00:00:00Z,0.82,47.0,60.0,14.0
2022-11-17T01:00:00Z,0.87,51.0,49.0,11.0
2022-11-17T02:00:00Z,0.89,49.0,47.0,11.0
2022-11-17T03:00:00Z,0.91,56.0,31.0,10.0
2022-11-17T04:00:00Z,0.94,61.0,20.0,9.0
2022-11-17T05:00:00Z,1.05,63.0,13.0,10.0
2022-11-17T06:00:00Z,1.1,66.0,14.0,10.0
2022-11-17T07:00:00Z,1.08,61.0,13.0,9.0
2022-11-17T08:00:00Z,1.09,55.0,16.0,10.0
2022-11-17T09:00:00Z,1.15,54.0,20.0,14.0
2022-11-17T10:00:00Z,1.16,53.0,37.0,16.0
2022-11-17T11:00:00Z,1.04,41.0,59.0,14.0
2022-11-17T12:00:00Z,0.96,28.0,92.0,12.0
2022-11-17T13:00:00Z,0.69,21.0,102.0,9.0
2022-11-17T14:00:00Z,0.61,19.0,108.0,9.0
2022-11-17T15:00:00Z,0.62,20.0,113.0,9.0
2022-11-17T16:00:00Z,0.59,23.0,110.0,7.0
2022-11-17T17:00:00Z,0.6,26.0,106.0,7.0
2022-11-17T18:00:00Z,0.62,30.0,80.0,6.0
2022-11-17T19:00:00Z,0.66,35.0,63.0,6.0
2022-11-17T20:00:00Z,0.66,37.0,57.0,7.0
2022-11-17T21:00:00Z,0.66,34.0,55.0,8.0
2022-11-17T22:00:00Z,0.67,33.0,53.0,7.0
2022-11-17T23:00:00Z,0.7,39.0,39.0,8.0
2022-11-18T00:00:00Z,0.74,51.0,26.0,7.0
2022-11-18T01:00:00Z,0.69,48.0,27.0,8.0
2022-11-18T02:00:00Z,0.66,42.0,31.0,8.0
2022-11-18T03:00:00Z,0.67,34.0,40.0,8.0
2022-11-18T04:00:00Z,0.67,37.0,31.0,10.0
2022-11-18T05:00:00Z,0.71,39.0,23.0,9.0
2022-11-18T06:00:00Z,0.72,36.0,26.0,8.0
2022-11-18T07:00:00Z,0.75,35.0,29.0,9.0
2022-11-18T08:00:00Z,0.77,34.0,32.0,10.0
2022-11-18T09:00:00Z,0.72,30.0,40.0,9.0
2022-11-18T10:00:00Z,0.8,31.0,42.0,10.0
2022-11-18T11:00:00Z,0.74,27.0,54.0,10.0
2022-11-18T12:00:00Z,0.65,24.0,60.0,9.0
2022-11-18T13:00:00Z,0.62,24.0,62.0,9.0
2022-11-18T14:00:00Z,0.69,24.0,65.0,8.0
2022-11-18T15:00:00Z,0.66,27.0,63.0,8.0
2022-11-18T16:00:00Z,0.69,29.0,58.0,7.0
2022-11-18T17:00:00Z,0.66,36.0,47.0,5.0
2022-11-18T18:00:00Z,0.68,41.0,41.0,5.0
2022-11-18T19:00:00Z,0.69,38.0,41.0,5.0
2022-11-18T20:00:00Z,0.68,32.0,45.0,5.0
2022-11-18T21:00:00Z,0.69,34.0,40.0,6.0
2022-11-18T22:00:00Z,0.65,33.0,39.0,5.0
2022-11-18T23:00:00Z,0.61,25.0,53.0,5.0
2022-11-19T00:00:00Z,0.6,23.0,55.0,6.0
2022-11-19T01:00:00Z,0.6,21.0,57.0,6.0
2022-11-19T02:00:00Z,0.65,21.0,51.0,5.0
2022-11-19T03:00:00Z,0.66,23.0,48.0,5.0
2022-11-19T04:00:00Z,0.66,22.0,47.0,5.0
2022-11-19T05:00:00Z,0.69,24.0,44.0,6.0
2022-11-19T06:00:00Z,0.76,27.0,38.0,6.0
2022-11-19T07:00:00Z,0.79,25.0,40.0,6.0
2022-11-19T08:00:00Z,0.85,30.0,36.0,6.0
2022-11-19T09:00:00Z,0.85,29.0,35.0,6.0
2022-11-19T10:00:00Z,0.84,31.0,34.0,6.0
2022-11-19T11:00:00Z,0.82,29.0,41.0,7.0
2022-11-19T12:00:00Z,0.74,25.0,50.0,7.0
2022-11-19T13:00:00Z,0.73,21.0,63.0,8.0
2022-11-19T14:00:00Z,0.69,19.0,66.0,8.0
2022-11-19T15:00:00Z,0.74,23.0,61.0,8.0
2022-11-19T16:00:00Z,0.74,26.0,62.0,8.0
2022-11-19T17:00:00Z,0.71,29.0,58.0,8.0
2022-11-19T18:00:00Z,0.78,37.0,41.0,8.0
2022-11-19T19:00:00Z,0.84,43.0,31.0,8.0
2022-11-19T20:00:00Z,0.88,44.0,23.0,8.0
2022-11-19T21:00:00Z,0.91,44.0,17.0,9.0
2022-11-19T22:00:00Z,0.91,43.0,15.0,10.0
2022-11-19T23:00:00Z,0.91,45.0,11.0,10.0
2022-11-20T00:00:00Z,0.88,45.0,9.0,9.0
2022-11-20T01:00:00Z,0.89,44.0,11.0,12.0
2022-11-20T02:00:00Z,0.85,44.0,10.0,14.0
2022-11-20T03:00:00Z,0.89,41.0,13.0,12.0
2022-11-20T04:00:00Z,0.92,38.0,16.0,12.0
2022-11-20T05:00:00Z,0.96,39.0,11.0,13.0
2022-11-20T06:00:00Z,0.95,40.0,9.0,10.0
2022-11-20T07:00:00Z,0.96,39.0,9.0,11.0
2022-11-20T08:00:00Z,1.02,38.0,8.0,10.0
2022-11-20T09:00:00Z,1.03,35.0,16.0,12.0
2022-11-20T10:00:00Z,0.99,30.0,32.0,12.0
2022-11-20T11:00:00Z,0.91,29.0,45.0,13.0
2022-11-20T12:00:00Z,0.81,24.0,61.0,9.0
2022-11-20T13:00:00Z,0.78,22.0,68.0,9.0
2022-11-20T14:00:00Z,0.78,21.0,70.0,8.0
2022-11-20T15:00:00Z,0.74,21.0,73.0,7.0
2022-11-20T16:00:00Z,0.74,21.0,70.0,7.0
2022-11-20T17:00:00Z,0.78,25.0,63.0,7.0
2022-11-20T18:00:00Z,0.82,34.0,50.0,7.0
2022-11-20T19:00:00Z,0.89,38.0,41.0,7.0
2022-11-20T20:00:00Z,1.03,50.0,22.0,7.0
2022-11-20T21:00:00Z,1.07,59.0,8.0,8.0
2022-11-20T22:00:00Z,1.04,54.0,8.0,8.0
2022-11-20T23:00:00Z,1.09,52.0,5.0,8.0
2022-11-21T00:00:00Z,1.14,47.0,3.0,8.0
2022-11-21T01:00:00Z,1.14,46.0,3.0,8.0
2022-11-21T02:00:00Z,1.01,45.0,3.0,9.0
2022-11-21T03:00:00Z,1.03,39.0,3.0,7.0
2022-11-21T04:00:00Z,1.04,37.0,2.0,7.0
2022-11-21T05:00:00Z,1.05,36.0,2.0,7.0
2022-11-21T06:00:00Z,1.06,36.0,3.0,8.0
2022-11-21T07:00:00Z,1.07,36.0,4.0,8.0
2022-11-21T08:00:00Z,1.08,33.0,5.0,7.0
2022-11-21T09:00:00Z,1.1,31.0,12.0,7.0
2022-11-21T10:00:00Z,1.17,34.0,16.0,7.0
2022-11-21T11:00:00Z,1.2,35.0,23.0,7.0
2022-11-21T12:00:00Z,1.06,31.0,35.0,6.0
2022-11-21T13:00:00Z,0.88,27.0,46.0,7.0
2022-11-21T14:00:00Z,0.76,23.0,59.0,7.0
2022-11-21T15:00:00Z,0.7,22.0,64.0,7.0
2022-11-21T16:00:00Z,0.69,28.0,57.0,8.0
2022-11-21T17:00:00Z,0.71,35.0,49.0,7.0
2022-11-21T18:00:00Z,0.78,42.0,37.0,6.0
2022-11-21T19:00:00Z,0.89,44.0,30.0,7.0
2022-11-21T20:00:00Z,1.09,39.0,28.0,6.0
2022-11-21T21:00:00Z,1.11,33.0,31.0,7.0
2022-11-21T22:00:00Z,1.04,31.0,33.0,8.0
2022-11-21T23:00:00Z,1.09,33.0,24.0,7.0
2022-11-22T00:00:00Z,1.09,33.0,19.0,7.0
2022-11-22T01:00:00Z,1.09,33.0,16.0,6.0
2022-11-22T02:00:00Z,1.09,32.0,16.0,6.0
2022-11-22T03:00:00Z,1.08,28.0,16.0,6.0
2022-11-22T04:00:00Z,1.07,27.0,17.0,5.0
2022-11-22T05:00:00Z,1.1,27.0,18.0,6.0
2022-11-22T06:00:00Z,1.13,28.0,17.0,6.0
2022-11-22T07:00:00Z,1.13,29.0,16.0,5.0
2022-11-22T08:00:00Z,1.13,29.0,17.0,5.0
2022-11-22T09:00:00Z,1.11,29.0,19.0,5.0
2022-11-22T10:00:00Z,1.1,29.0,20.0,5.0
2022-11-22T11:00:00Z,1.06,29.0,25.0,6.0
2022-11-22T12:00:00Z,1.03,29.0,28.0,6.0
2022-11-22T13:00:00Z,0.99,28.0,30.0,6.0
2022-11-22T14:00:00Z,0.95,28.0,32.0,5.0
2022-11-22T15:00:00Z,0.94,30.0,30.0,5.0
2022-11-22T16:00:00Z,0.91,31.0,30.0,5.0
2022-11-22T17:00:00Z,0.87,31.0,31.0,5.0
2022-11-22T18:00:00Z,0.89,35.0,26.0,5.0
2022-11-22T19:00:00Z,0.89,34.0,24.0,6.0
2022-11-22T20:00:00Z,0.88,34.0,20.0,6.0
2022-11-22T21:00:00Z,0.9,33.0,18.0,6.0
2022-11-22T22:00:00Z,0.9,33.0,15.0,6.0
2022-11-22T23:00:00Z,0.93,37.0,10.0,6.0
2022-11-23T00:00:00Z,0.89,34.0,11.0,6.0
2022-11-23T01:00:00Z,0.93,29.0,15.0,7.0
2022-11-23T02:00:00Z,1.0,28.0,11.0,7.0
2022-11-23T03:00:00Z,1.1,32.0,4.0,6.0
2022-11-23T04:00:00Z,1.1,32.0,4.0,5.0
2022-11-23T05:00:00Z,1.08,30.0,6.0,5.0
2022-11-23T06:00:00Z,1.11,31.0,2.0,6.0
2022-11-23T07:00:00Z,1.13,30.0,4.0,5.0
2022-11-23T08:00:00Z,1.1,29.0,5.0,5.0
2022-11-23T09:00:00Z,1.09,27.0,11.0,5.0
2022-11-23T10:00:00Z,1.05,26.0,15.0,5.0
2022-11-23T11:00:00Z,0.99,25.0,20.0,5.0
2022-11-23T12:00:00Z,0.99,25.0,25.0,6.0
2022-11-23T13:00:00Z,1.0,24.0,32.0,5.0
2022-11-23T14:00:00Z,0.96,22.0,37.0,5.0
2022-11-23T15:00:00Z,0.95,23.0,43.0,5.0
2022-11-23T16:00:00Z,0.94,28.0,41.0,6.0
2022-11-23T17:00:00Z,0.94,34.0,32.0,6.0
2022-11-23T18:00:00Z,1.03,36.0,27.0,6.0
2022-11-23T19:00:00Z,1.06,36.0,25.0,6.0
2022-11-23T20:00:00Z,0.98,35.0,26.0,5.0
2022-11-23T21:00:00Z,1.0,40.0,14.0,5.0
2022-11-23T22:00:00Z,0.99,39.0,14.0,5.0
2022-11-23T23:00:00Z,0.99,36.0,12.0,6.0
2022-11-24T00:00:00Z,1.01,32.0,15.0,5.0
2022-11-24T01:00:00Z,1.01,33.0,16.0,6.0
2022-11-24T02:00:00Z,1.01,35.0,10.0,6.0
2022-11-24T03:00:00Z,1.05,34.0,5.0,5.0
2022-11-24T04:00:00Z,1.04,34.0,6.0,6.0
2022-11-24T05:00:00Z,0.99,38.0,7.0,7.0
2022-11-24T06:00:00Z,0.98,39.0,6.0,6.0
2022-11-24T07:00:00Z,1.03,38.0,5.0,6.0
2022-11-24T08:00:00Z,1.09,35.0,7.0,6.0
2022-11-24T09:00:00Z,1.04,30.0,17.0,7.0
2022-11-24T10:00:00Z,1.0,26.0,32.0,7.0
2022-11-24T11:00:00Z,0.97,22.0,49.0,7.0
2022-11-24T12:00:00Z,0.92,18.0,63.0,6.0
2022-11-24T13:00:00Z,0.88,18.0,69.0,6.0
2022-11-24T14:00:00Z,0.87,18.0,77.0,6.0
2022-11-24T15:00:00Z,0.86,20.0,76.0,6.0
2022-11-24T16:00:00Z,0.82,21.0,75.0,6.0
2022-11-24T17:00:00Z,0.77,21.0,74.0,6.0
2022-11-24T18:00:00Z,0.79,27.0,61.0,5.0
2022-11-24T19:00:00Z,0.82,34.0,51.0,5.0
2022-11-24T20:00:00Z,0.81,38.0,42.0,5.0
2022-11-24T21:00:00Z,0.82,38.0,38.0,5.0
2022-11-24T22:00:00Z,0.84,37.0,36.0,5.0
2022-11-24T23:00:00Z,0.88,35.0,34.0,6.0
2022-11-25T00:00:00Z,0.89,37.0,30.0,6.0
2022-11-25T01:00:00Z,0.9,36.0,26.0,6.0
2022-11-25T02:00:00Z,0.93,36.0,26.0,6.0
2022-11-25T03:00:00Z,0.96,35.0,27.0,7.0
2022-11-25T04:00:00Z,0.95,37.0,28.0,7.0
2022-11-25T05:00:00Z,0.98,34.0,27.0,7.0
2022-11-25T06:00:00Z,1.01,35.0,18.0,6.0
2022-11-25T07:00:00Z,1.09,40.0,11.0,6.0
2022-11-25T08:00:00Z,1.19,42.0,10.0,8.0
2022-11-25T09:00:00Z,1.16,40.0,12.0,7.0
2022-11-25T10:00:00Z,1.14,40.0,20.0,7.0
2022-11-25T11:00:00Z,1.19,41.0,34.0,8.0
2022-11-25T12:00:00Z,1.01,37.0,58.0,9.0
2022-11-25T13:00:00Z,0.89,27.0,85.0,8.0
2022-11-25T14:00:00Z,0.8,21.0,94.0,7.0
2022-11-25T15:00:00Z,0.78,20.0,100.0,7.0
2022-11-25T16:00:00Z,0.79,21.0,101.0,7.0
2022-11-25T17:00:00Z,0.88,29.0,91.0,7.0
2022-11-25T18:00:00Z,0.99,48.0,62.0,7.0
2022-11-25T19:00:00Z,1.1,56.0,40.0,6.0
2022-11-25T20:00:00Z,1.36,77.0,13.0,7.0
2022-11-25T21:00:00Z,1.38,76.0,9.0,6.0
2022-11-25T22:00:00Z,1.38,69.0,4.0,6.0
2022-11-25T23:00:00Z,1.43,63.0,3.0,6.0
2022-11-26T00:00:00Z,1.41,57.0,3.0,6.0
2022-11-26T01:00:00Z,1.35,55.0,2.0,6.0
2022-11-26T02:00:00Z,1.32,53.0,7.0,7.0
2022-11-26T03:00:00Z,1.3,60.0,7.0,8.0
2022-11-26T04:00:00Z,1.23,57.0,9.0,9.0
2022-11-26T05:00:00Z,1.23,54.0,6.0,9.0
2022-11-26T06:00:00Z,1.2,51.0,9.0,8.0
2022-11-26T07:00:00Z,1.32,53.0,9.0,8.0
2022-11-26T08:00:00Z,1.1,45.0,18.0,8.0
2022-11-26T09:00:00Z,0.94,30.0,33.0,8.0
2022-11-26T10:00:00Z,0.79,23.0,43.0,8.0
2022-11-26T11:00:00Z,0.71,23.0,47.0,8.0
2022-11-26T12:00:00Z,0.66,23.0,48.0,8.0
2022-11-26T13:00:00Z,0.65,19.0,54.0,10.0
2022-11-26T14:00:00Z,0.68,20.0,55.0,11.0
2022-11-26T15:00:00Z,0.76,22.0,55.0,11.0
2022-11-26T16:00:00Z,0.8,28.0,48.0,10.0
2022-11-26T17:00:00Z,0.66,31.0,42.0,9.0
2022-11-26T18:00:00Z,0.64,33.0,38.0,8.0
2022-11-26T19:00:00Z,0.67,36.0,33.0,8.0
2022-11-26T20:00:00Z,0.64,33.0,35.0,8.0
2022-11-26T21:00:00Z,0.6,26.0,42.0,9.0
2022-11-26T22:00:00Z,0.56,23.0,46.0,8.0
2022-11-26T23:00:00Z,0.56,24.0,44.0,7.0
2022-11-27T00:00:00Z,0.56,27.0,37.0,8.0
2022-11-27T01:00:00Z,0.59,27.0,36.0,8.0
2022-11-27T02:00:00Z,0.61,26.0,38.0,8.0
2022-11-27T03:00:00Z,0.62,22.0,45.0,8.0
2022-11-27T04:00:00Z,0.65,21.0,47.0,8.0
2022-11-27T05:00:00Z,0.69,20.0,47.0,8.0
2022-11-27T06:00:00Z,0.74,20.0,45.0,7.0
2022-11-27T07:00:00Z,0.8,24.0,40.0,6.0
2022-11-27T08:00:00Z,0.82,27.0,34.0,6.0
2022-11-27T09:00:00Z,0.9,29.0,33.0,7.0
2022-11-27T10:00:00Z,0.91,25.0,42.0,7.0
2022-11-27T11:00:00Z,0.93,23.0,51.0,8.0
2022-11-27T12:00:00Z,0.89,22.0,61.0,8.0
2022-11-27T13:00:00Z,0.89,21.0,72.0,8.0
2022-11-27T14:00:00Z,0.88,21.0,88.0,8.0
2022-11-27T15:00:00Z,0.89,21.0,97.0,8.0
2022-11-27T16:00:00Z,0.85,23.0,96.0,7.0
2022-11-27T17:00:00Z,0.86,27.0,89.0,6.0
2022-11-27T18:00:00Z,0.95,43.0,63.0,7.0
2022-11-27T19:00:00Z,1.13,71.0,26.0,7.0
2022-11-27T20:00:00Z,1.16,84.0,12.0,7.0
2022-11-27T21:00:00Z,1.18,80.0,15.0,8.0
2022-11-27T22:00:00Z,1.1,77.0,11.0,9.0
2022-11-27T23:00:00Z,1.04,69.0,14.0,10.0
2022-11-28T00:00:00Z,0.99,60.0,16.0,10.0
2022-11-28T01:00:00Z,0.98,46.0,23.0,9.0
2022-11-28T02:00:00Z,0.99,48.0,13.0,8.0
2022-11-28T03:00:00Z,1.04,51.0,8.0,8.0
2022-11-28T04:00:00Z,1.04,53.0,5.0,8.0
2022-11-28T05:00:00Z,1.02,49.0,4.0,8.0
2022-11-28T06:00:00Z,1.11,39.0,2.0,8.0
2022-11-28T07:00:00Z,1.21,33.0,2.0,8.0
2022-11-28T08:00:00Z,1.19,30.0,2.0,9.0
2022-11-28T09:00:00Z,1.14,30.0,3.0,8.0
2022-11-28T10:00:00Z,1.19,31.0,4.0,9.0
2022-11-28T11:00:00Z,1.14,31.0,4.0,9.0
2022-11-28T12:00:00Z,1.21,32.0,4.0,8.0
2022-11-28T13:00:00Z,1.22,30.0,3.0,6.0
2022-11-28T14:00:00Z,1.36,33.0,4.0,6.0
2022-11-28T15:00:00Z,1.34,32.0,4.0,6.0
2022-11-28T16:00:00Z,1.28,32.0,5.0,6.0
2022-11-28T17:00:00Z,1.39,39.0,3.0,6.0
2022-11-28T18:00:00Z,1.59,43.0,3.0,6.0
2022-11-28T19:00:00Z,1.46,41.0,3.0,6.0
2022-11-28T20:00:00Z,1.38,39.0,3.0,6.0
2022-11-28T21:00:00Z,1.31,37.0,3.0,6.0
2022-11-28T22:00:00Z,1.25,36.0,2.0,7.0
2022-11-28T23:00:00Z,1.23,33.0,4.0,7.0
2022-11-29T00:00:00Z,1.13,29.0,9.0,7.0
2022-11-29T01:00:00Z,1.04,27.0,14.0,7.0
2022-11-29T02:00:00Z,1.0,27.0,16.0,7.0
2022-11-29T03:00:00Z,0.94,26.0,19.0,8.0
2022-11-29T04:00:00Z,0.92,23.0,21.0,8.0
2022-11-29T05:00:00Z,0.94,22.0,25.0,9.0
2022-11-29T06:00:00Z,1.04,25.0,20.0,10.0
2022-11-29T07:00:00Z,1.11,31.0,12.0,9.0
2022-11-29T08:00:00Z,0.85,28.0,21.0,8.0
2022-11-29T09:00:00Z,0.69,20.0,38.0,9.0
2022-11-29T10:00:00Z,0.74,21.0,37.0,9.0
2022-11-29T11:00:00Z,0.74,22.0,39.0,8.0
2022-11-29T12:00:00Z,0.71,21.0,43.0,9.0
2022-11-29T13:00:00Z,0.65,17.0,47.0,10.0
2022-11-29T14:00:00Z,0.64,19.0,47.0,9.0
2022-11-29T15:00:00Z,0.69,22.0,45.0,8.0
2022-11-29T16:00:00Z,0.65,22.0,43.0,9.0
2022-11-29T17:00:00Z,0.65,18.0,47.0,10.0
2022-11-29T18:00:00Z,0.61,18.0,46.0,10.0
2022-11-29T19:00:00Z,0.58,16.0,52.0,9.0
2022-11-29T20:00:00Z,0.6,14.0,52.0,8.0
2022-11-29T21:00:00Z,0.61,15.0,49.0,9.0
2022-11-29T22:00:00Z,0.59,15.0,49.0,8.0
2022-11-29T23:00:00Z,0.55,14.0,49.0,9.0
2022-11-30T00:00:00Z,0.55,15.0,47.0,8.0
2022-11-30T01:00:00Z,0.55,14.0,46.0,8.0
2022-11-30T02:00:00Z,0.63,14.0,47.0,8.0
2022-11-30T03:00:00Z,0.57,14.0,46.0,8.0
2022-11-30T04:00:00Z,0.54,13.0,47.0,8.0
2022-11-30T05:00:00Z,0.62,12.0,49.0,9.0
2022-11-30T06:00:00Z,0.57,12.0,50.0,8.0
2022-11-30T07:00:00Z,0.62,15.0,45.0,9.0
2022-11-30T08:00:00Z,0.67,19.0,40.0,10.0
2022-11-30T09:00:00Z,0.65,16.0,44.0,12.0
2022-11-30T10:00:00Z,0.62,14.0,48.0,11.0
2022-11-30T11:00:00Z,0.62,14.0,51.0,10.0
2022-11-30T12:00:00Z,0.61,12.0,53.0,11.0
2022-11-30T13:00:00Z,0.6,12.0,56.0,10.0
2022-11-30T14:00:00Z,0.6,13.0,56.0,10.0
2022-11-30T15:00:00Z,0.56,13.0,56.0,8.0
2022-11-30T16:00:00Z,0.54,14.0,56.0,7.0
2022-11-30T17:00:00Z,0.54,17.0,52.0,8.0
2022-11-30T18:00:00Z,0.56,19.0,48.0,8.0
2022-11-30T19:00:00Z,0.59,21.0,44.0,9.0
2022-11-30T20:00:00Z,0.56,22.0,42.0,9.0
2022-11-30T21:00:00Z,0.57,22.0,41.0,10.0
2022-11-30T22:00:00Z,0.56,22.0,42.0,11.0
2022-11-30T23:00:00Z,0.57,22.0,39.0,11.0
2022-12-01T00:00:00Z,0.57,22.0,38.0,11.0
2022-12-01T01:00:00Z,0.56,21.0,37.0,9.0
2022-12-01T02:00:00Z,0.55,20.0,37.0,10.0
2022-12-01T03:00:00Z,0.56,20.0,34.0,10.0
2022-12-01T04:00:00Z,0.61,20.0,34.0,12.0
2022-12-01T05:00:00Z,0.65,20.0,33.0,13.0
2022-12-01T06:00:00Z,0.64,22.0,31.0,13.0
2022-12-01T07:00:00Z,0.64,29.0,26.0,12.0
2022-12-01T08:00:00Z,0.69,34.0,23.0,14.0
2022-12-01T09:00:00Z,0.74,32.0,28.0,15.0
2022-12-01T10:00:00Z,0.71,26.0,38.0,15.0
2022-12-01T11:00:00Z,0.63,22.0,48.0,13.0
2022-12-01T12:00:00Z,0.55,21.0,52.0,12.0
2022-12-01T13:00:00Z,0.57,18.0,58.0,13.0
2022-12-01T14:00:00Z,0.5,15.0,62.0,12.0
2022-12-01T15:00:00Z,0.53,15.0,62.0,12.0
2022-12-01T16:00:00Z,0.53,18.0,59.0,12.0
2022-12-01T17:00:00Z,0.55,25.0,51.0,12.0
2022-12-01T18:00:00Z,0.67,33.0,41.0,12.0
2022-12-01T19:00:00Z,0.69,39.0,33.0,13.0
2022-12-01T20:00:00Z,0.74,44.0,28.0,15.0
2022-12-01T21:00:00Z,0.76,45.0,27.0,16.0
2022-12-01T22:00:00Z,0.78,47.0,22.0,16.0
2022-12-01T23:00:00Z,0.78,54.0,15.0,15.0
2022-12-02T00:00:00Z,0.81,56.0,10.0,14.0
2022-12-02T01:00:00Z,0.83,58.0,5.0,12.0
2022-12-02T02:00:00Z,0.81,57.0,6.0,13.0
2022-12-02T03:00:00Z,0.83,56.0,6.0,12.0
2022-12-02T04:00:00Z,0.83,56.0,6.0,13.0
2022-12-02T05:00:00Z,0.84,56.0,4.0,13.0
2022-12-02T06:00:00Z,0.85,52.0,8.0,13.0
2022-12-02T07:00:00Z,0.86,54.0,6.0,14.0
2022-12-02T08:00:00Z,0.91,51.0,9.0,19.0
2022-12-02T09:00:00Z,0.93,44.0,21.0,22.0
2022-12-02T11:00:00Z,0.72,27.0,49.0,13.0
2022-12-02T12:00:00Z,0.64,20.0,62.0,11.0
2022-12-02T13:00:00Z,0.58,16.0,69.0,10.0
2022-12-02T14:00:00Z,0.53,16.0,68.0,9.0
2022-12-02T15:00:00Z,0.51,16.0,69.0,10.0
2022-12-02T16:00:00Z,0.53,17.0,68.0,9.0
2022-12-02T17:00:00Z,0.56,21.0,63.0,10.0
2022-12-02T18:00:00Z,0.6,27.0,54.0,9.0
2022-12-02T19:00:00Z,0.64,30.0,47.0,10.0
2022-12-02T20:00:00Z,0.65,32.0,41.0,10.0
2022-12-02T21:00:00Z,0.68,35.0,36.0,10.0
2022-12-02T22:00:00Z,0.74,37.0,31.0,10.0
2022-12-02T23:00:00Z,0.74,41.0,24.0,10.0
2022-12-03T00:00:00Z,0.76,44.0,20.0,10.0
2022-12-03T01:00:00Z,0.74,47.0,17.0,11.0
2022-12-03T02:00:00Z,0.78,49.0,13.0,11.0
2022-12-03T03:00:00Z,0.75,50.0,10.0,10.0
2022-12-03T04:00:00Z,0.79,50.0,8.0,11.0
2022-12-03T05:00:00Z,0.82,53.0,4.0,12.0
2022-12-03T06:00:00Z,0.86,53.0,5.0,11.0
2022-12-03T07:00:00Z,0.93,52.0,5.0,12.0
2022-12-03T08:00:00Z,1.04,52.0,6.0,13.0
2022-12-03T09:00:00Z,0.9,50.0,9.0,15.0
2022-12-03T10:00:00Z,0.88,45.0,21.0,16.0
2022-12-03T11:00:00Z,0.89,41.0,31.0,17.0
2022-12-03T12:00:00Z,0.88,38.0,40.0,18.0
2022-12-03T13:00:00Z,0.8,33.0,51.0,16.0
2022-12-03T14:00:00Z,0.74,27.0,63.0,13.0
2022-12-03T15:00:00Z,0.75,35.0,63.0,12.0
2022-12-03T16:00:00Z,0.78,42.0,53.0,13.0
2022-12-03T17:00:00Z,0.76,43.0,47.0,12.0
2022-12-03T18:00:00Z,0.79,48.0,38.0,13.0
2022-12-03T19:00:00Z,0.85,51.0,32.0,13.0
2022-12-03T20:00:00Z,0.86,50.0,30.0,13.0
2022-12-03T21:00:00Z,0.86,45.0,32.0,12.0
2022-12-03T22:00:00Z,0.84,42.0,33.0,12.0
2022-12-03T23:00:00Z,0.9,43.0,30.0,13.0
2022-12-04T00:00:00Z,0.96,45.0,25.0,14.0
2022-12-04T01:00:00Z,0.88,40.0,26.0,12.0
2022-12-04T02:00:00Z,0.71,30.0,33.0,10.0
2022-12-04T03:00:00Z,0.67,25.0,38.0,9.0
2022-12-04T04:00:00Z,0.67,26.0,35.0,9.0
2022-12-04T05:00:00Z,0.62,24.0,40.0,8.0
2022-12-04T06:00:00Z,0.55,20.0,49.0,7.0
2022-12-04T07:00:00Z,0.52,19.0,52.0,7.0
2022-12-04T08:00:00Z,0.52,21.0,50.0,8.0
2022-12-04T09:00:00Z,0.56,20.0,52.0,7.0
2022-12-04T10:00:00Z,0.64,20.0,51.0,8.0
2022-12-04T11:00:00Z,0.65,20.0,51.0,9.0
2022-12-04T12:00:00Z,0.65,18.0,55.0,9.0
2022-12-04T13:00:00Z,0.64,19.0,56.0,9.0
2022-12-04T14:00:00Z,0.64,22.0,53.0,9.0
2022-12-04T15:00:00Z,0.66,25.0,50.0,9.0
2022-12-04T16:00:00Z,0.64,28.0,47.0,9.0
2022-12-04T17:00:00Z,0.63,29.0,45.0,9.0
2022-12-04T18:00:00Z,0.66,33.0,39.0,9.0
2022-12-04T19:00:00Z,0.69,36.0,34.0,9.0
2022-12-04T20:00:00Z,0.7,35.0,31.0,10.0
2022-12-04T21:00:00Z,0.72,36.0,29.0,10.0
2022-12-04T22:00:00Z,0.7,37.0,28.0,10.0
2022-12-04T23:00:00Z,0.7,36.0,27.0,11.0
2022-12-05T00:00:00Z,0.7,37.0,26.0,12.0
2022-12-05T01:00:00Z,0.71,40.0,21.0,12.0
2022-12-05T02:00:00Z,0.74,47.0,13.0,11.0
2022-12-05T03:00:00Z,0.74,49.0,10.0,11.0
2022-12-05T04:00:00Z,0.76,51.0,8.0,11.0
2022-12-05T05:00:00Z,0.81,52.0,6.0,10.0
2022-12-05T06:00:00Z,0.81,54.0,5.0,10.0
2022-12-05T07:00:00Z,0.88,55.0,3.0,10.0
2022-12-05T08:00:00Z,1.0,55.0,5.0,12.0
2022-12-05T09:00:00Z,0.94,51.0,15.0,14.0
2022-12-05T10:00:00Z,0.8,41.0,31.0,14.0
2022-12-05T11:00:00Z,0.71,33.0,44.0,13.0
2022-12-05T12:00:00Z,0.67,26.0,53.0,11.0
2022-12-05T13:00:00Z,0.61,23.0,59.0,10.0
2022-12-05T14:00:00Z,0.63,23.0,62.0,10.0
2022-12-05T15:00:00Z,0.64,25.0,62.0,10.0
2022-12-05T16:00:00Z,0.65,28.0,61.0,10.0
2022-12-05T17:00:00Z,0.66,35.0,54.0,10.0
2022-12-05T19:00:00Z,0.98,69.0,11.0,10.0
2022-12-05T20:00:00Z,1.0,69.0,9.0,10.0
2022-12-05T21:00:00Z,0.95,64.0,13.0,11.0
2022-12-05T22:00:00Z,0.95,60.0,13.0,12.0
2022-12-05T23:00:00Z,0.94,58.0,12.0,14.0
2022-12-06T00:00:00Z,0.95,56.0,12.0,12.0
2022-12-06T01:00:00Z,0.96,57.0,8.0,11.0
2022-12-06T02:00:00Z,0.95,57.0,8.0,13.0
2022-12-06T03:00:00Z,0.93,55.0,7.0,11.0
2022-12-06T04:00:00Z,0.97,56.0,5.0,11.0
2022-12-06T05:00:00Z,1.03,56.0,5.0,14.0
2022-12-06T06:00:00Z,1.0,55.0,5.0,15.0
2022-12-06T07:00:00Z,1.14,57.0,4.0,15.0
2022-12-06T08:00:00Z,1.21,56.0,5.0,16.0
2022-12-06T09:00:00Z,1.23,56.0,11.0,17.0
2022-12-06T10:00:00Z,1.08,53.0,22.0,17.0
2022-12-06T11:00:00Z,0.93,40.0,43.0,15.0
2022-12-06T12:00:00Z,0.81,36.0,53.0,13.0
2022-12-06T13:00:00Z,0.77,35.0,58.0,12.0
2022-12-06T14:00:00Z,0.75,32.0,63.0,11.0
2022-12-06T15:00:00Z,0.72,30.0,68.0,10.0
2022-12-06T16:00:00Z,0.72,33.0,64.0,10.0
2022-12-06T17:00:00Z,0.76,41.0,53.0,10.0
2022-12-06T18:00:00Z,0.86,58.0,31.0,10.0
2022-12-06T19:00:00Z,1.0,74.0,12.0,10.0
2022-12-06T20:00:00Z,1.08,78.0,8.0,10.0
2022-12-06T21:00:00Z,1.1,77.0,5.0,10.0
2022-12-06T22:00:00Z,1.05,74.0,6.0,10.0
2022-12-06T23:00:00Z,1.03,71.0,5.0,10.0
2022-12-07T00:00:00Z,1.04,64.0,6.0,10.0
2022-12-07T01:00:00Z,1.04,61.0,7.0,9.0
2022-12-07T02:00:00Z,1.03,58.0,5.0,8.0
2022-12-07T03:00:00Z,1.09,56.0,4.0,8.0
2022-12-07T04:00:00Z,1.11,54.0,4.0,8.0
2022-12-07T05:00:00Z,1.11,49.0,4.0,8.0
2022-12-07T06:00:00Z,1.18,50.0,3.0,8.0
2022-12-07T07:00:00Z,1.25,53.0,4.0,9.0
2022-12-07T08:00:00Z,1.4,57.0,4.0,10.0
2022-12-07T09:00:00Z,1.49,60.0,5.0,12.0
2022-12-07T10:00:00Z,1.32,63.0,10.0,12.0
2022-12-07T11:00:00Z,1.1,52.0,28.0,11.0
2022-12-07T12:00:00Z,0.95,42.0,49.0,11.0
2022-12-07T13:00:00Z,0.83,28.0,70.0,10.0
2022-12-07T14:00:00Z,0.71,23.0,84.0,10.0
2022-12-07T15:00:00Z,0.7,22.0,92.0,10.0
2022-12-07T16:00:00Z,0.7,21.0,94.0,11.0
2022-12-07T17:00:00Z,0.72,28.0,85.0,10.0
2022-12-07T18:00:00Z,0.83,51.0,56.0,9.0
2022-12-07T19:00:00Z,0.94,69.0,36.0,9.0
2022-12-07T20:00:00Z,0.94,63.0,41.0,9.0
2022-12-07T21:00:00Z,1.0,72.0,31.0,9.0
2022-12-07T22:00:00Z,1.01,82.0,18.0,10.0
2022-12-07T23:00:00Z,1.0,84.0,10.0,9.0
2022-12-08T00:00:00Z,0.96,79.0,13.0,10.0
2022-12-08T01:00:00Z,0.95,81.0,8.0,10.0
2022-12-08T02:00:00Z,0.95,79.0,8.0,11.0
2022-12-08T03:00:00Z,0.99,76.0,10.0,11.0
2022-12-08T04:00:00Z,0.99,73.0,9.0,11.0
2022-12-08T05:00:00Z,0.95,70.0,14.0,12.0
2022-12-08T06:00:00Z,0.99,74.0,7.0,12.0
2022-12-08T07:00:00Z,1.04,76.0,5.0,12.0
2022-12-08T08:00:00Z,1.11,75.0,4.0,13.0
2022-12-08T09:00:00Z,1.19,72.0,6.0,13.0
2022-12-08T10:00:00Z,1.16,71.0,11.0,13.0
2022-12-08T11:00:00Z,1.04,61.0,25.0,12.0
2022-12-08T12:00:00Z,0.97,45.0,48.0,11.0
2022-12-08T13:00:00Z,0.93,37.0,58.0,10.0
2022-12-08T14:00:00Z,0.96,40.0,56.0,9.0
2022-12-08T15:00:00Z,1.0,46.0,50.0,9.0
2022-12-08T16:00:00Z,1.0,46.0,48.0,9.0
2022-12-08T17:00:00Z,1.02,48.0,45.0,9.0
2022-12-08T18:00:00Z,1.11,59.0,33.0,10.0
2022-12-08T19:00:00Z,1.24,68.0,22.0,12.0
2022-12-08T20:00:00Z,1.29,68.0,16.0,12.0
2022-12-08T21:00:00Z,1.19,64.0,18.0,11.0
2022-12-08T22:00:00Z,1.19,60.0,20.0,10.0
2022-12-08T23:00:00Z,1.2,58.0,16.0,11.0
2022-12-09T00:00:00Z,1.23,62.0,9.0,12.0
2022-12-09T01:00:00Z,1.26,59.0,10.0,15.0
2022-12-09T02:00:00Z,1.24,62.0,8.0,14.0
2022-12-09T03:00:00Z,1.2,62.0,8.0,12.0
2022-12-09T04:00:00Z,1.23,64.0,9.0,12.0
2022-12-09T05:00:00Z,1.34,59.0,13.0,11.0
2022-12-09T06:00:00Z,1.41,55.0,19.0,11.0
2022-12-09T07:00:00Z,1.51,58.0,14.0,12.0
2022-12-09T08:00:00Z,1.5,60.0,11.0,14.0
2022-12-09T09:00:00Z,1.56,61.0,12.0,16.0
2022-12-09T10:00:00Z,1.55,59.0,21.0,16.0
2022-12-09T11:00:00Z,1.3,54.0,37.0,14.0
2022-12-09T12:00:00Z,1.13,54.0,45.0,12.0
2022-12-09T13:00:00Z,1.13,51.0,47.0,11.0
2022-12-09T14:00:00Z,1.1,55.0,43.0,10.0
2022-12-09T15:00:00Z,1.08,57.0,37.0,10.0
2022-12-09T16:00:00Z,1.14,65.0,30.0,9.0
2022-12-09T17:00:00Z,1.23,76.0,19.0,9.0
2022-12-09T18:00:00Z,1.31,80.0,14.0,9.0
2022-12-09T19:00:00Z,1.36,79.0,14.0,8.0
2022-12-09T20:00:00Z,1.4,78.0,11.0,8.0
2022-12-09T21:00:00Z,1.42,75.0,10.0,8.0
2022-12-09T22:00:00Z,1.5,73.0,9.0,9.0
2022-12-09T23:00:00Z,1.54,66.0,11.0,10.0
2022-12-10T00:00:00Z,1.55,62.0,12.0,11.0
2022-12-10T01:00:00Z,1.5,57.0,14.0,10.0
2022-12-10T02:00:00Z,1.38,50.0,19.0,9.0
2022-12-10T03:00:00Z,1.39,56.0,16.0,9.0
2022-12-10T04:00:00Z,1.47,62.0,8.0,9.0
2022-12-10T05:00:00Z,1.51,64.0,5.0,11.0
2022-12-10T06:00:00Z,1.56,62.0,3.0,10.0
2022-12-10T07:00:00Z,1.55,58.0,4.0,10.0
2022-12-10T08:00:00Z,1.56,53.0,6.0,11.0
2022-12-10T09:00:00Z,1.52,47.0,12.0,11.0
2022-12-10T10:00:00Z,1.55,46.0,20.0,14.0
2022-12-10T11:00:00Z,1.4,45.0,49.0,11.0
2022-12-10T12:00:00Z,1.45,38.0,73.0,13.0
2022-12-10T13:00:00Z,1.74,47.0,52.0,12.0
2022-12-10T14:00:00Z,1.47,43.0,58.0,11.0
2022-12-10T15:00:00Z,1.21,38.0,63.0,10.0
2022-12-10T16:00:00Z,1.07,38.0,60.0,9.0
2022-12-10T17:00:00Z,0.9,38.0,52.0,9.0
2022-12-10T18:00:00Z,0.89,42.0,39.0,9.0
2022-12-10T19:00:00Z,0.75,35.0,40.0,8.0
2022-12-10T20:00:00Z,0.76,35.0,37.0,9.0
2022-12-10T21:00:00Z,0.76,35.0,33.0,10.0
2022-12-10T22:00:00Z,0.84,39.0,27.0,11.0
2022-12-10T23:00:00Z,0.9,41.0,25.0,12.0
2022-12-11T00:00:00Z,0.91,42.0,21.0,11.0
2022-12-11T01:00:00Z,0.93,44.0,17.0,12.0
2022-12-11T02:00:00Z,0.9,51.0,10.0,12.0
2022-12-11T03:00:00Z,0.89,51.0,8.0,13.0
2022-12-11T04:00:00Z,0.95,51.0,7.0,15.0
2022-12-11T05:00:00Z,1.0,53.0,6.0,15.0
2022-12-11T06:00:00Z,1.0,53.0,4.0,15.0
2022-12-11T07:00:00Z,1.08,50.0,5.0,13.0
2022-12-11T08:00:00Z,1.17,49.0,5.0,13.0
2022-12-11T09:00:00Z,1.16,47.0,10.0,17.0
2022-12-11T10:00:00Z,1.0,37.0,30.0,18.0
2022-12-11T11:00:00Z,0.88,30.0,46.0,13.0
2022-12-11T12:00:00Z,0.76,27.0,57.0,11.0
2022-12-11T13:00:00Z,0.71,26.0,62.0,10.0
2022-12-11T14:00:00Z,0.7,28.0,62.0,11.0
2022-12-11T15:00:00Z,0.72,32.0,59.0,11.0
2022-12-11T16:00:00Z,0.71,34.0,56.0,11.0
2022-12-11T17:00:00Z,0.81,41.0,47.0,13.0
2022-12-11T18:00:00Z,0.89,48.0,39.0,13.0
2022-12-11T19:00:00Z,0.99,59.0,25.0,13.0
2022-12-11T20:00:00Z,1.04,59.0,19.0,12.0
2022-12-11T21:00:00Z,1.13,65.0,10.0,11.0
2022-12-11T22:00:00Z,1.07,66.0,8.0,11.0
2022-12-11T23:00:00Z,1.02,63.0,9.0,12.0
2022-12-12T00:00:00Z,1.07,66.0,5.0,12.0
2022-12-12T01:00:00Z,1.01,61.0,8.0,11.0
2022-12-12T02:00:00Z,0.95,56.0,15.0,11.0
2022-12-12T03:00:00Z,0.94,55.0,14.0,10.0
2022-12-12T04:00:00Z,0.94,55.0,14.0,11.0
2022-12-12T05:00:00Z,0.95,53.0,16.0,13.0
2022-12-12T06:00:00Z,1.01,52.0,18.0,15.0
2022-12-12T07:00:00Z,1.01,51.0,19.0,14.0
2022-12-12T08:00:00Z,0.97,48.0,21.0,13.0
2022-12-12T09:00:00Z,0.95,45.0,26.0,14.0
2022-12-12T10:00:00Z,0.91,35.0,35.0,12.0
2022-12-12T11:00:00Z,0.91,27.0,42.0,11.0
2022-12-12T12:00:00Z,0.91,26.0,49.0,11.0
2022-12-12T13:00:00Z,0.81,23.0,59.0,12.0
2022-12-12T14:00:00Z,0.74,21.0,67.0,10.0
2022-12-12T15:00:00Z,0.71,21.0,71.0,10.0
2022-12-12T16:00:00Z,0.71,24.0,71.0,11.0
2022-12-12T17:00:00Z,0.78,32.0,62.0,11.0
2022-12-12T18:00:00Z,0.89,55.0,35.0,10.0
2022-12-12T19:00:00Z,1.1,66.0,17.0,11.0
2022-12-12T20:00:00Z,1.21,68.0,12.0,10.0
2022-12-12T21:00:00Z,1.13,66.0,15.0,11.0
2022-12-12T22:00:00Z,1.02,61.0,19.0,10.0
2022-12-12T23:00:00Z,1.01,57.0,22.0,10.0
2022-12-13T00:00:00Z,0.99,53.0,22.0,10.0
2022-12-13T01:00:00Z,1.06,49.0,23.0,11.0
2022-12-13T02:00:00Z,1.1,52.0,20.0,12.0
2022-12-13T03:00:00Z,1.01,42.0,28.0,11.0
2022-12-13T04:00:00Z,0.95,35.0,35.0,10.0
2022-12-13T05:00:00Z,0.89,28.0,38.0,9.0
2022-12-13T06:00:00Z,0.87,28.0,35.0,10.0
2022-12-13T07:00:00Z,0.87,33.0,29.0,10.0
2022-12-13T08:00:00Z,0.94,43.0,20.0,10.0
2022-12-13T09:00:00Z,0.96,38.0,29.0,10.0
2022-12-13T10:00:00Z,0.91,31.0,38.0,11.0
2022-12-13T11:00:00Z,0.95,29.0,40.0,14.0
2022-12-13T12:00:00Z,0.89,26.0,50.0,14.0
2022-12-13T13:00:00Z,0.84,22.0,59.0,13.0
2022-12-13T14:00:00Z,0.76,21.0,63.0,10.0
2022-12-13T15:00:00Z,0.72,19.0,63.0,9.0
2022-12-13T16:00:00Z,0.7,17.0,64.0,8.0
2022-12-13T17:00:00Z,0.66,19.0,61.0,7.0
2022-12-13T18:00:00Z,0.75,28.0,49.0,8.0
2022-12-13T19:00:00Z,0.78,28.0,46.0,8.0
2022-12-13T20:00:00Z,0.79,32.0,40.0,9.0
2022-12-13T21:00:00Z,0.79,33.0,37.0,10.0
2022-12-13T22:00:00Z,0.78,32.0,36.0,9.0
2022-12-13T23:00:00Z,0.79,34.0,31.0,9.0
2022-12-14T00:00:00Z,0.79,38.0,27.0,11.0
2022-12-14T01:00:00Z,0.77,38.0,24.0,12.0
2022-12-14T02:00:00Z,0.79,41.0,20.0,12.0
2022-12-14T03:00:00Z,0.77,39.0,20.0,10.0
2022-12-14T04:00:00Z,0.76,42.0,17.0,11.0
2022-12-14T05:00:00Z,0.77,43.0,13.0,11.0
2022-12-14T06:00:00Z,0.83,44.0,12.0,11.0
2022-12-14T07:00:00Z,0.91,49.0,5.0,11.0
2022-12-14T08:00:00Z,1.07,54.0,5.0,12.0
2022-12-14T09:00:00Z,1.13,52.0,14.0,15.0
2022-12-14T10:00:00Z,0.94,38.0,36.0,14.0
2022-12-14T11:00:00Z,0.81,28.0,47.0,11.0
2022-12-14T12:00:00Z,0.73,20.0,60.0,10.0
2022-12-14T13:00:00Z,0.69,16.0,66.0,9.0
2022-12-14T14:00:00Z,0.63,15.0,69.0,8.0
2022-12-14T15:00:00Z,0.6,16.0,68.0,8.0
2022-12-14T16:00:00Z,0.61,14.0,69.0,7.0
2022-12-14T17:00:00Z,0.64,20.0,61.0,8.0
2022-12-14T18:00:00Z,0.74,26.0,51.0,8.0
2022-12-14T19:00:00Z,0.78,29.0,45.0,9.0
2022-12-14T20:00:00Z,0.76,28.0,43.0,10.0
2022-12-14T21:00:00Z,0.8,29.0,40.0,10.0
2022-12-14T22:00:00Z,0.79,31.0,34.0,10.0
2022-12-14T23:00:00Z,0.84,33.0,29.0,10.0
2022-12-15T00:00:00Z,0.85,34.0,25.0,9.0
2022-12-15T01:00:00Z,0.84,37.0,23.0,9.0
2022-12-15T02:00:00Z,0.83,38.0,21.0,9.0
2022-12-15T03:00:00Z,0.85,40.0,19.0,10.0
2022-12-15T04:00:00Z,0.89,39.0,18.0,10.0
2022-12-15T05:00:00Z,0.92,39.0,18.0,10.0
2022-12-15T06:00:00Z,0.95,40.0,15.0,10.0
2022-12-15T07:00:00Z,0.99,46.0,9.0,10.0
2022-12-15T08:00:00Z,1.07,49.0,6.0,10.0
2022-12-15T09:00:00Z,1.13,47.0,12.0,11.0
2022-12-15T10:00:00Z,1.11,48.0,19.0,13.0
2022-12-15T11:00:00Z,1.13,51.0,24.0,14.0
2022-12-15T12:00:00Z,1.06,53.0,35.0,14.0
2022-12-15T13:00:00Z,1.0,50.0,45.0,15.0
2022-12-15T14:00:00Z,0.99,46.0,52.0,14.0
2022-12-15T15:00:00Z,1.02,46.0,51.0,15.0
2022-12-15T16:00:00Z,0.96,45.0,52.0,18.0
2022-12-15T17:00:00Z,0.99,50.0,49.0,15.0
2022-12-15T18:00:00Z,0.99,58.0,34.0,15.0
2022-12-15T19:00:00Z,0.99,56.0,28.0,15.0
2022-12-15T20:00:00Z,1.01,49.0,33.0,17.0
2022-12-15T21:00:00Z,1.11,49.0,29.0,19.0
2022-12-15T22:00:00Z,0.97,34.0,34.0,12.0
2022-12-15T23:00:00Z,0.84,28.0,31.0,8.0
2022-12-16T00:00:00Z,0.79,22.0,34.0,7.0
2022-12-16T01:00:00Z,0.77,19.0,36.0,7.0
2022-12-16T02:00:00Z,0.72,19.0,35.0,8.0
2022-12-16T03:00:00Z,0.69,17.0,38.0,8.0
2022-12-16T04:00:00Z,0.69,17.0,39.0,7.0
2022-12-16T05:00:00Z,0.67,14.0,45.0,8.0
2022-12-16T06:00:00Z,0.66,13.0,46.0,8.0
2022-12-16T07:00:00Z,0.64,12.0,49.0,7.0
2022-12-16T08:00:00Z,0.65,13.0,50.0,7.0
2022-12-16T09:00:00Z,0.66,14.0,49.0,7.0
2022-12-16T10:00:00Z,0.62,14.0,50.0,7.0
2022-12-16T11:00:00Z,0.63,15.0,49.0,7.0
2022-12-16T12:00:00Z,0.64,15.0,52.0,7.0
2022-12-16T13:00:00Z,0.62,15.0,53.0,7.0
2022-12-16T14:00:00Z,0.61,17.0,53.0,8.0
2022-12-16T15:00:00Z,0.65,19.0,50.0,10.0
2022-12-16T16:00:00Z,0.65,22.0,47.0,11.0
2022-12-16T17:00:00Z,0.68,25.0,43.0,11.0
2022-12-16T18:00:00Z,0.74,29.0,37.0,11.0
2022-12-16T19:00:00Z,0.8,34.0,28.0,11.0
2022-12-16T20:00:00Z,0.81,39.0,19.0,11.0
2022-12-16T21:00:00Z,0.8,41.0,14.0,11.0
2022-12-16T22:00:00Z,0.83,46.0,10.0,11.0
2022-12-16T23:00:00Z,0.86,47.0,8.0,10.0
2022-12-17T00:00:00Z,0.81,39.0,16.0,10.0
2022-12-17T01:00:00Z,0.83,38.0,13.0,11.0
2022-12-17T02:00:00Z,0.93,42.0,8.0,14.0
2022-12-17T03:00:00Z,0.98,38.0,11.0,16.0
2022-12-17T04:00:00Z,1.03,37.0,13.0,15.0
2022-12-17T05:00:00Z,1.03,36.0,13.0,15.0
2022-12-17T06:00:00Z,1.05,35.0,15.0,16.0
2022-12-17T07:00:00Z,1.05,37.0,11.0,15.0
2022-12-17T08:00:00Z,0.86,29.0,25.0,11.0
2022-12-17T09:00:00Z,0.67,14.0,46.0,8.0
2022-12-17T10:00:00Z,0.63,8.0,57.0,7.0
2022-12-17T11:00:00Z,0.61,6.0,62.0,7.0
2022-12-17T12:00:00Z,0.63,5.0,65.0,7.0
2022-12-17T13:00:00Z,0.64,5.0,66.0,8.0
2022-12-17T14:00:00Z,0.65,5.0,66.0,7.0
2022-12-17T15:00:00Z,0.64,6.0,67.0,7.0
2022-12-17T16:00:00Z,0.64,7.0,65.0,7.0
2022-12-17T17:00:00Z,0.64,8.0,61.0,7.0
2022-12-17T18:00:00Z,0.69,11.0,56.0,8.0
2022-12-17T19:00:00Z,0.7,15.0,50.0,8.0
2022-12-17T20:00:00Z,0.74,20.0,44.0,9.0
2022-12-17T21:00:00Z,0.72,24.0,38.0,9.0
2022-12-17T22:00:00Z,0.74,24.0,36.0,8.0
2022-12-17T23:00:00Z,0.72,26.0,33.0,8.0
2022-12-18T00:00:00Z,0.76,23.0,36.0,8.0
2022-12-18T01:00:00Z,0.71,11.0,48.0,7.0
2022-12-18T02:00:00Z,0.7,10.0,48.0,8.0
2022-12-18T03:00:00Z,0.71,11.0,46.0,8.0
2022-12-18T04:00:00Z,0.71,11.0,45.0,8.0
2022-12-18T05:00:00Z,0.71,13.0,42.0,8.0
2022-12-18T06:00:00Z,0.71,16.0,39.0,9.0
2022-12-18T07:00:00Z,0.72,20.0,34.0,9.0
2022-12-18T08:00:00Z,0.76,27.0,26.0,9.0
2022-12-18T09:00:00Z,0.81,24.0,33.0,10.0
2022-12-18T10:00:00Z,0.89,21.0,42.0,11.0
2022-12-18T11:00:00Z,0.92,18.0,50.0,11.0
2022-12-18T12:00:00Z,0.81,15.0,56.0,10.0
2022-12-18T13:00:00Z,0.75,11.0,62.0,10.0
2022-12-18T14:00:00Z,0.75,9.0,69.0,9.0
2022-12-18T15:00:00Z,0.71,10.0,72.0,9.0
2022-12-18T16:00:00Z,0.74,11.0,72.0,9.0
2022-12-18T17:00:00Z,0.74,15.0,66.0,9.0
2022-12-18T18:00:00Z,0.76,27.0,52.0,9.0
2022-12-18T19:00:00Z,0.88,39.0,37.0,10.0
2022-12-18T20:00:00Z,0.93,53.0,21.0,11.0
2022-12-18T21:00:00Z,1.05,62.0,10.0,12.0
2022-12-18T22:00:00Z,1.11,62.0,8.0,12.0
2022-12-18T23:00:00Z,1.08,60.0,9.0,12.0
2022-12-19T00:00:00Z,1.04,58.0,10.0,12.0
2022-12-19T01:00:00Z,0.98,52.0,12.0,13.0
2022-12-19T02:00:00Z,0.96,49.0,14.0,13.0
2022-12-19T03:00:00Z,0.96,48.0,12.0,15.0
2022-12-19T04:00:00Z,0.99,47.0,10.0,14.0
2022-12-19T05:00:00Z,1.0,48.0,9.0,15.0
2022-12-19T06:00:00Z,0.99,47.0,9.0,13.0
2022-12-19T07:00:00Z,1.04,47.0,11.0,13.0
2022-12-19T08:00:00Z,1.05,47.0,11.0,13.0
2022-12-19T09:00:00Z,1.03,44.0,19.0,14.0
2022-12-19T10:00:00Z,1.04,42.0,29.0,14.0
2022-12-19T11:00:00Z,1.01,40.0,40.0,14.0
2022-12-19T12:00:00Z,0.99,33.0,57.0,14.0
2022-12-19T13:00:00Z,0.91,26.0,74.0,13.0
2022-12-19T14:00:00Z,0.86,24.0,84.0,13.0
2022-12-19T15:00:00Z,0.85,25.0,85.0,13.0
2022-12-19T16:00:00Z,0.85,27.0,83.0,12.0
2022-12-19T17:00:00Z,0.85,30.0,79.0,13.0
2022-12-19T18:00:00Z,0.91,44.0,61.0,13.0
2022-12-19T19:00:00Z,1.09,66.0,35.0,13.0
2022-12-19T20:00:00Z,1.18,80.0,19.0,16.0
2022-12-19T21:00:00Z,1.16,83.0,13.0,15.0
2022-12-19T22:00:00Z,1.14,78.0,15.0,14.0
2022-12-19T23:00:00Z,1.11,73.0,16.0,15.0
2022-12-20T00:00:00Z,1.14,66.0,18.0,14.0
2022-12-20T01:00:00Z,1.13,64.0,16.0,13.0
2022-12-20T02:00:00Z,1.11,64.0,13.0,14.0
2022-12-20T03:00:00Z,1.14,62.0,11.0,13.0
2022-12-20T04:00:00Z,1.09,62.0,10.0,13.0
2022-12-20T05:00:00Z,1.06,61.0,9.0,13.0
2022-12-20T06:00:00Z,1.07,61.0,9.0,14.0
2022-12-20T07:00:00Z,1.09,62.0,6.0,13.0
2022-12-20T08:00:00Z,1.16,62.0,6.0,13.0
2022-12-20T09:00:00Z,1.16,58.0,10.0,13.0
2022-12-20T10:00:00Z,1.13,54.0,17.0,14.0
2022-12-20T11:00:00Z,1.04,52.0,25.0,15.0
2022-12-20T12:00:00Z,1.07,47.0,37.0,16.0
2022-12-20T13:00:00Z,1.1,48.0,42.0,18.0
2022-12-20T14:00:00Z,1.11,53.0,38.0,18.0
2022-12-20T15:00:00Z,1.11,56.0,33.0,16.0
2022-12-20T16:00:00Z,1.07,63.0,25.0,15.0
2022-12-20T17:00:00Z,1.14,66.0,19.0,14.0
2022-12-20T18:00:00Z,1.21,73.0,11.0,15.0
2022-12-20T19:00:00Z,1.18,68.0,12.0,15.0
2022-12-20T20:00:00Z,1.21,64.0,15.0,16.0
2022-12-20T21:00:00Z,1.2,55.0,22.0,17.0
2022-12-20T22:00:00Z,1.26,48.0,27.0,16.0
2022-12-20T23:00:00Z,1.29,45.0,26.0,16.0
2022-12-21T00:00:00Z,1.22,44.0,23.0,14.0
2022-12-21T01:00:00Z,1.2,43.0,18.0,12.0
2022-12-21T02:00:00Z,1.21,46.0,12.0,12.0
2022-12-21T03:00:00Z,1.29,48.0,9.0,12.0
2022-12-21T04:00:00Z,1.32,50.0,7.0,13.0
2022-12-21T05:00:00Z,1.36,53.0,6.0,14.0
2022-12-21T06:00:00Z,1.48,57.0,6.0,18.0
2022-12-21T07:00:00Z,1.54,59.0,5.0,20.0
2022-12-21T08:00:00Z,1.6,60.0,7.0,21.0
2022-12-21T09:00:00Z,1.64,54.0,16.0,24.0
2022-12-21T10:00:00Z,1.63,52.0,27.0,28.0
2022-12-21T11:00:00Z,1.6,50.0,37.0,26.0
2022-12-21T12:00:00Z,1.43,45.0,49.0,23.0
2022-12-21T13:00:00Z,1.06,29.0,65.0,17.0
2022-12-21T14:00:00Z,0.87,20.0,76.0,12.0
2022-12-21T15:00:00Z,0.87,22.0,74.0,11.0
2022-12-21T16:00:00Z,0.82,20.0,75.0,10.0
2022-12-21T17:00:00Z,0.74,22.0,71.0,9.0
2022-12-21T18:00:00Z,0.77,32.0,56.0,9.0
2022-12-21T19:00:00Z,0.96,60.0,26.0,10.0
2022-12-21T20:00:00Z,1.09,70.0,13.0,12.0
2022-12-21T21:00:00Z,1.23,77.0,7.0,13.0
2022-12-21T22:00:00Z,1.23,77.0,6.0,14.0
2022-12-21T23:00:00Z,1.21,76.0,7.0,13.0
2022-12-22T00:00:00Z,1.19,67.0,12.0,14.0
2022-12-22T01:00:00Z,1.04,40.0,34.0,15.0
2022-12-22T02:00:00Z,0.9,23.0,44.0,13.0
2022-12-22T03:00:00Z,0.79,15.0,51.0,11.0
2022-12-22T04:00:00Z,0.75,16.0,47.0,11.0
2022-12-22T05:00:00Z,0.78,15.0,44.0,11.0
2022-12-22T06:00:00Z,0.78,15.0,41.0,11.0
2022-12-22T07:00:00Z,0.81,17.0,37.0,10.0
2022-12-22T08:00:00Z,0.85,19.0,34.0,11.0
2022-12-22T09:00:00Z,0.76,19.0,37.0,11.0
2022-12-22T10:00:00Z,0.75,13.0,46.0,10.0
2022-12-22T11:00:00Z,0.66,7.0,56.0,8.0
2022-12-22T12:00:00Z,0.65,6.0,61.0,7.0
2022-12-22T13:00:00Z,0.61,6.0,66.0,7.0
2022-12-22T16:00:00Z,0.6,7.0,67.0,8.0
2022-12-22T17:00:00Z,0.61,9.0,64.0,8.0
2022-12-22T18:00:00Z,0.66,14.0,56.0,9.0
2022-12-22T19:00:00Z,0.7,21.0,47.0,10.0
2022-12-22T20:00:00Z,0.75,29.0,36.0,10.0
2022-12-22T21:00:00Z,0.81,41.0,20.0,10.0
2022-12-22T22:00:00Z,0.86,46.0,15.0,10.0
2022-12-22T23:00:00Z,0.84,44.0,14.0,9.0
2022-12-23T00:00:00Z,0.86,44.0,15.0,10.0
2022-12-23T01:00:00Z,0.85,45.0,12.0,11.0
2022-12-23T02:00:00Z,0.84,40.0,17.0,11.0
2022-12-23T03:00:00Z,0.85,39.0,17.0,11.0
2022-12-23T04:00:00Z,0.81,39.0,16.0,10.0
2022-12-23T05:00:00Z,0.83,40.0,12.0,10.0
2022-12-23T06:00:00Z,0.9,42.0,11.0,10.0
2022-12-23T07:00:00Z,0.94,46.0,6.0,12.0
2022-12-23T08:00:00Z,1.05,48.0,7.0,13.0
2022-12-23T09:00:00Z,1.11,45.0,12.0,15.0
2022-12-23T10:00:00Z,1.15,43.0,26.0,17.0
2022-12-23T11:00:00Z,1.02,35.0,40.0,15.0
2022-12-23T12:00:00Z,0.93,26.0,52.0,13.0
2022-12-23T13:00:00Z,0.75,21.0,61.0,12.0
2022-12-23T14:00:00Z,0.69,15.0,71.0,10.0
2022-12-23T15:00:00Z,0.66,15.0,75.0,10.0
2022-12-23T16:00:00Z,0.69,17.0,75.0,11.0
2022-12-23T17:00:00Z,0.74,24.0,65.0,11.0
2022-12-23T18:00:00Z,0.82,44.0,40.0,11.0
2022-12-23T19:00:00Z,0.98,54.0,31.0,13.0
2022-12-23T20:00:00Z,1.02,50.0,31.0,14.0
2022-12-23T21:00:00Z,1.0,48.0,33.0,14.0
2022-12-23T22:00:00Z,0.99,47.0,31.0,14.0
2022-12-23T23:00:00Z,1.02,44.0,28.0,15.0
2022-12-24T00:00:00Z,1.08,48.0,23.0,16.0
2022-12-24T01:00:00Z,1.04,48.0,19.0,19.0
2022-12-24T02:00:00Z,1.02,49.0,16.0,20.0
2022-12-24T03:00:00Z,0.95,38.0,25.0,17.0
2022-12-24T04:00:00Z,0.86,28.0,36.0,15.0
2022-12-24T05:00:00Z,0.84,24.0,40.0,13.0
2022-12-24T06:00:00Z,0.88,25.0,37.0,14.0
2022-12-24T07:00:00Z,0.85,31.0,29.0,13.0
2022-12-24T08:00:00Z,0.96,39.0,21.0,15.0
2022-12-24T09:00:00Z,1.02,31.0,33.0,16.0
2022-12-24T10:00:00Z,0.89,25.0,44.0,15.0
2022-12-24T11:00:00Z,0.81,20.0,54.0,12.0
2022-12-24T12:00:00Z,0.79,17.0,61.0,11.0
2022-12-24T13:00:00Z,0.79,15.0,67.0,11.0
2022-12-24T14:00:00Z,0.74,15.0,70.0,11.0
2022-12-24T16:00:00Z,0.77,19.0,69.0,11.0
2022-12-24T17:00:00Z,0.76,24.0,61.0,11.0
2022-12-24T18:00:00Z,0.85,36.0,45.0,12.0
2022-12-24T19:00:00Z,0.95,42.0,36.0,14.0
2022-12-24T20:00:00Z,0.97,48.0,28.0,14.0
2022-12-24T21:00:00Z,1.01,51.0,25.0,14.0
2022-12-24T22:00:00Z,1.01,55.0,19.0,14.0
2022-12-24T23:00:00Z,1.04,59.0,13.0,14.0
2022-12-25T00:00:00Z,1.05,59.0,11.0,14.0
2022-12-25T01:00:00Z,1.0,57.0,11.0,15.0
2022-12-25T02:00:00Z,1.02,56.0,10.0,15.0
2022-12-25T03:00:00Z,1.02,53.0,10.0,15.0
2022-12-25T04:00:00Z,1.05,53.0,9.0,15.0
2022-12-25T05:00:00Z,1.09,56.0,7.0,16.0
2022-12-25T06:00:00Z,1.13,56.0,6.0,15.0
2022-12-25T07:00:00Z,1.2,56.0,7.0,17.0
2022-12-25T08:00:00Z,1.26,56.0,7.0,16.0
2022-12-25T09:00:00Z,1.32,54.0,14.0,18.0
2022-12-25T10:00:00Z,1.24,46.0,29.0,21.0
2022-12-25T11:00:00Z,1.13,35.0,47.0,20.0
2022-12-25T12:00:00Z,1.02,30.0,57.0,19.0
2022-12-25T13:00:00Z,0.98,28.0,65.0,17.0
2022-12-25T14:00:00Z,0.93,25.0,72.0,15.0
2022-12-25T15:00:00Z,0.91,25.0,76.0,15.0
2022-12-25T16:00:00Z,0.91,28.0,75.0,16.0
2022-12-25T17:00:00Z,0.94,36.0,65.0,15.0
2022-12-25T18:00:00Z,1.01,54.0,41.0,15.0
2022-12-25T19:00:00Z,1.15,68.0,24.0,15.0
2022-12-25T20:00:00Z,1.18,75.0,15.0,17.0
2022-12-25T21:00:00Z,1.29,82.0,8.0,17.0
2022-12-25T22:00:00Z,1.34,83.0,5.0,17.0
2022-12-25T23:00:00Z,1.36,81.0,5.0,16.0
2022-12-26T00:00:00Z,1.38,82.0,6.0,17.0
2022-12-26T01:00:00Z,1.33,78.0,8.0,16.0
2022-12-26T02:00:00Z,1.26,74.0,9.0,16.0
2022-12-26T03:00:00Z,1.24,67.0,13.0,16.0
2022-12-26T04:00:00Z,1.1,39.0,34.0,13.0
2022-12-26T05:00:00Z,0.93,21.0,52.0,12.0
2022-12-26T06:00:00Z,0.9,21.0,51.0,11.0
2022-12-26T07:00:00Z,0.91,19.0,51.0,9.0
2022-12-26T08:00:00Z,0.91,20.0,48.0,8.0
2022-12-26T09:00:00Z,0.93,20.0,47.0,7.0
2022-12-26T10:00:00Z,0.94,26.0,41.0,7.0
2022-12-26T11:00:00Z,0.98,31.0,37.0,8.0
2022-12-26T12:00:00Z,0.99,32.0,35.0,8.0
2022-12-26T13:00:00Z,1.0,29.0,37.0,8.0
2022-12-26T14:00:00Z,0.97,28.0,42.0,8.0
2022-12-26T15:00:00Z,0.99,27.0,47.0,8.0
2022-12-26T16:00:00Z,0.94,25.0,52.0,8.0
2022-12-26T17:00:00Z,0.91,27.0,51.0,8.0
2022-12-26T18:00:00Z,0.92,25.0,53.0,8.0
2022-12-26T19:00:00Z,0.93,29.0,45.0,8.0
2022-12-26T20:00:00Z,0.96,35.0,36.0,7.0
2022-12-26T21:00:00Z,1.05,41.0,25.0,7.0
2022-12-26T22:00:00Z,1.09,48.0,16.0,7.0
2022-12-26T23:00:00Z,1.09,47.0,13.0,7.0
2022-12-27T00:00:00Z,1.09,45.0,14.0,7.0
2022-12-27T01:00:00Z,1.1,44.0,14.0,7.0
2022-12-27T02:00:00Z,1.05,42.0,15.0,7.0
2022-12-27T03:00:00Z,1.01,41.0,15.0,7.0
2022-12-27T04:00:00Z,1.04,37.0,20.0,7.0
2022-12-27T05:00:00Z,1.02,37.0,22.0,7.0
2022-12-27T06:00:00Z,1.0,33.0,27.0,7.0
2022-12-27T07:00:00Z,1.0,34.0,24.0,8.0
2022-12-27T08:00:00Z,1.1,40.0,16.0,7.0
2022-12-27T09:00:00Z,1.21,41.0,19.0,8.0
2022-12-27T10:00:00Z,1.25,41.0,27.0,9.0
2022-12-27T11:00:00Z,1.11,33.0,41.0,9.0
2022-12-27T12:00:00Z,1.06,26.0,48.0,7.0
2022-12-27T13:00:00Z,1.1,24.0,51.0,7.0
2022-12-27T14:00:00Z,1.05,22.0,55.0,7.0
2022-12-27T15:00:00Z,1.05,22.0,54.0,6.0
2022-12-27T16:00:00Z,1.08,22.0,54.0,6.0
2022-12-27T17:00:00Z,1.05,24.0,52.0,6.0
2022-12-27T18:00:00Z,1.06,24.0,48.0,6.0
2022-12-27T19:00:00Z,1.08,25.0,43.0,6.0
2022-12-27T20:00:00Z,1.1,27.0,36.0,6.0
2022-12-27T21:00:00Z,1.11,30.0,31.0,6.0
2022-12-27T22:00:00Z,1.14,31.0,28.0,6.0
2022-12-27T23:00:00Z,1.15,32.0,25.0,6.0
2022-12-28T00:00:00Z,1.19,34.0,19.0,7.0
2022-12-28T01:00:00Z,1.24,38.0,13.0,7.0
2022-12-28T02:00:00Z,1.27,42.0,9.0,7.0
2022-12-28T03:00:00Z,1.34,43.0,7.0,7.0
2022-12-28T04:00:00Z,1.39,43.0,7.0,7.0
2022-12-28T05:00:00Z,1.4,46.0,4.0,7.0
2022-12-28T06:00:00Z,1.49,46.0,4.0,7.0
2022-12-28T07:00:00Z,1.55,47.0,4.0,7.0
2022-12-28T08:00:00Z,1.65,44.0,5.0,7.0
2022-12-28T09:00:00Z,1.83,45.0,7.0,8.0
2022-12-28T10:00:00Z,1.83,48.0,12.0,10.0
2022-12-28T11:00:00Z,1.45,45.0,28.0,11.0
2022-12-28T12:00:00Z,1.23,42.0,40.0,11.0
2022-12-28T13:00:00Z,1.16,41.0,49.0,11.0
2022-12-28T14:00:00Z,1.09,34.0,65.0,11.0
2022-12-28T15:00:00Z,1.06,37.0,66.0,10.0
2022-12-28T16:00:00Z,1.0,38.0,66.0,10.0
2022-12-28T17:00:00Z,0.99,44.0,55.0,10.0
2022-12-28T18:00:00Z,1.09,57.0,40.0,10.0
2022-12-28T19:00:00Z,1.38,76.0,17.0,10.0
2022-12-28T20:00:00Z,1.45,78.0,12.0,10.0
2022-12-28T21:00:00Z,1.44,78.0,10.0,10.0
2022-12-28T22:00:00Z,1.47,78.0,9.0,10.0
2022-12-28T23:00:00Z,1.46,75.0,10.0,10.0
2022-12-29T00:00:00Z,1.41,70.0,10.0,9.0
2022-12-29T01:00:00Z,1.39,68.0,11.0,9.0
2022-12-29T02:00:00Z,1.34,65.0,13.0,9.0
2022-12-29T03:00:00Z,1.38,65.0,9.0,9.0
2022-12-29T04:00:00Z,1.44,69.0,5.0,10.0
2022-12-29T05:00:00Z,1.46,67.0,6.0,10.0
2022-12-29T06:00:00Z,1.49,68.0,7.0,10.0
2022-12-29T07:00:00Z,1.55,72.0,6.0,10.0
2022-12-29T08:00:00Z,1.63,73.0,7.0,10.0
2022-12-29T09:00:00Z,1.75,79.0,6.0,12.0
2022-12-29T10:00:00Z,1.77,80.0,11.0,13.0
2022-12-29T11:00:00Z,1.64,77.0,31.0,15.0
2022-12-29T12:00:00Z,1.46,58.0,49.0,15.0
2022-12-29T13:00:00Z,1.3,43.0,76.0,14.0
2022-12-29T14:00:00Z,1.18,39.0,83.0,14.0
2022-12-29T15:00:00Z,1.1,39.0,89.0,13.0
2022-12-29T16:00:00Z,1.11,38.0,88.0,13.0
2022-12-29T17:00:00Z,1.13,46.0,80.0,12.0
2022-12-29T18:00:00Z,1.27,68.0,50.0,12.0
2022-12-29T19:00:00Z,1.4,80.0,30.0,11.0
2022-12-29T20:00:00Z,1.5,81.0,25.0,11.0
2022-12-29T21:00:00Z,1.51,85.0,16.0,11.0
2022-12-29T22:00:00Z,1.57,84.0,11.0,10.0
2022-12-29T23:00:00Z,1.56,81.0,11.0,10.0
2022-12-30T00:00:00Z,1.65,80.0,9.0,9.0
2022-12-30T01:00:00Z,1.65,79.0,7.0,8.0
2022-12-30T02:00:00Z,1.59,74.0,10.0,8.0
2022-12-30T03:00:00Z,1.65,75.0,10.0,9.0
2022-12-30T04:00:00Z,1.71,76.0,8.0,9.0
2022-12-30T05:00:00Z,1.63,75.0,5.0,9.0
2022-12-30T06:00:00Z,1.7,75.0,7.0,9.0
2022-12-30T07:00:00Z,1.76,75.0,5.0,9.0
2022-12-30T08:00:00Z,1.86,81.0,9.0,10.0
2022-12-30T09:00:00Z,2.06,91.0,9.0,13.0
2022-12-30T10:00:00Z,1.96,92.0,10.0,16.0
2022-12-30T11:00:00Z,1.71,89.0,19.0,17.0
2022-12-30T12:00:00Z,1.49,70.0,39.0,17.0
2022-12-30T13:00:00Z,1.32,49.0,70.0,15.0
2022-12-30T14:00:00Z,1.25,39.0,93.0,13.0
2022-12-30T15:00:00Z,1.1,29.0,111.0,12.0
2022-12-30T16:00:00Z,1.07,29.0,113.0,12.0
2022-12-30T17:00:00Z,1.03,33.0,105.0,12.0
2022-12-30T18:00:00Z,1.16,49.0,80.0,12.0
2022-12-30T19:00:00Z,1.34,77.0,47.0,12.0
2022-12-30T20:00:00Z,1.55,96.0,27.0,14.0
2022-12-30T21:00:00Z,1.51,94.0,21.0,13.0
2022-12-30T22:00:00Z,1.5,89.0,21.0,13.0
2022-12-30T23:00:00Z,1.51,86.0,20.0,12.0
2022-12-31T00:00:00Z,1.5,82.0,17.0,12.0
2022-12-31T01:00:00Z,1.44,79.0,18.0,11.0
2022-12-31T02:00:00Z,1.45,80.0,15.0,11.0
2022-12-31T03:00:00Z,1.44,77.0,18.0,11.0
2022-12-31T04:00:00Z,1.44,71.0,23.0,11.0
2022-12-31T05:00:00Z,1.39,69.0,24.0,11.0
2022-12-31T06:00:00Z,1.38,73.0,18.0,11.0
2022-12-31T07:00:00Z,1.4,71.0,17.0,10.0
2022-12-31T08:00:00Z,1.4,71.0,13.0,10.0
2022-12-31T09:00:00Z,1.49,68.0,16.0,11.0
2022-12-31T10:00:00Z,1.41,65.0,29.0,13.0
2022-12-31T11:00:00Z,1.35,61.0,45.0,14.0
2022-12-31T12:00:00Z,1.29,54.0,64.0,17.0
2022-12-31T13:00:00Z,1.2,48.0,79.0,17.0
2022-12-31T14:00:00Z,1.13,44.0,90.0,16.0
2022-12-31T15:00:00Z,1.25,43.0,97.0,17.0
2022-12-31T16:00:00Z,1.25,47.0,97.0,16.0
2022-12-31T17:00:00Z,1.13,45.0,100.0,14.0
2022-12-31T18:00:00Z,1.23,56.0,82.0,14.0
2022-12-31T19:00:00Z,1.6,82.0,46.0,14.0
2022-12-31T20:00:00Z,1.9,100.0,23.0,14.0
2022-12-31T21:00:00Z,1.73,92.0,25.0,17.0
2022-12-31T22:00:00Z,1.89,97.0,14.0,15.0
2022-12-31T23:00:00Z,2.0,99.0,13.0,14.0
2023-01-01T00:00:00Z,1.91,92.0,18.0,15.0
2023-01-01T01:00:00Z,1.93,89.0,13.0,14.0
2023-01-01T02:00:00Z,1.93,85.0,12.0,12.0
2023-01-01T03:00:00Z,1.84,85.0,11.0,11.0
2023-01-01T04:00:00Z,1.87,90.0,9.0,12.0
2023-01-01T05:00:00Z,1.94,88.0,11.0,12.0
2023-01-01T06:00:00Z,1.99,91.0,12.0,13.0
2023-01-01T07:00:00Z,1.91,99.0,15.0,15.0
2023-01-01T08:00:00Z,1.67,84.0,11.0,18.0
2023-01-01T09:00:00Z,1.69,74.0,16.0,20.0
2023-01-01T10:00:00Z,1.7,64.0,30.0,23.0
2023-01-01T11:00:00Z,1.84,52.0,60.0,24.0
2023-01-01T12:00:00Z,1.86,49.0,81.0,25.0
2023-01-01T13:00:00Z,1.73,47.0,100.0,23.0
2023-01-01T14:00:00Z,1.63,43.0,116.0,21.0
2023-01-01T15:00:00Z,1.57,42.0,124.0,20.0
2023-01-01T16:00:00Z,1.5,41.0,125.0,20.0
2023-01-01T17:00:00Z,1.56,52.0,109.0,21.0
2023-01-01T18:00:00Z,1.64,66.0,84.0,22.0
2023-01-01T19:00:00Z,1.65,70.0,68.0,21.0
2023-01-01T20:00:00Z,1.66,73.0,52.0,20.0
2023-01-01T21:00:00Z,1.59,72.0,39.0,21.0
2023-01-01T22:00:00Z,1.46,59.0,34.0,18.0
2023-01-01T23:00:00Z,1.3,50.0,32.0,15.0
2023-01-02T00:00:00Z,1.24,47.0,32.0,13.0
2023-01-02T01:00:00Z,1.24,44.0,31.0,13.0
2023-01-02T02:00:00Z,1.19,47.0,29.0,12.0
2023-01-02T03:00:00Z,1.2,46.0,26.0,12.0
2023-01-02T04:00:00Z,1.22,48.0,23.0,12.0
2023-01-02T05:00:00Z,1.25,47.0,21.0,13.0
2023-01-02T06:00:00Z,1.27,48.0,21.0,17.0
2023-01-02T07:00:00Z,1.3,51.0,17.0,17.0
2023-01-02T08:00:00Z,1.46,54.0,16.0,17.0
2023-01-02T09:00:00Z,1.63,54.0,17.0,17.0
2023-01-02T10:00:00Z,1.75,51.0,27.0,18.0
2023-01-02T11:00:00Z,1.54,43.0,44.0,17.0
2023-01-02T12:00:00Z,1.2,30.0,64.0,14.0
2023-01-02T13:00:00Z,1.01,23.0,76.0,13.0
2023-01-02T14:00:00Z,0.96,22.0,80.0,11.0
2023-01-02T15:00:00Z,0.9,24.0,81.0,11.0
2023-01-02T16:00:00Z,0.93,29.0,78.0,11.0
2023-01-02T17:00:00Z,0.95,36.0,72.0,12.0
2023-01-02T18:00:00Z,1.06,56.0,47.0,11.0
2023-01-02T19:00:00Z,1.25,66.0,32.0,12.0
2023-01-02T20:00:00Z,1.36,77.0,17.0,14.0
2023-01-02T21:00:00Z,1.55,81.0,11.0,14.0
2023-01-02T22:00:00Z,1.45,75.0,12.0,13.0
2023-01-02T23:00:00Z,1.51,79.0,7.0,13.0
2023-01-03T00:00:00Z,1.45,75.0,9.0,12.0
2023-01-03T01:00:00Z,1.46,74.0,10.0,12.0
2023-01-03T02:00:00Z,1.51,74.0,11.0,12.0
2023-01-03T03:00:00Z,1.52,74.0,6.0,11.0
2023-01-03T04:00:00Z,1.5,71.0,4.0,10.0
2023-01-03T05:00:00Z,1.49,67.0,4.0,10.0
2023-01-03T06:00:00Z,1.5,65.0,4.0,9.0
2023-01-03T07:00:00Z,1.59,66.0,5.0,12.0
2023-01-03T08:00:00Z,1.77,70.0,5.0,15.0
2023-01-03T09:00:00Z,1.95,72.0,8.0,14.0
2023-01-03T10:00:00Z,1.66,73.0,12.0,15.0
2023-01-03T11:00:00Z,1.32,60.0,32.0,16.0
2023-01-03T12:00:00Z,1.1,41.0,60.0,14.0
2023-01-03T13:00:00Z,0.97,27.0,83.0,14.0
2023-01-03T14:00:00Z,0.95,26.0,91.0,13.0
2023-01-03T15:00:00Z,0.96,25.0,94.0,13.0
2023-01-03T16:00:00Z,0.89,26.0,93.0,13.0
2023-01-03T17:00:00Z,0.81,32.0,81.0,12.0
2023-01-03T18:00:00Z,0.91,45.0,64.0,11.0
2023-01-03T19:00:00Z,1.05,62.0,42.0,11.0
2023-01-03T20:00:00Z,1.16,66.0,33.0,13.0
2023-01-03T21:00:00Z,1.25,70.0,27.0,13.0
2023-01-03T22:00:00Z,1.29,71.0,26.0,13.0
2023-01-03T23:00:00Z,1.17,63.0,26.0,12.0
2023-01-04T00:00:00Z,1.25,66.0,23.0,12.0
2023-01-04T01:00:00Z,1.25,67.0,19.0,11.0
2023-01-04T02:00:00Z,1.18,66.0,16.0,10.0
2023-01-04T03:00:00Z,1.16,64.0,13.0,10.0
2023-01-04T04:00:00Z,1.14,63.0,14.0,10.0
2023-01-04T05:00:00Z,1.13,60.0,15.0,9.0
2023-01-04T06:00:00Z,1.13,59.0,13.0,9.0
2023-01-04T07:00:00Z,1.21,60.0,12.0,10.0
2023-01-04T08:00:00Z,1.31,63.0,8.0,9.0
2023-01-04T09:00:00Z,1.41,64.0,8.0,11.0
2023-01-04T10:00:00Z,1.32,61.0,18.0,12.0
2023-01-04T11:00:00Z,1.27,53.0,36.0,12.0
2023-01-04T12:00:00Z,1.19,45.0,61.0,13.0
2023-01-04T13:00:00Z,1.19,41.0,80.0,13.0
2023-01-04T14:00:00Z,1.11,38.0,98.0,13.0
2023-01-04T15:00:00Z,1.04,30.0,111.0,11.0
2023-01-04T16:00:00Z,0.96,29.0,111.0,11.0
2023-01-04T17:00:00Z,0.98,42.0,88.0,11.0
2023-01-04T18:00:00Z,1.14,72.0,53.0,11.0
2023-01-04T19:00:00Z,1.26,87.0,35.0,12.0
2023-01-04T20:00:00Z,1.3,91.0,25.0,12.0
2023-01-04T22:00:00Z,1.39,94.0,14.0,13.0
2023-01-04T23:00:00Z,1.33,86.0,17.0,12.0
2023-01-05T00:00:00Z,1.3,84.0,19.0,12.0
2023-01-05T01:00:00Z,1.29,81.0,18.0,11.0
2023-01-05T02:00:00Z,1.34,84.0,14.0,10.0
2023-01-05T03:00:00Z,1.34,82.0,13.0,10.0
2023-01-05T04:00:00Z,1.35,82.0,10.0,11.0
2023-01-05T05:00:00Z,1.32,78.0,13.0,11.0
2023-01-05T06:00:00Z,1.32,80.0,11.0,11.0
2023-01-05T07:00:00Z,1.36,82.0,10.0,12.0
2023-01-05T08:00:00Z,1.49,81.0,8.0,13.0
2023-01-05T09:00:00Z,1.69,80.0,9.0,15.0
2023-01-05T10:00:00Z,1.69,85.0,14.0,17.0
2023-01-05T11:00:00Z,1.54,86.0,26.0,17.0
2023-01-05T12:00:00Z,1.38,85.0,49.0,16.0
2023-01-05T13:00:00Z,1.24,64.0,77.0,16.0
2023-01-05T14:00:00Z,1.1,55.0,100.0,17.0
2023-01-05T15:00:00Z,1.04,50.0,111.0,16.0
2023-01-05T16:00:00Z,1.0,46.0,119.0,15.0
2023-01-05T17:00:00Z,0.98,51.0,111.0,14.0
2023-01-05T18:00:00Z,1.11,68.0,85.0,13.0
2023-01-05T19:00:00Z,1.4,103.0,42.0,13.0
2023-01-05T20:00:00Z,1.55,103.0,38.0,17.0
2023-01-05T21:00:00Z,1.48,97.0,37.0,14.0
2023-01-05T22:00:00Z,1.51,98.0,25.0,13.0
2023-01-05T23:00:00Z,1.55,95.0,24.0,12.0
2023-01-06T00:00:00Z,1.51,88.0,30.0,11.0
2023-01-06T01:00:00Z,1.46,85.0,22.0,10.0
2023-01-06T02:00:00Z,1.4,83.0,23.0,11.0
2023-01-06T03:00:00Z,1.35,76.0,26.0,10.0
2023-01-06T04:00:00Z,1.36,76.0,26.0,12.0
2023-01-06T05:00:00Z,1.36,73.0,33.0,13.0
2023-01-06T06:00:00Z,1.38,73.0,35.0,12.0
2023-01-06T07:00:00Z,1.4,71.0,34.0,11.0
2023-01-06T08:00:00Z,1.48,63.0,41.0,9.0
2023-01-06T09:00:00Z,1.61,56.0,50.0,12.0
2023-01-06T10:00:00Z,1.61,39.0,64.0,12.0
2023-01-06T11:00:00Z,1.55,33.0,75.0,11.0
2023-01-06T12:00:00Z,1.55,32.0,83.0,11.0
2023-01-06T13:00:00Z,1.43,29.0,95.0,12.0
2023-01-06T14:00:00Z,1.25,26.0,105.0,35.0
2023-01-06T15:00:00Z,1.17,26.0,109.0,12.0
2023-01-06T16:00:00Z,1.13,27.0,110.0,11.0
2023-01-06T17:00:00Z,1.16,32.0,102.0,12.0
2023-01-06T18:00:00Z,1.32,49.0,78.0,12.0
2023-01-06T19:00:00Z,1.49,65.0,57.0,13.0
2023-01-06T20:00:00Z,1.66,79.0,35.0,12.0
2023-01-06T21:00:00Z,1.72,88.0,21.0,13.0
2023-01-06T22:00:00Z,1.8,89.0,17.0,14.0
2023-01-06T23:00:00Z,1.7,85.0,22.0,13.0
2023-01-07T00:00:00Z,1.66,77.0,24.0,12.0
2023-01-07T01:00:00Z,1.6,75.0,27.0,12.0
2023-01-07T02:00:00Z,1.55,73.0,25.0,11.0
2023-01-07T03:00:00Z,1.51,69.0,24.0,12.0
2023-01-07T04:00:00Z,1.53,73.0,15.0,11.0
2023-01-07T05:00:00Z,1.6,79.0,9.0,11.0
2023-01-07T06:00:00Z,1.61,83.0,7.0,11.0
2023-01-07T07:00:00Z,1.61,81.0,6.0,11.0
2023-01-07T08:00:00Z,1.72,77.0,5.0,11.0
2023-01-07T09:00:00Z,1.9,77.0,8.0,14.0
2023-01-07T10:00:00Z,1.68,70.0,17.0,14.0
2023-01-07T11:00:00Z,1.59,69.0,30.0,14.0
2023-01-07T12:00:00Z,1.47,67.0,46.0,13.0
2023-01-07T13:00:00Z,1.41,54.0,73.0,12.0
2023-01-07T14:00:00Z,1.27,40.0,98.0,12.0
2023-01-07T15:00:00Z,1.19,32.0,116.0,11.0
2023-01-07T16:00:00Z,1.15,33.0,120.0,11.0
2023-01-07T17:00:00Z,1.2,39.0,109.0,12.0
2023-01-07T18:00:00Z,1.29,62.0,77.0,12.0
2023-01-07T19:00:00Z,1.34,64.0,65.0,12.0
2023-01-07T20:00:00Z,1.38,65.0,58.0,13.0
2023-01-07T21:00:00Z,1.43,72.0,44.0,13.0
2023-01-07T22:00:00Z,1.39,67.0,43.0,12.0
2023-01-08T00:00:00Z,1.32,52.0,47.0,12.0
2023-01-08T01:00:00Z,1.26,47.0,48.0,11.0
2023-01-08T02:00:00Z,1.26,48.0,43.0,10.0
2023-01-08T03:00:00Z,1.25,51.0,37.0,10.0
2023-01-08T04:00:00Z,1.25,49.0,36.0,9.0
2023-01-08T05:00:00Z,1.29,56.0,25.0,9.0
2023-01-08T06:00:00Z,1.3,62.0,16.0,9.0
2023-01-08T07:00:00Z,1.42,69.0,8.0,9.0
2023-01-08T09:00:00Z,1.61,68.0,9.0,11.0
2023-01-08T10:00:00Z,1.57,72.0,17.0,13.0
2023-01-08T11:00:00Z,1.5,77.0,26.0,13.0
2023-01-08T12:00:00Z,1.41,74.0,45.0,14.0
2023-01-08T13:00:00Z,1.2,42.0,95.0,13.0
2023-01-08T14:00:00Z,1.1,31.0,115.0,12.0
2023-01-08T15:00:00Z,1.11,27.0,127.0,12.0
2023-01-08T16:00:00Z,1.11,30.0,130.0,13.0
2023-01-08T17:00:00Z,1.17,36.0,119.0,13.0
2023-01-08T18:00:00Z,1.37,69.0,70.0,13.0
2023-01-08T19:00:00Z,1.57,83.0,45.0,13.0
2023-01-08T20:00:00Z,1.62,70.0,51.0,13.0
2023-01-08T21:00:00Z,1.7,72.0,44.0,13.0
2023-01-08T22:00:00Z,1.73,78.0,32.0,13.0
2023-01-08T23:00:00Z,1.72,81.0,28.0,12.0
2023-01-09T00:00:00Z,1.71,82.0,20.0,12.0
2023-01-09T01:00:00Z,1.74,79.0,20.0,13.0
2023-01-09T02:00:00Z,1.83,87.0,16.0,15.0
2023-01-09T03:00:00Z,1.82,82.0,20.0,19.0
2023-01-09T04:00:00Z,1.81,67.0,31.0,20.0
2023-01-09T05:00:00Z,1.7,55.0,36.0,20.0
2023-01-09T06:00:00Z,1.6,51.0,36.0,21.0
2023-01-09T07:00:00Z,1.52,51.0,34.0,20.0
2023-01-09T08:00:00Z,1.49,51.0,36.0,20.0
2023-01-09T09:00:00Z,1.51,48.0,42.0,19.0
2023-01-09T10:00:00Z,1.55,42.0,49.0,19.0
2023-01-09T11:00:00Z,1.5,36.0,60.0,17.0
2023-01-09T12:00:00Z,1.4,32.0,75.0,16.0
2023-01-09T13:00:00Z,1.31,30.0,86.0,14.0
2023-01-09T14:00:00Z,1.19,27.0,90.0,12.0
2023-01-09T15:00:00Z,1.1,27.0,88.0,11.0
2023-01-09T16:00:00Z,1.09,28.0,87.0,10.0
2023-01-09T17:00:00Z,1.11,30.0,83.0,10.0
2023-01-09T18:00:00Z,1.15,36.0,69.0,10.0
2023-01-09T19:00:00Z,1.28,41.0,57.0,11.0
2023-01-09T20:00:00Z,1.26,43.0,47.0,11.0
2023-01-09T21:00:00Z,1.27,42.0,43.0,11.0
2023-01-09T22:00:00Z,1.29,41.0,39.0,10.0
2023-01-09T23:00:00Z,1.3,42.0,35.0,11.0
2023-01-10T00:00:00Z,1.18,37.0,37.0,10.0
2023-01-10T01:00:00Z,1.02,31.0,38.0,11.0
2023-01-10T02:00:00Z,0.91,30.0,35.0,11.0
2023-01-10T03:00:00Z,0.9,31.0,33.0,12.0
2023-01-10T04:00:00Z,0.9,33.0,30.0,12.0
2023-01-10T05:00:00Z,0.95,38.0,23.0,11.0
2023-01-10T06:00:00Z,0.97,40.0,21.0,11.0
2023-01-10T07:00:00Z,0.94,39.0,22.0,10.0
2023-01-10T08:00:00Z,0.99,39.0,22.0,10.0
2023-01-10T09:00:00Z,1.0,38.0,27.0,11.0
2023-01-10T10:00:00Z,1.01,30.0,41.0,12.0
2023-01-10T11:00:00Z,1.03,27.0,49.0,12.0
2023-01-10T12:00:00Z,0.89,19.0,67.0,11.0
2023-01-10T13:00:00Z,0.89,17.0,75.0,10.0
2023-01-10T14:00:00Z,0.83,16.0,82.0,10.0
2023-01-10T15:00:00Z,0.77,16.0,81.0,10.0
2023-01-10T16:00:00Z,0.78,21.0,79.0,10.0
2023-01-10T17:00:00Z,0.78,27.0,71.0,10.0
2023-01-10T18:00:00Z,0.86,39.0,55.0,10.0
2023-01-10T19:00:00Z,0.97,50.0,41.0,12.0
2023-01-10T20:00:00Z,0.96,52.0,35.0,10.0
2023-01-10T21:00:00Z,1.0,55.0,29.0,10.0
2023-01-10T22:00:00Z,1.0,55.0,27.0,10.0
2023-01-10T23:00:00Z,1.0,57.0,21.0,10.0
2023-01-11T00:00:00Z,1.01,57.0,14.0,9.0
2023-01-11T01:00:00Z,0.98,50.0,13.0,8.0
2023-01-11T02:00:00Z,0.96,45.0,15.0,7.0
2023-01-11T03:00:00Z,0.93,40.0,17.0,7.0
2023-01-11T04:00:00Z,0.9,40.0,14.0,7.0
2023-01-11T05:00:00Z,0.93,40.0,12.0,7.0
2023-01-11T06:00:00Z,0.88,40.0,11.0,7.0
2023-01-11T07:00:00Z,0.92,41.0,8.0,7.0
2023-01-11T08:00:00Z,0.92,40.0,10.0,7.0
2023-01-11T09:00:00Z,0.99,36.0,13.0,7.0
2023-01-11T10:00:00Z,1.01,33.0,19.0,7.0
2023-01-11T11:00:00Z,0.99,29.0,31.0,7.0
2023-01-11T12:00:00Z,1.0,27.0,45.0,9.0
2023-01-11T13:00:00Z,0.91,21.0,67.0,9.0
2023-01-11T14:00:00Z,0.85,18.0,86.0,9.0
2023-01-11T15:00:00Z,0.79,18.0,96.0,9.0
2023-01-11T16:00:00Z,0.76,20.0,96.0,9.0
2023-01-11T17:00:00Z,0.75,25.0,92.0,9.0
2023-01-11T18:00:00Z,0.84,44.0,68.0,8.0
2023-01-11T19:00:00Z,0.91,47.0,58.0,9.0
2023-01-11T20:00:00Z,0.95,41.0,59.0,9.0
2023-01-11T21:00:00Z,0.96,39.0,55.0,9.0
2023-01-11T22:00:00Z,1.01,51.0,36.0,9.0
2023-01-11T23:00:00Z,1.04,54.0,27.0,8.0
2023-01-12T00:00:00Z,1.04,52.0,22.0,8.0
2023-01-12T01:00:00Z,1.04,47.0,21.0,8.0
2023-01-12T02:00:00Z,1.04,46.0,18.0,8.0
2023-01-12T03:00:00Z,1.04,43.0,14.0,8.0
2023-01-12T04:00:00Z,1.03,40.0,11.0,7.0
2023-01-12T05:00:00Z,1.03,35.0,11.0,6.0
2023-01-12T06:00:00Z,1.04,31.0,10.0,6.0
2023-01-12T07:00:00Z,1.07,32.0,8.0,7.0
2023-01-12T08:00:00Z,1.1,31.0,7.0,7.0
2023-01-12T09:00:00Z,1.14,29.0,9.0,7.0
2023-01-12T10:00:00Z,1.15,28.0,11.0,7.0
2023-01-12T11:00:00Z,1.13,29.0,14.0,7.0
2023-01-12T12:00:00Z,1.1,34.0,14.0,7.0
2023-01-12T13:00:00Z,1.13,35.0,14.0,8.0
2023-01-12T14:00:00Z,1.13,40.0,11.0,8.0
2023-01-12T15:00:00Z,1.13,43.0,6.0,7.0
2023-01-12T16:00:00Z,1.11,44.0,7.0,7.0
2023-01-12T17:00:00Z,1.15,47.0,7.0,7.0
2023-01-12T18:00:00Z,1.16,49.0,6.0,7.0
2023-01-12T19:00:00Z,1.2,45.0,6.0,7.0
2023-01-12T20:00:00Z,1.2,42.0,6.0,7.0
2023-01-12T21:00:00Z,1.15,40.0,4.0,7.0
2023-01-12T22:00:00Z,1.15,41.0,3.0,7.0
2023-01-12T23:00:00Z,1.13,40.0,2.0,7.0
2023-01-13T00:00:00Z,1.13,39.0,2.0,7.0
2023-01-13T01:00:00Z,1.14,38.0,2.0,6.0
2023-01-13T02:00:00Z,1.25,37.0,2.0,6.0
2023-01-13T03:00:00Z,1.34,39.0,2.0,6.0
2023-01-13T04:00:00Z,1.29,39.0,2.0,6.0
2023-01-13T05:00:00Z,1.34,39.0,3.0,6.0
2023-01-13T06:00:00Z,1.35,41.0,2.0,6.0
2023-01-13T07:00:00Z,1.41,41.0,2.0,6.0
2023-01-13T08:00:00Z,1.49,39.0,3.0,7.0
2023-01-13T09:00:00Z,1.55,37.0,3.0,6.0
2023-01-13T10:00:00Z,1.61,37.0,6.0,7.0
2023-01-13T11:00:00Z,1.6,40.0,7.0,7.0
2023-01-13T12:00:00Z,1.66,43.0,5.0,7.0
2023-01-13T13:00:00Z,1.74,45.0,4.0,7.0
2023-01-13T14:00:00Z,1.9,48.0,5.0,7.0
2023-01-13T15:00:00Z,2.02,51.0,5.0,7.0
2023-01-13T16:00:00Z,2.03,53.0,4.0,7.0
2023-01-13T17:00:00Z,2.1,57.0,4.0,8.0
2023-01-13T18:00:00Z,2.19,63.0,4.0,8.0
2023-01-13T19:00:00Z,2.22,64.0,4.0,9.0
2023-01-13T20:00:00Z,2.21,64.0,4.0,9.0
2023-01-13T21:00:00Z,2.2,63.0,4.0,9.0
2023-01-13T22:00:00Z,2.16,64.0,4.0,9.0
2023-01-13T23:00:00Z,2.02,61.0,5.0,8.0
2023-01-14T00:00:00Z,1.88,57.0,5.0,8.0
2023-01-14T01:00:00Z,1.59,45.0,13.0,7.0
2023-01-14T02:00:00Z,1.2,31.0,16.0,6.0
2023-01-14T03:00:00Z,0.94,18.0,24.0,6.0
2023-01-14T04:00:00Z,0.85,15.0,30.0,5.0
2023-01-14T05:00:00Z,0.79,12.0,35.0,5.0
2023-01-14T06:00:00Z,0.71,10.0,42.0,5.0
2023-01-14T07:00:00Z,0.66,10.0,45.0,5.0
2023-01-14T08:00:00Z,0.64,11.0,45.0,5.0
2023-01-14T09:00:00Z,0.64,13.0,43.0,5.0
2023-01-14T10:00:00Z,0.65,15.0,41.0,5.0
2023-01-14T11:00:00Z,0.69,16.0,41.0,5.0
2023-01-14T12:00:00Z,0.64,16.0,43.0,5.0
2023-01-14T13:00:00Z,0.63,14.0,46.0,5.0
2023-01-14T14:00:00Z,0.63,13.0,52.0,5.0
2023-01-14T15:00:00Z,0.64,13.0,53.0,5.0
2023-01-14T16:00:00Z,0.64,13.0,56.0,6.0
2023-01-14T17:00:00Z,0.64,13.0,59.0,6.0
2023-01-14T18:00:00Z,0.61,14.0,55.0,6.0
2023-01-14T19:00:00Z,0.6,14.0,56.0,7.0
2023-01-14T20:00:00Z,0.65,13.0,55.0,7.0
2023-01-14T22:00:00Z,0.69,15.0,49.0,7.0
2023-01-14T23:00:00Z,0.69,12.0,54.0,6.0
2023-01-15T00:00:00Z,0.75,13.0,52.0,7.0
2023-01-15T01:00:00Z,0.69,11.0,58.0,8.0
2023-01-15T02:00:00Z,0.71,11.0,57.0,7.0
2023-01-15T03:00:00Z,0.75,12.0,52.0,7.0
2023-01-15T04:00:00Z,0.74,15.0,45.0,8.0
2023-01-15T05:00:00Z,0.71,16.0,42.0,8.0
2023-01-15T06:00:00Z,0.66,15.0,41.0,7.0
2023-01-15T07:00:00Z,0.65,17.0,38.0,7.0
2023-01-15T08:00:00Z,0.68,19.0,36.0,7.0
2023-01-15T09:00:00Z,0.7,17.0,41.0,8.0
2023-01-15T10:00:00Z,0.7,15.0,48.0,8.0
2023-01-15T11:00:00Z,0.69,13.0,54.0,9.0
2023-01-15T12:00:00Z,0.66,13.0,60.0,9.0
2023-01-15T13:00:00Z,0.65,11.0,66.0,8.0
2023-01-15T14:00:00Z,0.65,12.0,67.0,8.0
2023-01-15T15:00:00Z,0.63,11.0,68.0,8.0
2023-01-15T16:00:00Z,0.63,12.0,67.0,9.0
2023-01-15T17:00:00Z,0.65,14.0,65.0,9.0
2023-01-15T18:00:00Z,0.67,16.0,62.0,9.0
2023-01-15T19:00:00Z,0.69,17.0,61.0,8.0
2023-01-15T20:00:00Z,0.7,18.0,58.0,9.0
2023-01-15T21:00:00Z,0.74,19.0,55.0,9.0
2023-01-15T22:00:00Z,0.76,18.0,55.0,9.0
2023-01-15T23:00:00Z,0.76,17.0,55.0,9.0
2023-01-16T00:00:00Z,0.75,17.0,54.0,9.0
2023-01-16T01:00:00Z,0.78,17.0,51.0,9.0
2023-01-16T02:00:00Z,0.76,21.0,47.0,9.0
2023-01-16T03:00:00Z,0.78,23.0,43.0,10.0
2023-01-16T04:00:00Z,0.79,24.0,38.0,9.0
2023-01-16T05:00:00Z,0.8,26.0,35.0,8.0
2023-01-16T06:00:00Z,0.84,27.0,30.0,8.0
2023-01-16T07:00:00Z,0.9,36.0,21.0,8.0
2023-01-16T08:00:00Z,0.94,41.0,15.0,7.0
2023-01-16T09:00:00Z,1.05,37.0,25.0,9.0
2023-01-16T10:00:00Z,0.91,28.0,47.0,12.0
2023-01-16T11:00:00Z,0.85,22.0,59.0,12.0
2023-01-16T12:00:00Z,0.75,17.0,68.0,10.0
2023-01-16T13:00:00Z,0.71,16.0,71.0,9.0
2023-01-16T14:00:00Z,0.69,14.0,76.0,8.0
2023-01-16T15:00:00Z,0.66,13.0,78.0,8.0
2023-01-16T16:00:00Z,0.66,11.0,81.0,8.0
2023-01-16T17:00:00Z,0.63,13.0,78.0,8.0
2023-01-16T18:00:00Z,0.69,19.0,71.0,8.0
2023-01-16T19:00:00Z,0.79,24.0,62.0,8.0
2023-01-16T20:00:00Z,0.8,31.0,52.0,8.0
2023-01-16T21:00:00Z,0.82,33.0,46.0,8.0
2023-01-16T22:00:00Z,0.81,29.0,48.0,8.0
2023-01-16T23:00:00Z,0.8,31.0,44.0,9.0
2023-01-17T00:00:00Z,0.83,31.0,42.0,9.0
2023-01-17T01:00:00Z,0.79,30.0,42.0,8.0
2023-01-17T02:00:00Z,0.8,26.0,45.0,8.0
2023-01-17T03:00:00Z,0.8,25.0,45.0,8.0
2023-01-17T04:00:00Z,0.79,25.0,44.0,8.0
2023-01-17T05:00:00Z,0.79,25.0,43.0,8.0
2023-01-17T06:00:00Z,0.79,26.0,42.0,8.0
2023-01-17T07:00:00Z,0.81,27.0,40.0,8.0
2023-01-17T08:00:00Z,0.85,32.0,35.0,8.0
2023-01-17T09:00:00Z,0.91,33.0,38.0,9.0
2023-01-17T10:00:00Z,0.91,28.0,48.0,9.0
2023-01-17T11:00:00Z,0.91,24.0,56.0,9.0
2023-01-17T12:00:00Z,0.86,21.0,65.0,11.0
2023-01-17T13:00:00Z,0.84,20.0,71.0,11.0
2023-01-17T14:00:00Z,0.79,18.0,77.0,11.0
2023-01-17T15:00:00Z,0.81,16.0,81.0,11.0
2023-01-17T16:00:00Z,0.81,16.0,81.0,12.0
2023-01-17T17:00:00Z,0.86,18.0,77.0,11.0
2023-01-17T18:00:00Z,0.91,26.0,66.0,10.0
2023-01-17T19:00:00Z,1.04,39.0,49.0,10.0
2023-01-17T20:00:00Z,1.05,41.0,43.0,11.0
2023-01-17T21:00:00Z,1.1,42.0,37.0,12.0
2023-01-17T22:00:00Z,1.08,37.0,40.0,12.0
2023-01-17T23:00:00Z,1.02,33.0,40.0,12.0
2023-01-18T00:00:00Z,1.05,33.0,35.0,12.0
2023-01-18T01:00:00Z,1.06,36.0,29.0,11.0
2023-01-18T02:00:00Z,1.05,40.0,23.0,11.0
2023-01-18T03:00:00Z,1.02,37.0,25.0,11.0
2023-01-18T04:00:00Z,1.03,34.0,25.0,10.0
2023-01-18T05:00:00Z,1.04,34.0,23.0,9.0
2023-01-18T06:00:00Z,1.06,38.0,17.0,8.0
2023-01-18T07:00:00Z,1.09,39.0,14.0,8.0
2023-01-18T08:00:00Z,1.17,43.0,8.0,8.0
2023-01-18T09:00:00Z,1.27,44.0,12.0,9.0
2023-01-18T10:00:00Z,1.1,40.0,30.0,11.0
2023-01-18T11:00:00Z,1.04,27.0,50.0,14.0
2023-01-18T12:00:00Z,0.99,22.0,66.0,14.0
2023-01-18T13:00:00Z,0.91,18.0,79.0,13.0
2023-01-18T14:00:00Z,0.89,18.0,85.0,13.0
2023-01-18T15:00:00Z,0.83,15.0,86.0,11.0
2023-01-18T16:00:00Z,0.71,13.0,85.0,9.0
2023-01-18T17:00:00Z,0.66,14.0,84.0,8.0
2023-01-18T18:00:00Z,0.75,21.0,75.0,8.0
2023-01-18T19:00:00Z,0.88,35.0,57.0,9.0
2023-01-18T20:00:00Z,0.93,43.0,45.0,9.0
2023-01-18T21:00:00Z,0.96,43.0,41.0,10.0
2023-01-18T22:00:00Z,1.0,41.0,40.0,10.0
2023-01-18T23:00:00Z,0.98,40.0,39.0,10.0
2023-01-19T00:00:00Z,0.95,37.0,40.0,10.0
2023-01-19T01:00:00Z,0.89,32.0,42.0,9.0
2023-01-19T02:00:00Z,0.91,31.0,41.0,9.0
2023-01-19T03:00:00Z,0.89,29.0,41.0,9.0
2023-01-19T04:00:00Z,0.88,24.0,46.0,8.0
2023-01-19T05:00:00Z,0.86,24.0,46.0,9.0
2023-01-19T06:00:00Z,0.89,23.0,47.0,8.0
2023-01-19T07:00:00Z,0.88,25.0,45.0,9.0
2023-01-19T08:00:00Z,0.91,27.0,46.0,8.0
2023-01-19T09:00:00Z,0.91,26.0,46.0,10.0
2023-01-19T10:00:00Z,0.91,25.0,57.0,11.0
2023-01-19T11:00:00Z,0.88,18.0,71.0,11.0
2023-01-19T12:00:00Z,0.81,16.0,78.0,11.0
2023-01-19T13:00:00Z,0.79,16.0,82.0,10.0
2023-01-19T14:00:00Z,0.73,15.0,87.0,10.0
2023-01-19T15:00:00Z,0.74,15.0,89.0,10.0
2023-01-19T16:00:00Z,0.73,14.0,94.0,9.0
2023-01-19T17:00:00Z,0.76,18.0,89.0,9.0
2023-01-19T18:00:00Z,0.83,23.0,77.0,9.0
2023-01-19T19:00:00Z,0.91,28.0,67.0,10.0
2023-01-19T20:00:00Z,0.93,24.0,71.0,11.0
2023-01-19T21:00:00Z,0.96,24.0,71.0,12.0
2023-01-19T22:00:00Z,1.01,27.0,66.0,13.0
2023-01-19T23:00:00Z,1.08,35.0,53.0,12.0
2023-01-20T00:00:00Z,1.11,37.0,45.0,11.0
2023-01-20T01:00:00Z,1.15,40.0,35.0,10.0
2023-01-20T02:00:00Z,1.21,43.0,27.0,9.0
2023-01-20T03:00:00Z,1.17,43.0,28.0,10.0
2023-01-20T04:00:00Z,1.04,33.0,33.0,10.0
2023-01-20T05:00:00Z,0.76,15.0,46.0,10.0
2023-01-20T06:00:00Z,0.66,12.0,46.0,9.0
2023-01-20T07:00:00Z,0.63,12.0,46.0,8.0
2023-01-20T08:00:00Z,0.59,13.0,45.0,8.0
2023-01-20T09:00:00Z,0.6,12.0,49.0,8.0
2023-01-20T10:00:00Z,0.59,10.0,55.0,8.0
2023-01-20T11:00:00Z,0.56,8.0,61.0,8.0
2023-01-20T12:00:00Z,0.56,8.0,64.0,8.0
2023-01-20T13:00:00Z,0.54,8.0,68.0,8.0
2023-01-20T14:00:00Z,0.5,8.0,73.0,9.0
2023-01-20T15:00:00Z,0.52,8.0,76.0,9.0
2023-01-20T16:00:00Z,0.52,8.0,77.0,8.0
2023-01-20T17:00:00Z,0.55,9.0,78.0,8.0
2023-01-20T18:00:00Z,0.61,12.0,74.0,9.0
2023-01-20T19:00:00Z,0.65,18.0,63.0,9.0
2023-01-20T20:00:00Z,0.67,17.0,61.0,10.0
2023-01-20T21:00:00Z,0.67,17.0,60.0,10.0
2023-01-20T22:00:00Z,0.69,17.0,58.0,9.0
2023-01-20T23:00:00Z,0.67,15.0,61.0,8.0
2023-01-21T00:00:00Z,0.7,14.0,59.0,8.0
2023-01-21T01:00:00Z,0.74,14.0,55.0,9.0
2023-01-21T02:00:00Z,0.76,14.0,54.0,8.0
2023-01-21T03:00:00Z,0.79,14.0,51.0,8.0
2023-01-21T04:00:00Z,0.79,14.0,48.0,8.0
2023-01-21T05:00:00Z,0.74,13.0,48.0,7.0
2023-01-21T06:00:00Z,0.72,13.0,46.0,7.0
2023-01-21T07:00:00Z,0.74,12.0,45.0,6.0
2023-01-21T08:00:00Z,0.72,12.0,44.0,6.0
2023-01-21T09:00:00Z,0.74,11.0,46.0,7.0
2023-01-21T10:00:00Z,0.72,10.0,51.0,8.0
2023-01-21T11:00:00Z,0.79,10.0,59.0,9.0
2023-01-21T12:00:00Z,0.8,10.0,72.0,9.0
2023-01-21T13:00:00Z,0.79,10.0,85.0,9.0
2023-01-21T14:00:00Z,0.79,10.0,93.0,10.0
2023-01-21T15:00:00Z,0.74,10.0,99.0,11.0
2023-01-21T16:00:00Z,0.7,10.0,101.0,10.0
2023-01-21T17:00:00Z,0.69,11.0,99.0,9.0
2023-01-21T18:00:00Z,0.75,16.0,90.0,10.0
2023-01-21T19:00:00Z,0.81,18.0,84.0,13.0
2023-01-21T20:00:00Z,0.81,20.0,82.0,16.0
2023-01-21T23:00:00Z,0.84,16.0,85.0,14.0
2023-01-22T00:00:00Z,0.81,12.0,88.0,11.0
2023-01-22T01:00:00Z,0.78,12.0,84.0,15.0
2023-01-22T02:00:00Z,0.71,9.0,82.0,9.0
2023-01-22T03:00:00Z,0.73,9.0,77.0,8.0
2023-01-22T04:00:00Z,0.74,9.0,72.0,8.0
2023-01-22T05:00:00Z,0.76,9.0,66.0,7.0
2023-01-22T06:00:00Z,0.77,10.0,60.0,7.0
2023-01-22T07:00:00Z,0.75,10.0,57.0,6.0
2023-01-22T08:00:00Z,0.76,12.0,49.0,7.0
2023-01-22T09:00:00Z,0.79,13.0,45.0,9.0
2023-01-22T10:00:00Z,0.79,13.0,44.0,9.0
2023-01-22T11:00:00Z,0.7,11.0,50.0,9.0
2023-01-22T12:00:00Z,0.7,10.0,59.0,10.0
2023-01-22T13:00:00Z,0.7,8.0,78.0,9.0
2023-01-22T14:00:00Z,0.69,7.0,88.0,9.0
2023-01-22T15:00:00Z,0.7,8.0,93.0,8.0
2023-01-22T16:00:00Z,0.67,10.0,95.0,9.0
2023-01-22T17:00:00Z,0.7,11.0,93.0,9.0
2023-01-22T18:00:00Z,0.75,15.0,83.0,8.0
2023-01-22T19:00:00Z,0.82,24.0,67.0,9.0
2023-01-22T20:00:00Z,0.9,26.0,59.0,10.0
2023-01-22T21:00:00Z,0.83,22.0,55.0,10.0
2023-01-22T22:00:00Z,0.71,15.0,60.0,9.0
2023-01-22T23:00:00Z,0.74,17.0,53.0,8.0
2023-01-23T00:00:00Z,0.71,14.0,54.0,7.0
2023-01-23T01:00:00Z,0.69,11.0,55.0,7.0
2023-01-23T02:00:00Z,0.7,10.0,51.0,6.0
2023-01-23T03:00:00Z,0.67,8.0,52.0,6.0
2023-01-23T04:00:00Z,0.64,8.0,52.0,6.0
2023-01-23T05:00:00Z,0.69,9.0,44.0,6.0
2023-01-23T06:00:00Z,0.69,12.0,39.0,6.0
2023-01-23T07:00:00Z,0.71,14.0,34.0,6.0
2023-01-23T08:00:00Z,0.78,17.0,31.0,6.0
2023-01-23T09:00:00Z,0.86,18.0,31.0,6.0
2023-01-23T10:00:00Z,0.88,16.0,41.0,7.0
2023-01-23T11:00:00Z,0.94,15.0,51.0,8.0
2023-01-23T12:00:00Z,0.97,14.0,57.0,8.0
2023-01-23T13:00:00Z,1.25,16.0,61.0,12.0
2023-01-23T14:00:00Z,1.54,20.0,75.0,17.0
2023-01-23T15:00:00Z,1.5,21.0,74.0,18.0
2023-01-23T16:00:00Z,1.35,18.0,55.0,10.0
2023-01-23T17:00:00Z,1.25,16.0,43.0,7.0
2023-01-23T18:00:00Z,1.07,15.0,46.0,6.0
2023-01-23T19:00:00Z,0.96,12.0,52.0,7.0
2023-01-23T20:00:00Z,0.82,10.0,55.0,7.0
2023-01-23T21:00:00Z,0.76,9.0,55.0,7.0
2023-01-23T22:00:00Z,0.74,8.0,55.0,7.0
2023-01-23T23:00:00Z,0.76,8.0,54.0,7.0
2023-01-24T00:00:00Z,0.75,8.0,54.0,7.0
2023-01-24T01:00:00Z,0.72,8.0,53.0,7.0
2023-01-24T02:00:00Z,0.75,8.0,52.0,7.0
2023-01-24T03:00:00Z,0.74,7.0,52.0,7.0
2023-01-24T04:00:00Z,0.72,7.0,52.0,7.0
2023-01-24T05:00:00Z,0.74,7.0,53.0,7.0
2023-01-24T06:00:00Z,0.77,8.0,52.0,8.0
2023-01-24T07:00:00Z,0.79,9.0,52.0,8.0
2023-01-24T08:00:00Z,0.81,10.0,51.0,9.0
2023-01-24T09:00:00Z,0.8,8.0,53.0,9.0
2023-01-24T10:00:00Z,0.75,6.0,55.0,10.0
2023-01-24T11:00:00Z,0.61,4.0,66.0,8.0
2023-01-24T12:00:00Z,0.55,3.0,72.0,7.0
2023-01-24T13:00:00Z,0.55,3.0,74.0,7.0
2023-01-24T14:00:00Z,0.55,3.0,75.0,7.0
2023-01-24T15:00:00Z,0.51,3.0,76.0,6.0
2023-01-24T16:00:00Z,0.55,3.0,77.0,6.0
2023-01-24T17:00:00Z,0.57,3.0,76.0,7.0
2023-01-24T18:00:00Z,0.63,5.0,74.0,8.0
2023-01-24T19:00:00Z,0.63,6.0,71.0,8.0
2023-01-24T20:00:00Z,0.63,7.0,68.0,9.0
2023-01-24T21:00:00Z,0.64,8.0,65.0,8.0
2023-01-24T22:00:00Z,0.65,11.0,60.0,9.0
2023-01-24T23:00:00Z,0.66,13.0,54.0,8.0
2023-01-25T00:00:00Z,0.69,16.0,47.0,8.0
2023-01-25T01:00:00Z,0.7,15.0,47.0,9.0
2023-01-25T02:00:00Z,0.7,14.0,47.0,9.0
2023-01-25T03:00:00Z,0.7,10.0,52.0,9.0
2023-01-25T04:00:00Z,0.7,9.0,52.0,9.0
2023-01-25T05:00:00Z,0.71,8.0,50.0,9.0
2023-01-25T06:00:00Z,0.72,8.0,52.0,9.0
2023-01-25T07:00:00Z,0.74,9.0,51.0,8.0
2023-01-25T08:00:00Z,0.71,9.0,52.0,8.0
2023-01-25T09:00:00Z,0.7,7.0,56.0,8.0
2023-01-25T10:00:00Z,0.72,5.0,64.0,8.0
2023-01-25T11:00:00Z,0.69,4.0,70.0,8.0
2023-01-25T12:00:00Z,0.65,4.0,72.0,8.0
2023-01-25T13:00:00Z,0.65,4.0,74.0,8.0
2023-01-25T14:00:00Z,0.66,5.0,75.0,8.0
2023-01-25T15:00:00Z,0.65,6.0,75.0,8.0
2023-01-25T16:00:00Z,0.67,6.0,74.0,8.0
2023-01-25T17:00:00Z,0.71,8.0,72.0,9.0
2023-01-25T18:00:00Z,0.78,9.0,69.0,8.0
2023-01-25T19:00:00Z,0.81,12.0,64.0,8.0
2023-01-25T20:00:00Z,0.84,13.0,59.0,8.0
2023-01-25T21:00:00Z,0.81,14.0,55.0,8.0
2023-01-25T22:00:00Z,0.9,14.0,54.0,8.0
2023-01-25T23:00:00Z,0.91,13.0,53.0,9.0
2023-01-26T00:00:00Z,0.94,14.0,49.0,9.0
2023-01-26T01:00:00Z,0.95,17.0,43.0,8.0
2023-01-26T02:00:00Z,0.94,17.0,40.0,7.0
2023-01-26T03:00:00Z,0.91,17.0,37.0,7.0
2023-01-26T04:00:00Z,0.9,18.0,34.0,7.0
2023-01-26T05:00:00Z,0.9,19.0,33.0,7.0
2023-01-26T06:00:00Z,0.9,21.0,30.0,7.0
2023-01-26T07:00:00Z,0.91,24.0,25.0,7.0
2023-01-26T08:00:00Z,0.93,26.0,24.0,7.0
2023-01-26T09:00:00Z,0.94,23.0,29.0,9.0
2023-01-26T10:00:00Z,0.96,23.0,33.0,9.0
2023-01-26T11:00:00Z,0.96,21.0,42.0,10.0
2023-01-26T12:00:00Z,0.98,19.0,51.0,11.0
2023-01-26T13:00:00Z,0.93,16.0,59.0,11.0
2023-01-26T14:00:00Z,1.0,15.0,66.0,11.0
2023-01-26T15:00:00Z,1.0,16.0,67.0,16.0
2023-01-26T16:00:00Z,1.04,18.0,66.0,23.0
2023-01-26T17:00:00Z,1.0,20.0,63.0,23.0
2023-01-26T18:00:00Z,1.02,23.0,56.0,20.0
2023-01-26T19:00:00Z,1.03,23.0,49.0,14.0
2023-01-26T20:00:00Z,1.03,22.0,45.0,13.0
2023-01-26T21:00:00Z,1.05,24.0,40.0,14.0
2023-01-26T22:00:00Z,1.07,26.0,35.0,14.0
2023-01-26T23:00:00Z,1.09,27.0,31.0,15.0
2023-01-27T00:00:00Z,1.13,27.0,28.0,15.0
2023-01-27T01:00:00Z,1.16,29.0,25.0,15.0
2023-01-27T02:00:00Z,1.2,30.0,22.0,15.0
2023-01-27T03:00:00Z,1.18,27.0,25.0,15.0
2023-01-27T04:00:00Z,1.17,26.0,25.0,15.0
2023-01-27T05:00:00Z,1.17,24.0,24.0,14.0
2023-01-27T06:00:00Z,1.17,23.0,24.0,15.0
2023-01-27T07:00:00Z,1.19,22.0,23.0,15.0
2023-01-27T08:00:00Z,1.23,24.0,22.0,15.0
2023-01-27T09:00:00Z,1.24,21.0,29.0,16.0
2023-01-27T10:00:00Z,1.11,19.0,41.0,21.0
2023-01-27T11:00:00Z,0.95,14.0,55.0,20.0
2023-01-27T12:00:00Z,0.85,10.0,67.0,14.0
2023-01-27T13:00:00Z,0.75,8.0,78.0,11.0
2023-01-27T14:00:00Z,0.76,7.0,84.0,10.0
2023-01-27T15:00:00Z,0.81,8.0,86.0,12.0
2023-01-27T17:00:00Z,0.84,12.0,88.0,15.0
2023-01-27T18:00:00Z,0.88,15.0,81.0,13.0
2023-01-27T19:00:00Z,0.9,20.0,70.0,12.0
2023-01-27T20:00:00Z,0.99,26.0,58.0,11.0
2023-01-27T21:00:00Z,0.99,32.0,49.0,11.0
2023-01-27T22:00:00Z,0.99,33.0,45.0,11.0
2023-01-27T23:00:00Z,1.01,38.0,37.0,10.0
2023-01-28T00:00:00Z,1.09,40.0,29.0,10.0
2023-01-28T01:00:00Z,1.1,38.0,28.0,10.0
2023-01-28T02:00:00Z,1.06,39.0,25.0,9.0
2023-01-28T03:00:00Z,1.01,39.0,25.0,9.0
2023-01-28T04:00:00Z,1.04,37.0,27.0,9.0
2023-01-28T05:00:00Z,1.02,36.0,31.0,10.0
2023-01-28T06:00:00Z,1.04,31.0,43.0,11.0
2023-01-28T07:00:00Z,1.05,27.0,50.0,11.0
2023-01-28T08:00:00Z,1.16,29.0,49.0,12.0
2023-01-28T09:00:00Z,1.19,31.0,48.0,12.0
2023-01-28T10:00:00Z,1.01,23.0,58.0,12.0
2023-01-28T11:00:00Z,0.91,14.0,65.0,12.0
2023-01-28T12:00:00Z,0.9,14.0,71.0,14.0
2023-01-28T13:00:00Z,0.91,13.0,78.0,15.0
2023-01-28T14:00:00Z,0.84,12.0,83.0,13.0
2023-01-28T15:00:00Z,0.71,11.0,85.0,12.0
2023-01-28T16:00:00Z,0.75,11.0,85.0,11.0
2023-01-28T17:00:00Z,0.74,13.0,82.0,11.0
2023-01-28T18:00:00Z,0.76,19.0,72.0,10.0
2023-01-28T19:00:00Z,0.9,36.0,49.0,11.0
2023-01-28T20:00:00Z,1.04,50.0,33.0,11.0
2023-01-28T21:00:00Z,1.14,56.0,23.0,11.0
2023-01-28T22:00:00Z,1.14,56.0,20.0,11.0
2023-01-28T23:00:00Z,1.09,57.0,18.0,11.0
2023-01-29T00:00:00Z,1.01,51.0,23.0,11.0
2023-01-29T01:00:00Z,0.97,51.0,22.0,12.0
2023-01-29T02:00:00Z,0.95,45.0,28.0,11.0
2023-01-29T03:00:00Z,0.95,43.0,31.0,11.0
2023-01-29T04:00:00Z,0.94,41.0,33.0,10.0
2023-01-29T05:00:00Z,0.89,35.0,45.0,11.0
2023-01-29T06:00:00Z,0.9,31.0,41.0,11.0
2023-01-29T07:00:00Z,0.91,30.0,41.0,11.0
2023-01-29T08:00:00Z,0.98,35.0,36.0,12.0
2023-01-29T09:00:00Z,1.03,31.0,45.0,13.0
2023-01-29T10:00:00Z,0.94,24.0,58.0,13.0
2023-01-29T11:00:00Z,0.84,18.0,69.0,12.0
2023-01-29T12:00:00Z,0.83,17.0,76.0,12.0
2023-01-29T13:00:00Z,0.84,17.0,85.0,12.0
2023-01-29T14:00:00Z,0.75,14.0,92.0,12.0
2023-01-29T15:00:00Z,0.72,13.0,98.0,11.0
2023-01-29T16:00:00Z,0.67,14.0,101.0,11.0
2023-01-29T17:00:00Z,0.68,14.0,101.0,10.0
2023-01-29T19:00:00Z,1.0,53.0,48.0,11.0
2023-01-29T20:00:00Z,1.31,73.0,27.0,12.0
2023-01-29T21:00:00Z,1.38,76.0,21.0,12.0
2023-01-29T22:00:00Z,1.34,75.0,7.0,12.0
2023-01-29T23:00:00Z,1.49,76.0,7.0,12.0
2023-01-30T00:00:00Z,1.4,70.0,12.0,12.0
2023-01-30T01:00:00Z,1.3,65.0,14.0,11.0
2023-01-30T02:00:00Z,1.35,66.0,13.0,11.0
2023-01-30T03:00:00Z,1.33,65.0,13.0,11.0
2023-01-30T04:00:00Z,1.38,66.0,10.0,12.0
2023-01-30T05:00:00Z,1.23,66.0,11.0,13.0
2023-01-30T06:00:00Z,1.14,68.0,10.0,14.0
2023-01-30T07:00:00Z,1.15,66.0,10.0,14.0
2023-01-30T08:00:00Z,1.21,65.0,10.0,13.0
2023-01-30T09:00:00Z,1.14,54.0,23.0,14.0
2023-01-30T10:00:00Z,1.2,49.0,38.0,14.0
2023-01-30T11:00:00Z,1.18,45.0,59.0,14.0
2023-01-30T12:00:00Z,1.1,35.0,86.0,13.0
2023-01-30T13:00:00Z,0.97,25.0,112.0,13.0
2023-01-30T14:00:00Z,0.85,21.0,123.0,12.0
2023-01-30T15:00:00Z,0.76,18.0,129.0,11.0
2023-01-30T16:00:00Z,0.6,17.0,129.0,10.0
2023-01-30T17:00:00Z,0.63,20.0,122.0,10.0
2023-01-30T18:00:00Z,0.71,30.0,106.0,11.0
2023-01-30T19:00:00Z,0.83,33.0,98.0,11.0
2023-01-30T20:00:00Z,0.81,30.0,98.0,11.0
2023-01-30T21:00:00Z,0.85,35.0,86.0,11.0
2023-01-30T22:00:00Z,0.95,44.0,71.0,12.0
2023-01-30T23:00:00Z,0.99,49.0,59.0,12.0
2023-01-31T00:00:00Z,0.96,48.0,56.0,12.0
2023-01-31T01:00:00Z,1.0,56.0,41.0,11.0
2023-01-31T02:00:00Z,1.03,68.0,25.0,11.0
2023-01-31T03:00:00Z,0.98,57.0,32.0,11.0
2023-01-31T04:00:00Z,0.96,55.0,29.0,10.0
2023-01-31T05:00:00Z,0.99,61.0,20.0,10.0
2023-01-31T06:00:00Z,1.0,59.0,21.0,10.0
2023-01-31T07:00:00Z,1.04,65.0,16.0,10.0
2023-01-31T08:00:00Z,1.14,66.0,13.0,11.0
2023-01-31T09:00:00Z,1.18,61.0,21.0,12.0
2023-01-31T10:00:00Z,1.13,51.0,38.0,13.0
2023-01-31T11:00:00Z,1.16,48.0,50.0,13.0
2023-01-31T12:00:00Z,1.18,46.0,67.0,14.0
2023-01-31T13:00:00Z,1.05,41.0,93.0,14.0
2023-01-31T14:00:00Z,0.99,35.0,117.0,15.0
2023-01-31T15:00:00Z,0.93,32.0,131.0,14.0
2023-01-31T16:00:00Z,0.96,34.0,134.0,13.0
2023-01-31T17:00:00Z,0.99,41.0,124.0,13.0
2023-01-31T18:00:00Z,1.16,75.0,77.0,14.0
2023-01-31T19:00:00Z,1.36,95.0,43.0,14.0
2023-01-31T20:00:00Z,1.43,94.0,33.0,14.0
2023-01-31T21:00:00Z,1.64,103.0,22.0,14.0
2023-01-31T22:00:00Z,1.73,105.0,18.0,14.0
2023-01-31T23:00:00Z,1.74,101.0,15.0,13.0
2023-02-01T00:00:00Z,1.8,100.0,16.0,13.0
2023-02-01T01:00:00Z,1.76,98.0,17.0,13.0
2023-02-01T02:00:00Z,1.76,95.0,15.0,13.0
2023-02-01T03:00:00Z,1.65,94.0,17.0,12.0
2023-02-01T04:00:00Z,1.64,91.0,18.0,12.0
2023-02-01T05:00:00Z,1.57,86.0,19.0,14.0
2023-02-01T06:00:00Z,1.61,87.0,18.0,16.0
2023-02-01T07:00:00Z,1.54,85.0,19.0,18.0
2023-02-01T08:00:00Z,1.02,41.0,47.0,14.0
2023-02-01T09:00:00Z,0.71,18.0,58.0,8.0
2023-02-01T10:00:00Z,0.66,14.0,62.0,7.0
2023-02-01T11:00:00Z,0.63,11.0,68.0,7.0
2023-02-01T12:00:00Z,0.6,10.0,70.0,8.0
2023-02-01T13:00:00Z,0.63,10.0,72.0,9.0
2023-02-01T14:00:00Z,0.6,12.0,73.0,9.0
2023-02-01T15:00:00Z,0.63,14.0,72.0,9.0
2023-02-01T16:00:00Z,0.61,15.0,70.0,9.0
2023-02-01T17:00:00Z,0.62,17.0,67.0,10.0
2023-02-01T18:00:00Z,0.62,20.0,64.0,11.0
2023-02-01T19:00:00Z,0.7,19.0,61.0,9.0
2023-02-01T20:00:00Z,0.63,17.0,59.0,8.0
2023-02-01T21:00:00Z,0.63,16.0,59.0,9.0
2023-02-01T22:00:00Z,0.66,15.0,58.0,10.0
2023-02-01T23:00:00Z,0.6,14.0,59.0,9.0
2023-02-02T00:00:00Z,0.56,11.0,64.0,8.0
2023-02-02T01:00:00Z,0.56,11.0,65.0,8.0
2023-02-02T02:00:00Z,0.54,10.0,65.0,8.0
2023-02-02T03:00:00Z,0.54,10.0,65.0,9.0
2023-02-02T04:00:00Z,0.59,10.0,64.0,9.0
2023-02-02T05:00:00Z,0.61,13.0,59.0,10.0
2023-02-02T07:00:00Z,0.64,16.0,55.0,10.0
2023-02-02T08:00:00Z,0.67,17.0,53.0,10.0
2023-02-02T09:00:00Z,0.7,18.0,55.0,10.0
2023-02-02T10:00:00Z,0.78,17.0,59.0,11.0
2023-02-02T11:00:00Z,0.72,15.0,62.0,10.0
2023-02-02T12:00:00Z,0.71,12.0,65.0,10.0
2023-02-02T13:00:00Z,0.7,13.0,69.0,11.0
2023-02-02T14:00:00Z,0.69,12.0,71.0,12.0
2023-02-02T15:00:00Z,0.7,14.0,70.0,12.0
2023-02-02T16:00:00Z,0.71,14.0,69.0,13.0
2023-02-02T17:00:00Z,0.67,17.0,65.0,13.0
2023-02-02T18:00:00Z,0.69,19.0,62.0,13.0
2023-02-02T19:00:00Z,0.7,21.0,58.0,13.0
2023-02-02T20:00:00Z,0.69,20.0,55.0,13.0
2023-02-02T21:00:00Z,0.71,22.0,51.0,13.0
2023-02-02T22:00:00Z,0.72,26.0,44.0,12.0
2023-02-02T23:00:00Z,0.76,34.0,34.0,12.0
2023-02-03T00:00:00Z,0.77,38.0,29.0,12.0
2023-02-03T01:00:00Z,0.79,38.0,26.0,12.0
2023-02-03T02:00:00Z,0.79,37.0,25.0,12.0
2023-02-03T03:00:00Z,0.75,33.0,24.0,12.0
2023-02-03T04:00:00Z,0.69,31.0,25.0,11.0
2023-02-03T05:00:00Z,0.65,25.0,30.0,11.0
2023-02-03T06:00:00Z,0.65,23.0,31.0,10.0
2023-02-03T07:00:00Z,0.69,24.0,29.0,9.0
2023-02-03T08:00:00Z,0.72,28.0,26.0,9.0
2023-02-03T09:00:00Z,0.71,29.0,24.0,8.0
2023-02-03T10:00:00Z,0.72,28.0,27.0,9.0
2023-02-03T11:00:00Z,0.75,22.0,37.0,9.0
2023-02-03T12:00:00Z,0.7,16.0,53.0,9.0
2023-02-03T13:00:00Z,0.65,12.0,64.0,9.0
2023-02-03T14:00:00Z,0.6,11.0,71.0,8.0
2023-02-03T15:00:00Z,0.56,12.0,77.0,8.0
2023-02-03T16:00:00Z,0.54,12.0,80.0,8.0
2023-02-03T17:00:00Z,0.56,14.0,79.0,8.0
2023-02-03T18:00:00Z,0.6,19.0,69.0,8.0
2023-02-03T19:00:00Z,0.7,33.0,49.0,8.0
2023-02-03T20:00:00Z,0.79,43.0,34.0,9.0
2023-02-03T21:00:00Z,0.9,52.0,20.0,9.0
2023-02-04T02:00:00Z,1.0,64.0,5.0,10.0
2023-02-04T03:00:00Z,1.0,61.0,5.0,10.0
2023-02-04T04:00:00Z,0.98,58.0,5.0,10.0
2023-02-04T05:00:00Z,1.02,57.0,5.0,10.0
2023-02-04T06:00:00Z,1.05,55.0,4.0,10.0
2023-02-04T07:00:00Z,1.09,55.0,8.0,11.0
2023-02-04T08:00:00Z,1.18,59.0,7.0,12.0
2023-02-04T09:00:00Z,1.27,59.0,6.0,13.0
2023-02-04T10:00:00Z,0.99,48.0,21.0,15.0
2023-02-04T11:00:00Z,0.76,33.0,48.0,13.0
2023-02-04T12:00:00Z,0.71,22.0,74.0,12.0
2023-02-04T13:00:00Z,0.71,19.0,87.0,12.0
2023-02-04T14:00:00Z,0.67,19.0,98.0,14.0
2023-02-04T15:00:00Z,0.71,19.0,100.0,15.0
2023-02-04T16:00:00Z,0.71,21.0,102.0,15.0
2023-02-04T17:00:00Z,0.75,22.0,101.0,13.0
2023-02-04T18:00:00Z,0.83,28.0,90.0,12.0
2023-02-04T19:00:00Z,0.85,40.0,74.0,13.0
2023-02-04T20:00:00Z,0.95,57.0,52.0,15.0
2023-02-04T21:00:00Z,1.03,63.0,42.0,18.0
2023-02-04T22:00:00Z,0.98,63.0,39.0,20.0
2023-02-04T23:00:00Z,0.98,50.0,52.0,23.0
2023-02-05T00:00:00Z,1.05,56.0,38.0,17.0
2023-02-05T01:00:00Z,1.11,68.0,25.0,17.0
2023-02-05T02:00:00Z,1.11,71.0,19.0,15.0
2023-02-05T03:00:00Z,1.08,70.0,15.0,15.0
2023-02-05T04:00:00Z,1.1,65.0,17.0,14.0
2023-02-05T05:00:00Z,1.13,67.0,13.0,13.0
2023-02-05T06:00:00Z,1.13,63.0,15.0,13.0
2023-02-05T07:00:00Z,1.06,56.0,20.0,12.0
2023-02-05T08:00:00Z,1.14,57.0,17.0,11.0
2023-02-05T09:00:00Z,1.07,47.0,33.0,12.0
2023-02-05T10:00:00Z,0.98,37.0,52.0,13.0
2023-02-05T11:00:00Z,0.87,26.0,80.0,12.0
2023-02-05T12:00:00Z,0.77,17.0,104.0,10.0
2023-02-05T13:00:00Z,0.77,15.0,113.0,10.0
2023-02-05T14:00:00Z,0.78,14.0,120.0,10.0
2023-02-05T15:00:00Z,0.8,14.0,124.0,10.0
2023-02-05T16:00:00Z,0.74,14.0,123.0,10.0
2023-02-05T17:00:00Z,0.76,16.0,118.0,10.0
2023-02-05T19:00:00Z,0.86,32.0,87.0,14.0
2023-02-05T20:00:00Z,0.9,27.0,85.0,15.0
2023-02-05T21:00:00Z,0.9,25.0,79.0,14.0
2023-02-05T22:00:00Z,0.9,27.0,70.0,12.0
2023-02-05T23:00:00Z,0.92,30.0,62.0,10.0
2023-02-06T00:00:00Z,0.95,28.0,61.0,10.0
2023-02-06T01:00:00Z,0.91,24.0,56.0,9.0
2023-02-06T02:00:00Z,0.89,27.0,47.0,9.0
2023-02-06T03:00:00Z,0.91,30.0,39.0,8.0
2023-02-06T04:00:00Z,0.95,36.0,31.0,9.0
2023-02-06T05:00:00Z,0.95,41.0,23.0,9.0
2023-02-06T06:00:00Z,0.99,41.0,22.0,9.0
2023-02-06T07:00:00Z,1.08,43.0,20.0,10.0
2023-02-06T08:00:00Z,1.22,46.0,14.0,10.0
2023-02-06T09:00:00Z,1.29,45.0,17.0,12.0
2023-02-06T10:00:00Z,1.35,43.0,21.0,14.0
2023-02-06T11:00:00Z,1.25,36.0,38.0,16.0
2023-02-06T12:00:00Z,1.18,30.0,55.0,16.0
2023-02-06T13:00:00Z,1.09,24.0,70.0,14.0
2023-02-06T14:00:00Z,1.05,24.0,77.0,14.0
2023-02-06T15:00:00Z,1.08,27.0,78.0,13.0
2023-02-06T16:00:00Z,1.06,26.0,77.0,12.0
2023-02-06T17:00:00Z,1.06,31.0,73.0,11.0
2023-02-06T18:00:00Z,1.1,33.0,70.0,11.0
2023-02-06T19:00:00Z,1.08,35.0,67.0,10.0
2023-02-06T20:00:00Z,1.05,38.0,55.0,10.0
2023-02-06T21:00:00Z,1.01,32.0,56.0,9.0
2023-02-06T22:00:00Z,1.02,37.0,46.0,10.0
2023-02-06T23:00:00Z,1.05,38.0,40.0,10.0
2023-02-07T00:00:00Z,1.06,40.0,33.0,9.0
2023-02-07T01:00:00Z,1.08,47.0,21.0,10.0
2023-02-07T02:00:00Z,1.05,57.0,16.0,9.0
2023-02-07T03:00:00Z,1.11,54.0,16.0,10.0
2023-02-07T04:00:00Z,1.09,48.0,21.0,13.0
2023-02-07T05:00:00Z,0.94,36.0,35.0,16.0
2023-02-07T06:00:00Z,0.9,29.0,44.0,18.0
2023-02-07T07:00:00Z,1.0,31.0,37.0,12.0
2023-02-07T08:00:00Z,1.31,38.0,26.0,11.0
2023-02-07T09:00:00Z,1.31,36.0,32.0,11.0
2023-02-07T10:00:00Z,1.14,30.0,48.0,11.0
2023-02-07T11:00:00Z,0.99,27.0,64.0,11.0
2023-02-07T12:00:00Z,0.89,22.0,77.0,10.0
2023-02-07T13:00:00Z,0.84,18.0,93.0,9.0
2023-02-07T14:00:00Z,0.81,19.0,108.0,9.0
2023-02-07T15:00:00Z,0.82,22.0,112.0,9.0
2023-02-07T16:00:00Z,0.8,26.0,112.0,9.0
2023-02-07T17:00:00Z,0.8,26.0,109.0,9.0
2023-02-07T18:00:00Z,0.86,36.0,94.0,9.0
2023-02-07T19:00:00Z,1.0,54.0,67.0,9.0
2023-02-07T20:00:00Z,1.01,63.0,49.0,9.0
2023-02-07T21:00:00Z,0.95,56.0,51.0,9.0
2023-02-07T22:00:00Z,1.0,66.0,36.0,9.0
2023-02-07T23:00:00Z,0.95,65.0,33.0,10.0
2023-02-08T00:00:00Z,0.91,62.0,28.0,11.0
2023-02-08T01:00:00Z,0.93,56.0,24.0,10.0
2023-02-08T02:00:00Z,0.93,55.0,19.0,8.0
2023-02-08T03:00:00Z,0.96,57.0,13.0,8.0
2023-02-08T04:00:00Z,0.99,57.0,9.0,8.0
2023-02-08T05:00:00Z,0.99,58.0,8.0,8.0
2023-02-08T06:00:00Z,0.99,56.0,6.0,8.0
2023-02-08T07:00:00Z,1.04,55.0,6.0,8.0
2023-02-08T08:00:00Z,1.13,51.0,7.0,8.0
2023-02-08T09:00:00Z,1.27,45.0,16.0,8.0
2023-02-08T10:00:00Z,1.34,40.0,30.0,9.0
2023-02-08T11:00:00Z,1.11,34.0,32.0,8.0
2023-02-08T12:00:00Z,1.17,34.0,26.0,6.0
2023-02-08T13:00:00Z,1.34,35.0,28.0,7.0
2023-02-08T14:00:00Z,1.52,32.0,34.0,7.0
2023-02-08T15:00:00Z,2.07,35.0,36.0,7.0
2023-02-08T16:00:00Z,2.0,38.0,41.0,6.0
2023-02-08T17:00:00Z,1.46,34.0,53.0,6.0
2023-02-08T18:00:00Z,1.34,35.0,57.0,7.0
2023-02-08T19:00:00Z,1.27,35.0,63.0,8.0
2023-02-08T20:00:00Z,1.27,33.0,63.0,8.0
2023-02-08T21:00:00Z,1.18,29.0,63.0,9.0
2023-02-08T22:00:00Z,0.94,25.0,61.0,10.0
2023-02-08T23:00:00Z,0.79,24.0,57.0,11.0
2023-02-09T00:00:00Z,0.85,24.0,55.0,12.0
2023-02-09T01:00:00Z,0.86,24.0,55.0,11.0
2023-02-09T02:00:00Z,0.86,23.0,56.0,12.0
2023-02-09T03:00:00Z,0.86,22.0,58.0,14.0
2023-02-09T04:00:00Z,0.88,21.0,58.0,14.0
2023-02-09T05:00:00Z,0.89,20.0,58.0,13.0
2023-02-09T06:00:00Z,0.86,20.0,56.0,12.0
2023-02-09T07:00:00Z,0.84,19.0,57.0,11.0
2023-02-09T08:00:00Z,0.75,20.0,57.0,12.0
2023-02-09T09:00:00Z,0.74,22.0,55.0,12.0
2023-02-09T10:00:00Z,0.69,23.0,51.0,9.0
2023-02-09T11:00:00Z,0.69,21.0,52.0,8.0
2023-02-09T12:00:00Z,0.66,21.0,52.0,7.0
2023-02-09T13:00:00Z,0.68,21.0,53.0,7.0
2023-02-09T14:00:00Z,0.66,21.0,55.0,6.0
2023-02-09T15:00:00Z,0.64,23.0,52.0,6.0
2023-02-09T16:00:00Z,0.64,24.0,49.0,6.0
2023-02-09T17:00:00Z,0.64,25.0,49.0,6.0
2023-02-09T18:00:00Z,0.64,27.0,44.0,6.0
2023-02-09T19:00:00Z,0.66,26.0,45.0,6.0
2023-02-09T20:00:00Z,0.65,24.0,44.0,6.0
2023-02-09T21:00:00Z,0.63,23.0,46.0,6.0
2023-02-09T22:00:00Z,0.6,20.0,47.0,6.0
2023-02-09T23:00:00Z,0.6,21.0,44.0,6.0
2023-02-10T00:00:00Z,0.6,20.0,44.0,7.0
2023-02-10T01:00:00Z,0.64,20.0,38.0,6.0
2023-02-10T02:00:00Z,0.65,22.0,36.0,6.0
2023-02-10T03:00:00Z,0.69,23.0,32.0,7.0
2023-02-10T04:00:00Z,0.69,21.0,32.0,7.0
2023-02-10T05:00:00Z,0.69,24.0,25.0,6.0
2023-02-10T06:00:00Z,0.74,27.0,22.0,6.0
2023-02-10T07:00:00Z,0.75,29.0,18.0,6.0
2023-02-10T08:00:00Z,0.8,30.0,16.0,6.0
2023-02-10T09:00:00Z,0.82,30.0,18.0,6.0
2023-02-10T10:00:00Z,0.85,30.0,23.0,6.0
2023-02-10T11:00:00Z,0.86,30.0,29.0,7.0
2023-02-10T12:00:00Z,0.86,29.0,37.0,7.0
2023-02-10T13:00:00Z,0.82,27.0,62.0,7.0
2023-02-10T14:00:00Z,0.75,25.0,77.0,7.0
2023-02-10T15:00:00Z,0.72,21.0,77.0,6.0
2023-02-10T16:00:00Z,0.79,21.0,76.0,6.0
2023-02-10T17:00:00Z,0.78,23.0,68.0,7.0
2023-02-10T18:00:00Z,0.79,27.0,56.0,7.0
2023-02-10T19:00:00Z,0.74,19.0,60.0,6.0
2023-02-10T20:00:00Z,0.67,13.0,67.0,6.0
2023-02-10T21:00:00Z,0.61,11.0,75.0,6.0
2023-02-10T22:00:00Z,0.61,14.0,77.0,6.0
2023-02-10T23:00:00Z,0.61,18.0,74.0,7.0
2023-02-11T00:00:00Z,0.62,21.0,64.0,6.0
2023-02-11T01:00:00Z,0.65,23.0,56.0,8.0
2023-02-11T02:00:00Z,0.65,23.0,52.0,8.0
2023-02-11T03:00:00Z,0.62,20.0,55.0,8.0
2023-02-11T04:00:00Z,0.64,21.0,49.0,8.0
2023-02-11T05:00:00Z,0.66,23.0,40.0,8.0
2023-02-11T06:00:00Z,0.74,27.0,31.0,7.0
2023-02-11T07:00:00Z,0.73,29.0,24.0,7.0
2023-02-11T08:00:00Z,0.75,27.0,25.0,8.0
2023-02-11T09:00:00Z,0.68,19.0,52.0,7.0
2023-02-11T10:00:00Z,0.64,16.0,69.0,7.0
2023-02-11T11:00:00Z,0.61,16.0,70.0,7.0
2023-02-11T13:00:00Z,0.61,22.0,62.0,6.0
2023-02-11T14:00:00Z,0.61,19.0,65.0,6.0
2023-02-11T15:00:00Z,0.59,18.0,69.0,5.0
2023-02-11T16:00:00Z,0.57,16.0,74.0,6.0
2023-02-11T17:00:00Z,0.59,15.0,75.0,6.0
2023-02-11T18:00:00Z,0.59,16.0,73.0,6.0
2023-02-11T19:00:00Z,0.62,16.0,73.0,6.0
2023-02-11T20:00:00Z,0.61,17.0,69.0,6.0
2023-02-11T21:00:00Z,0.61,14.0,69.0,6.0
2023-02-11T22:00:00Z,0.59,15.0,65.0,6.0
2023-02-11T23:00:00Z,0.59,15.0,63.0,6.0
2023-02-12T00:00:00Z,0.64,17.0,57.0,6.0
2023-02-12T01:00:00Z,0.69,18.0,52.0,7.0
2023-02-12T02:00:00Z,0.71,19.0,49.0,8.0
2023-02-12T03:00:00Z,0.7,15.0,60.0,7.0
2023-02-12T04:00:00Z,0.69,11.0,73.0,6.0
2023-02-12T05:00:00Z,0.76,11.0,76.0,6.0
2023-02-12T06:00:00Z,0.79,12.0,75.0,6.0
2023-02-12T07:00:00Z,0.79,13.0,75.0,6.0
2023-02-12T08:00:00Z,0.74,13.0,78.0,6.0
2023-02-12T09:00:00Z,0.74,16.0,71.0,6.0
2023-02-12T10:00:00Z,0.85,18.0,73.0,6.0
2023-02-12T11:00:00Z,1.06,19.0,74.0,6.0
2023-02-12T12:00:00Z,0.94,20.0,75.0,6.0
2023-02-12T13:00:00Z,0.92,20.0,75.0,5.0
2023-02-12T14:00:00Z,0.92,22.0,72.0,5.0
2023-02-12T15:00:00Z,0.92,22.0,73.0,5.0
2023-02-12T16:00:00Z,0.92,23.0,74.0,5.0
2023-02-12T17:00:00Z,0.94,22.0,77.0,5.0
2023-02-12T18:00:00Z,0.92,22.0,78.0,5.0
2023-02-12T19:00:00Z,0.92,21.0,77.0,5.0
2023-02-12T20:00:00Z,0.95,19.0,83.0,5.0
2023-02-12T21:00:00Z,0.99,18.0,82.0,5.0
2023-02-12T22:00:00Z,1.01,18.0,80.0,5.0
2023-02-12T23:00:00Z,1.02,17.0,81.0,5.0
2023-02-13T00:00:00Z,1.05,18.0,81.0,5.0
2023-02-13T01:00:00Z,1.06,17.0,80.0,6.0
2023-02-13T02:00:00Z,1.06,17.0,80.0,6.0
2023-02-13T03:00:00Z,1.04,16.0,76.0,9.0
2023-02-13T04:00:00Z,1.13,17.0,55.0,8.0
2023-02-13T05:00:00Z,1.19,17.0,45.0,8.0
2023-02-13T06:00:00Z,1.18,17.0,47.0,9.0
2023-02-13T07:00:00Z,0.89,13.0,64.0,8.0
2023-02-13T08:00:00Z,0.84,16.0,59.0,7.0
2023-02-13T09:00:00Z,0.89,19.0,48.0,9.0
2023-02-13T10:00:00Z,0.81,19.0,47.0,10.0
2023-02-13T11:00:00Z,0.84,18.0,51.0,11.0
2023-02-13T12:00:00Z,0.8,16.0,57.0,14.0
2023-02-13T13:00:00Z,0.75,13.0,65.0,14.0
2023-02-13T14:00:00Z,0.65,12.0,73.0,12.0
2023-02-13T15:00:00Z,0.61,12.0,84.0,10.0
2023-02-13T16:00:00Z,0.59,12.0,85.0,12.0
2023-02-13T17:00:00Z,0.59,13.0,85.0,11.0
2023-02-13T18:00:00Z,0.59,16.0,81.0,11.0
2023-02-13T19:00:00Z,0.6,20.0,72.0,11.0
2023-02-13T20:00:00Z,0.64,22.0,67.0,10.0
2023-02-13T21:00:00Z,0.71,25.0,61.0,13.0
2023-02-13T22:00:00Z,0.72,24.0,58.0,13.0
2023-02-13T23:00:00Z,0.8,28.0,48.0,12.0
2023-02-14T00:00:00Z,0.83,33.0,38.0,12.0
2023-02-14T01:00:00Z,0.84,36.0,32.0,14.0
2023-02-14T02:00:00Z,0.84,39.0,26.0,13.0
2023-02-14T03:00:00Z,0.76,36.0,28.0,13.0
2023-02-14T04:00:00Z,0.7,36.0,28.0,12.0
2023-02-14T05:00:00Z,0.69,36.0,24.0,11.0
2023-02-14T06:00:00Z,0.75,42.0,15.0,10.0
2023-02-14T07:00:00Z,0.8,44.0,9.0,9.0
2023-02-14T08:00:00Z,0.95,45.0,8.0,9.0
2023-02-14T09:00:00Z,0.99,43.0,20.0,12.0
2023-02-14T10:00:00Z,0.91,30.0,51.0,13.0
2023-02-14T12:00:00Z,0.8,19.0,74.0,12.0
2023-02-14T13:00:00Z,0.7,14.0,81.0,11.0
2023-02-14T14:00:00Z,0.7,15.0,82.0,11.0
2023-02-14T15:00:00Z,0.74,19.0,79.0,12.0
2023-02-14T16:00:00Z,0.74,19.0,79.0,13.0
2023-02-14T17:00:00Z,0.7,18.0,80.0,14.0
2023-02-14T18:00:00Z,0.74,22.0,76.0,15.0
2023-02-14T19:00:00Z,0.76,25.0,71.0,16.0
2023-02-14T20:00:00Z,0.83,34.0,56.0,14.0
2023-02-14T21:00:00Z,0.86,40.0,46.0,12.0
2023-02-14T22:00:00Z,0.84,38.0,46.0,11.0
2023-02-14T23:00:00Z,0.86,38.0,45.0,10.0
2023-02-15T00:00:00Z,0.81,32.0,48.0,10.0
2023-02-15T01:00:00Z,0.85,31.0,48.0,10.0
2023-02-15T02:00:00Z,0.79,33.0,43.0,10.0
2023-02-15T03:00:00Z,0.76,37.0,34.0,10.0
2023-02-15T04:00:00Z,0.69,22.0,45.0,9.0
2023-02-15T05:00:00Z,0.64,20.0,46.0,9.0
2023-02-15T06:00:00Z,0.6,22.0,45.0,9.0
2023-02-15T07:00:00Z,0.61,23.0,43.0,9.0
2023-02-15T08:00:00Z,0.67,28.0,37.0,9.0
2023-02-15T09:00:00Z,0.66,22.0,50.0,10.0
2023-02-15T10:00:00Z,0.6,17.0,59.0,10.0
2023-02-15T11:00:00Z,0.59,13.0,66.0,10.0
2023-02-15T12:00:00Z,0.57,12.0,71.0,10.0
2023-02-15T13:00:00Z,0.59,11.0,77.0,11.0
2023-02-15T14:00:00Z,0.6,11.0,86.0,11.0
2023-02-15T15:00:00Z,0.6,13.0,91.0,11.0
2023-02-15T16:00:00Z,0.58,14.0,93.0,10.0
2023-02-15T17:00:00Z,0.59,17.0,89.0,10.0
2023-02-15T18:00:00Z,0.66,22.0,80.0,10.0
2023-02-15T19:00:00Z,0.74,33.0,63.0,10.0
2023-02-15T20:00:00Z,0.88,48.0,40.0,10.0
2023-02-15T21:00:00Z,0.93,60.0,25.0,12.0
2023-02-15T22:00:00Z,0.93,61.0,23.0,12.0
2023-02-16T09:00:00Z,0.93,40.0,37.0,10.0
2023-02-16T10:00:00Z,0.88,36.0,50.0,11.0
2023-02-16T11:00:00Z,0.85,29.0,70.0,13.0
2023-02-16T12:00:00Z,0.82,22.0,87.0,13.0
2023-02-16T13:00:00Z,0.8,18.0,102.0,13.0
2023-02-16T14:00:00Z,0.74,17.0,112.0,12.0
2023-02-16T15:00:00Z,0.75,17.0,114.0,11.0
2023-02-16T16:00:00Z,0.71,20.0,115.0,11.0
2023-02-16T17:00:00Z,0.73,21.0,113.0,10.0
2023-02-16T18:00:00Z,0.74,24.0,105.0,10.0
2023-02-16T19:00:00Z,0.78,27.0,96.0,10.0
2023-02-16T20:00:00Z,0.81,28.0,90.0,10.0
2023-02-16T21:00:00Z,0.81,28.0,83.0,9.0
2023-02-16T22:00:00Z,0.84,29.0,81.0,10.0
2023-02-16T23:00:00Z,0.84,28.0,82.0,10.0
2023-02-17T00:00:00Z,0.8,25.0,82.0,9.0
2023-02-17T01:00:00Z,0.8,24.0,80.0,9.0
2023-02-17T02:00:00Z,0.78,25.0,71.0,9.0
2023-02-17T03:00:00Z,0.78,23.0,65.0,8.0
2023-02-17T04:00:00Z,0.76,22.0,61.0,8.0
2023-02-17T05:00:00Z,0.79,24.0,53.0,8.0
2023-02-17T06:00:00Z,0.81,33.0,39.0,7.0
2023-02-17T07:00:00Z,0.85,50.0,21.0,8.0
2023-02-17T08:00:00Z,0.92,49.0,22.0,8.0
2023-02-17T09:00:00Z,0.86,38.0,40.0,10.0
2023-02-17T10:00:00Z,0.8,31.0,56.0,11.0
2023-02-17T11:00:00Z,0.85,29.0,67.0,10.0
2023-02-17T12:00:00Z,0.91,32.0,66.0,10.0
2023-02-17T13:00:00Z,0.88,31.0,70.0,11.0
2023-02-17T14:00:00Z,0.85,26.0,84.0,11.0
2023-02-17T15:00:00Z,0.71,22.0,99.0,10.0
2023-02-17T16:00:00Z,0.7,22.0,103.0,9.0
2023-02-17T17:00:00Z,0.67,22.0,102.0,9.0
2023-02-17T18:00:00Z,0.66,28.0,93.0,8.0
2023-02-17T19:00:00Z,0.73,33.0,83.0,8.0
2023-02-17T20:00:00Z,0.76,34.0,75.0,9.0
2023-02-17T21:00:00Z,0.81,34.0,66.0,9.0
2023-02-17T22:00:00Z,0.82,33.0,59.0,8.0
2023-02-17T23:00:00Z,0.86,32.0,49.0,9.0
2023-02-18T00:00:00Z,0.94,32.0,39.0,9.0
2023-02-18T01:00:00Z,0.93,32.0,34.0,9.0
2023-02-18T02:00:00Z,0.95,34.0,29.0,9.0
2023-02-18T03:00:00Z,0.94,39.0,20.0,9.0
2023-02-18T04:00:00Z,0.92,42.0,14.0,9.0
2023-02-18T05:00:00Z,0.93,44.0,10.0,9.0
2023-02-18T06:00:00Z,0.91,43.0,10.0,10.0
2023-02-18T07:00:00Z,0.98,44.0,8.0,10.0
2023-02-18T08:00:00Z,0.96,45.0,7.0,12.0
2023-02-18T09:00:00Z,0.99,43.0,7.0,12.0
2023-02-18T10:00:00Z,1.03,42.0,10.0,13.0
2023-02-18T11:00:00Z,1.07,42.0,17.0,13.0
2023-02-18T12:00:00Z,1.09,43.0,30.0,13.0
2023-02-18T13:00:00Z,1.01,32.0,67.0,13.0
2023-02-18T14:00:00Z,0.91,25.0,92.0,12.0
2023-02-18T15:00:00Z,0.84,22.0,106.0,10.0
2023-02-18T16:00:00Z,0.83,23.0,106.0,10.0
2023-02-18T17:00:00Z,0.83,24.0,103.0,10.0
2023-02-18T18:00:00Z,0.85,27.0,94.0,10.0
2023-02-18T19:00:00Z,0.94,33.0,77.0,9.0
2023-02-18T20:00:00Z,0.98,36.0,65.0,9.0
2023-02-18T21:00:00Z,0.98,33.0,63.0,9.0
2023-02-18T22:00:00Z,0.98,32.0,60.0,9.0
2023-02-18T23:00:00Z,0.96,28.0,61.0,11.0
2023-02-19T00:00:00Z,0.98,31.0,59.0,12.0
2023-02-19T01:00:00Z,0.9,25.0,67.0,10.0
2023-02-19T02:00:00Z,0.76,18.0,73.0,9.0
2023-02-19T03:00:00Z,0.84,22.0,63.0,8.0
2023-02-19T04:00:00Z,0.9,26.0,54.0,9.0
2023-02-19T05:00:00Z,0.98,29.0,45.0,10.0
2023-02-19T06:00:00Z,0.93,29.0,45.0,9.0
2023-02-19T07:00:00Z,0.87,28.0,45.0,9.0
2023-02-19T09:00:00Z,0.8,30.0,47.0,14.0
2023-02-19T10:00:00Z,0.79,25.0,60.0,15.0
2023-02-19T11:00:00Z,0.69,21.0,72.0,12.0
2023-02-19T12:00:00Z,0.6,17.0,82.0,11.0
2023-02-19T13:00:00Z,0.58,16.0,87.0,11.0
2023-02-19T14:00:00Z,0.55,15.0,91.0,11.0
2023-02-19T15:00:00Z,0.56,16.0,96.0,9.0
2023-02-19T16:00:00Z,0.58,16.0,102.0,9.0
2023-02-19T17:00:00Z,0.59,17.0,108.0,9.0
2023-02-19T18:00:00Z,0.6,20.0,105.0,9.0
2023-02-19T19:00:00Z,0.69,28.0,89.0,9.0
2023-02-19T20:00:00Z,0.74,35.0,74.0,8.0
2023-02-19T21:00:00Z,0.81,44.0,56.0,8.0
2023-02-19T22:00:00Z,0.89,55.0,36.0,8.0
2023-02-19T23:00:00Z,0.9,58.0,28.0,8.0
2023-02-20T00:00:00Z,0.9,58.0,23.0,7.0
2023-02-20T01:00:00Z,0.98,62.0,17.0,8.0
2023-02-20T02:00:00Z,0.98,62.0,13.0,8.0
2023-02-20T03:00:00Z,0.97,61.0,10.0,9.0
2023-02-20T04:00:00Z,1.01,64.0,8.0,10.0
2023-02-20T05:00:00Z,1.09,67.0,4.0,9.0
2023-02-20T06:00:00Z,1.06,69.0,4.0,10.0
2023-02-20T07:00:00Z,1.18,67.0,6.0,10.0
2023-02-20T08:00:00Z,1.35,69.0,7.0,15.0
2023-02-20T09:00:00Z,1.4,78.0,8.0,14.0
2023-02-20T10:00:00Z,1.16,77.0,26.0,15.0
2023-02-20T11:00:00Z,0.93,58.0,57.0,13.0
2023-02-20T12:00:00Z,0.74,34.0,86.0,12.0
2023-02-20T14:00:00Z,0.66,22.0,109.0,12.0
2023-02-20T15:00:00Z,0.64,22.0,111.0,14.0
2023-02-20T16:00:00Z,0.65,24.0,112.0,15.0
2023-02-20T17:00:00Z,0.7,31.0,103.0,13.0
2023-02-20T18:00:00Z,0.7,37.0,90.0,12.0
2023-02-20T19:00:00Z,0.74,43.0,73.0,12.0
2023-02-20T20:00:00Z,0.82,41.0,68.0,13.0
2023-02-20T21:00:00Z,0.83,36.0,68.0,12.0
2023-02-20T22:00:00Z,0.67,25.0,72.0,9.0
2023-02-20T23:00:00Z,0.66,21.0,74.0,9.0
2023-02-21T00:00:00Z,0.62,20.0,68.0,10.0
2023-02-21T01:00:00Z,0.62,20.0,66.0,11.0
2023-02-21T02:00:00Z,0.65,20.0,62.0,11.0
2023-02-21T03:00:00Z,0.7,21.0,55.0,12.0
2023-02-21T04:00:00Z,0.71,20.0,54.0,13.0
2023-02-21T05:00:00Z,0.66,16.0,62.0,9.0
2023-02-21T06:00:00Z,0.66,14.0,62.0,10.0
2023-02-21T07:00:00Z,0.76,17.0,57.0,11.0
2023-02-21T08:00:00Z,0.8,20.0,53.0,12.0
2023-02-21T09:00:00Z,0.88,21.0,54.0,13.0
2023-02-21T10:00:00Z,0.81,17.0,60.0,13.0
2023-02-21T11:00:00Z,0.72,16.0,66.0,13.0
2023-02-21T16:00:00Z,0.58,17.0,80.0,10.0
2023-02-21T17:00:00Z,0.56,18.0,80.0,9.0
2023-02-21T18:00:00Z,0.55,19.0,80.0,9.0
2023-02-21T19:00:00Z,0.57,19.0,80.0,9.0
2023-02-21T20:00:00Z,0.59,24.0,73.0,10.0
2023-02-21T21:00:00Z,0.57,26.0,68.0,12.0
2023-02-21T22:00:00Z,0.59,26.0,64.0,11.0
2023-02-21T23:00:00Z,0.57,24.0,63.0,10.0
2023-02-22T00:00:00Z,0.59,21.0,61.0,9.0
2023-02-22T02:00:00Z,0.64,22.0,56.0,10.0
2023-02-22T03:00:00Z,0.63,23.0,53.0,8.0
2023-02-22T04:00:00Z,0.64,24.0,50.0,8.0
2023-02-22T05:00:00Z,0.66,26.0,43.0,8.0
2023-02-22T06:00:00Z,0.65,27.0,41.0,9.0
2023-02-22T07:00:00Z,0.69,28.0,40.0,11.0
2023-02-22T08:00:00Z,0.71,30.0,39.0,13.0
2023-02-22T09:00:00Z,0.75,30.0,42.0,14.0
2023-02-22T10:00:00Z,0.7,27.0,48.0,13.0
2023-02-22T11:00:00Z,0.68,24.0,56.0,12.0
2023-02-22T12:00:00Z,0.67,21.0,62.0,11.0
2023-02-22T13:00:00Z,0.62,19.0,65.0,10.0
2023-02-22T14:00:00Z,0.57,13.0,75.0,7.0
2023-02-22T15:00:00Z,0.6,15.0,73.0,7.0
2023-02-22T16:00:00Z,0.59,15.0,73.0,6.0
2023-02-22T17:00:00Z,0.59,17.0,70.0,6.0
2023-02-22T18:00:00Z,0.57,18.0,69.0,6.0
2023-02-22T19:00:00Z,0.64,20.0,64.0,6.0
2023-02-22T20:00:00Z,0.64,22.0,59.0,6.0
2023-02-22T21:00:00Z,0.63,22.0,56.0,7.0
2023-02-22T22:00:00Z,0.64,23.0,54.0,6.0
2023-02-22T23:00:00Z,0.63,24.0,52.0,6.0
2023-02-23T00:00:00Z,0.65,24.0,45.0,7.0
2023-02-23T01:00:00Z,0.65,23.0,41.0,7.0
2023-02-23T02:00:00Z,0.66,27.0,34.0,7.0
2023-02-23T03:00:00Z,0.71,30.0,26.0,7.0
2023-02-23T04:00:00Z,0.71,37.0,16.0,7.0
2023-02-23T05:00:00Z,0.75,44.0,9.0,7.0
2023-02-23T06:00:00Z,0.75,45.0,7.0,7.0
2023-02-23T07:00:00Z,0.79,45.0,7.0,7.0
2023-02-23T08:00:00Z,0.81,45.0,9.0,7.0
2023-02-23T09:00:00Z,0.72,33.0,33.0,9.0
2023-02-23T10:00:00Z,0.65,22.0,52.0,10.0
2023-02-23T11:00:00Z,0.6,17.0,63.0,7.0
2023-02-23T12:00:00Z,0.6,18.0,70.0,8.0
2023-02-23T13:00:00Z,0.57,15.0,78.0,7.0
2023-02-23T14:00:00Z,0.53,13.0,80.0,7.0
2023-02-23T15:00:00Z,0.57,14.0,76.0,7.0
2023-02-23T16:00:00Z,0.55,15.0,74.0,7.0
2023-02-23T17:00:00Z,0.55,15.0,73.0,6.0
2023-02-23T18:00:00Z,0.54,16.0,68.0,6.0
2023-02-23T19:00:00Z,0.55,19.0,59.0,6.0
2023-02-23T20:00:00Z,0.58,19.0,56.0,6.0
2023-02-23T21:00:00Z,0.6,21.0,53.0,6.0
2023-02-23T22:00:00Z,0.63,24.0,49.0,6.0
2023-02-23T23:00:00Z,0.62,26.0,45.0,7.0
2023-02-24T00:00:00Z,0.66,26.0,42.0,6.0
2023-02-24T01:00:00Z,0.66,32.0,29.0,6.0
2023-02-24T02:00:00Z,0.67,37.0,20.0,6.0
2023-02-24T03:00:00Z,0.7,39.0,16.0,7.0
2023-02-24T04:00:00Z,0.71,44.0,8.0,7.0
2023-02-24T05:00:00Z,0.78,42.0,8.0,9.0
2023-02-24T06:00:00Z,0.78,39.0,10.0,8.0
2023-02-24T07:00:00Z,0.79,41.0,8.0,8.0
2023-02-24T08:00:00Z,0.86,41.0,10.0,8.0
2023-02-24T09:00:00Z,0.9,36.0,21.0,10.0
2023-02-24T10:00:00Z,0.85,29.0,39.0,11.0
2023-02-24T11:00:00Z,0.85,29.0,49.0,13.0
2023-02-24T12:00:00Z,0.8,27.0,62.0,12.0
2023-02-24T13:00:00Z,0.73,23.0,82.0,12.0
2023-02-24T14:00:00Z,0.76,21.0,101.0,13.0
2023-02-24T15:00:00Z,0.76,22.0,110.0,12.0
2023-02-24T16:00:00Z,0.76,24.0,115.0,12.0
2023-02-24T17:00:00Z,0.75,26.0,117.0,12.0
2023-02-24T18:00:00Z,0.81,31.0,107.0,13.0
2023-02-24T19:00:00Z,0.88,43.0,87.0,12.0
2023-02-24T20:00:00Z,0.94,54.0,66.0,11.0
2023-02-24T21:00:00Z,1.05,51.0,65.0,13.0
2023-02-24T22:00:00Z,1.15,38.0,72.0,14.0
2023-02-24T23:00:00Z,1.1,35.0,68.0,13.0
2023-02-25T00:00:00Z,1.04,33.0,61.0,13.0
2023-02-25T01:00:00Z,0.98,29.0,60.0,13.0
2023-02-25T02:00:00Z,0.77,26.0,58.0,11.0
2023-02-25T03:00:00Z,0.64,22.0,59.0,9.0
2023-02-25T04:00:00Z,0.61,20.0,59.0,9.0
2023-02-25T05:00:00Z,0.66,18.0,61.0,9.0
2023-02-25T06:00:00Z,0.59,16.0,67.0,8.0
2023-02-25T07:00:00Z,0.59,19.0,60.0,8.0
2023-02-25T08:00:00Z,0.62,22.0,54.0,10.0
2023-02-25T09:00:00Z,0.65,20.0,62.0,12.0
2023-02-25T10:00:00Z,0.66,17.0,70.0,12.0
2023-02-25T11:00:00Z,0.65,16.0,76.0,11.0
2023-02-25T12:00:00Z,0.64,14.0,81.0,11.0
2023-02-25T13:00:00Z,0.62,14.0,86.0,11.0
2023-02-25T14:00:00Z,0.56,15.0,89.0,9.0
2023-02-25T15:00:00Z,0.56,17.0,91.0,9.0
2023-02-25T16:00:00Z,0.58,17.0,98.0,10.0
2023-02-25T17:00:00Z,0.58,19.0,99.0,12.0
2023-02-25T18:00:00Z,0.59,22.0,92.0,11.0
2023-02-25T19:00:00Z,0.65,29.0,78.0,9.0
2023-02-25T20:00:00Z,0.76,40.0,60.0,10.0
2023-02-25T21:00:00Z,0.85,55.0,39.0,9.0
2023-02-25T22:00:00Z,0.85,59.0,32.0,10.0
2023-02-25T23:00:00Z,0.89,62.0,24.0,9.0
2023-02-26T00:00:00Z,0.93,65.0,17.0,9.0
2023-02-26T01:00:00Z,0.9,71.0,11.0,10.0
2023-02-26T02:00:00Z,0.86,68.0,13.0,10.0
2023-02-26T03:00:00Z,0.88,63.0,13.0,10.0
2023-02-26T04:00:00Z,0.86,60.0,15.0,10.0
2023-02-26T05:00:00Z,0.89,57.0,16.0,10.0
2023-02-26T06:00:00Z,1.0,67.0,6.0,10.0
2023-02-26T07:00:00Z,1.09,73.0,6.0,12.0
2023-02-26T08:00:00Z,1.11,70.0,6.0,11.0
2023-02-26T09:00:00Z,1.14,69.0,16.0,15.0
2023-02-26T10:00:00Z,0.99,58.0,37.0,17.0
2023-02-26T11:00:00Z,0.8,39.0,67.0,14.0
2023-02-26T12:00:00Z,0.69,28.0,89.0,13.0
2023-02-26T13:00:00Z,0.69,23.0,104.0,11.0
2023-02-26T14:00:00Z,0.63,19.0,112.0,10.0
2023-02-26T15:00:00Z,0.6,16.0,119.0,10.0
2023-02-26T16:00:00Z,0.59,17.0,123.0,10.0
2023-02-26T17:00:00Z,0.63,18.0,123.0,10.0
2023-02-26T18:00:00Z,0.63,21.0,114.0,10.0
2023-02-26T19:00:00Z,0.66,32.0,94.0,10.0
2023-02-26T20:00:00Z,0.7,35.0,83.0,10.0
2023-02-26T21:00:00Z,0.72,32.0,82.0,11.0
2023-02-26T22:00:00Z,0.76,32.0,79.0,10.0
2023-02-26T23:00:00Z,0.73,32.0,73.0,11.0
2023-02-27T00:00:00Z,0.71,30.0,70.0,11.0
2023-02-27T01:00:00Z,0.7,27.0,70.0,10.0
2023-02-27T02:00:00Z,0.69,27.0,70.0,10.0
2023-02-27T03:00:00Z,0.71,30.0,64.0,13.0
2023-02-27T04:00:00Z,0.71,30.0,63.0,13.0
2023-02-27T05:00:00Z,0.71,32.0,60.0,12.0
2023-02-27T06:00:00Z,0.74,35.0,55.0,14.0
2023-02-27T07:00:00Z,0.79,40.0,50.0,13.0
2023-02-27T08:00:00Z,0.81,44.0,48.0,13.0
2023-02-27T09:00:00Z,0.86,40.0,58.0,15.0
2023-02-27T10:00:00Z,0.84,33.0,72.0,13.0
2023-02-27T11:00:00Z,0.8,25.0,88.0,13.0
2023-02-27T13:00:00Z,0.69,20.0,106.0,9.0
2023-02-27T14:00:00Z,0.62,19.0,112.0,8.0
2023-02-27T15:00:00Z,0.61,16.0,119.0,8.0
2023-02-27T16:00:00Z,0.57,16.0,122.0,7.0
2023-02-27T17:00:00Z,0.6,17.0,120.0,8.0
2023-02-27T18:00:00Z,0.63,21.0,115.0,8.0
2023-02-27T19:00:00Z,0.69,29.0,101.0,8.0
2023-02-27T20:00:00Z,0.7,34.0,91.0,9.0
2023-02-27T21:00:00Z,0.73,34.0,87.0,10.0
2023-02-27T22:00:00Z,0.76,40.0,76.0,10.0
2023-02-27T23:00:00Z,0.8,43.0,67.0,10.0
2023-02-28T00:00:00Z,0.84,45.0,60.0,11.0
2023-02-28T01:00:00Z,0.85,40.0,61.0,11.0
2023-02-28T02:00:00Z,0.86,42.0,55.0,11.0
2023-02-28T03:00:00Z,0.85,40.0,50.0,11.0
2023-02-28T04:00:00Z,0.88,38.0,46.0,11.0
2023-02-28T05:00:00Z,0.89,41.0,37.0,10.0
2023-02-28T06:00:00Z,0.87,40.0,36.0,11.0
2023-02-28T07:00:00Z,0.91,44.0,29.0,12.0
2023-02-28T08:00:00Z,0.95,47.0,24.0,11.0
2023-02-28T09:00:00Z,0.95,44.0,35.0,11.0
2023-02-28T10:00:00Z,0.89,40.0,56.0,13.0
2023-02-28T11:00:00Z,0.88,40.0,68.0,15.0
2023-02-28T12:00:00Z,0.88,45.0,74.0,14.0
2023-02-28T13:00:00Z,0.87,41.0,81.0,14.0
2023-02-28T14:00:00Z,0.89,43.0,81.0,13.0
2023-02-28T15:00:00Z,0.89,44.0,81.0,13.0
2023-02-28T16:00:00Z,0.88,44.0,81.0,12.0
2023-02-28T17:00:00Z,0.86,41.0,83.0,13.0
2023-02-28T18:00:00Z,0.88,48.0,76.0,12.0
2023-02-28T19:00:00Z,1.11,71.0,42.0,11.0
2023-02-28T20:00:00Z,1.25,84.0,22.0,11.0
2023-02-28T21:00:00Z,1.34,88.0,13.0,10.0
2023-02-28T22:00:00Z,1.36,87.0,9.0,10.0
2023-02-28T23:00:00Z,1.39,87.0,6.0,10.0
2023-03-01T00:00:00Z,1.46,86.0,5.0,10.0
2023-03-01T01:00:00Z,1.41,81.0,5.0,10.0
2023-03-01T02:00:00Z,1.36,80.0,5.0,10.0
2023-03-01T03:00:00Z,1.2,79.0,8.0,12.0
2023-03-01T04:00:00Z,1.16,75.0,17.0,15.0
2023-03-01T05:00:00Z,1.14,74.0,16.0,16.0
2023-03-01T06:00:00Z,1.21,78.0,11.0,18.0
2023-03-01T07:00:00Z,1.3,83.0,7.0,19.0
2023-03-01T08:00:00Z,1.37,78.0,11.0,18.0
2023-03-01T09:00:00Z,1.41,70.0,22.0,18.0
2023-03-01T10:00:00Z,1.35,56.0,49.0,18.0
2023-03-01T11:00:00Z,1.09,37.0,86.0,14.0
2023-03-01T12:00:00Z,0.79,21.0,103.0,10.0
2023-03-01T13:00:00Z,0.67,14.0,106.0,9.0
2023-03-01T14:00:00Z,0.6,13.0,117.0,8.0
2023-03-01T15:00:00Z,0.61,13.0,125.0,9.0
2023-03-01T16:00:00Z,0.63,15.0,130.0,9.0
2023-03-01T17:00:00Z,0.61,17.0,129.0,9.0
2023-03-01T18:00:00Z,0.66,23.0,120.0,9.0
2023-03-01T19:00:00Z,0.7,31.0,107.0,10.0
2023-03-01T20:00:00Z,0.76,40.0,91.0,11.0
2023-03-01T21:00:00Z,0.79,44.0,78.0,13.0
2023-03-01T22:00:00Z,0.75,41.0,71.0,13.0
2023-03-01T23:00:00Z,0.81,45.0,60.0,12.0
2023-03-02T01:00:00Z,0.82,49.0,46.0,14.0
2023-03-02T02:00:00Z,0.84,43.0,47.0,16.0
2023-03-02T03:00:00Z,0.81,40.0,42.0,15.0
2023-03-02T04:00:00Z,0.78,41.0,36.0,14.0
2023-03-02T05:00:00Z,0.86,41.0,33.0,16.0
2023-03-02T06:00:00Z,0.89,38.0,35.0,15.0
2023-03-02T07:00:00Z,0.76,37.0,37.0,12.0
2023-03-02T08:00:00Z,0.7,37.0,42.0,12.0
2023-03-02T09:00:00Z,0.68,29.0,55.0,14.0
2023-03-02T10:00:00Z,0.64,21.0,67.0,12.0
2023-03-02T11:00:00Z,0.59,18.0,74.0,8.0
2023-03-02T12:00:00Z,0.57,16.0,90.0,8.0
2023-03-02T13:00:00Z,0.57,14.0,103.0,8.0
2023-03-02T14:00:00Z,0.59,13.0,114.0,8.0
2023-03-02T15:00:00Z,0.57,14.0,118.0,8.0
2023-03-02T16:00:00Z,0.56,14.0,119.0,8.0
2023-03-02T17:00:00Z,0.56,16.0,115.0,8.0
2023-03-02T18:00:00Z,0.54,19.0,109.0,8.0
2023-03-02T19:00:00Z,0.64,27.0,97.0,8.0
2023-03-02T20:00:00Z,0.68,31.0,86.0,8.0
2023-03-02T21:00:00Z,0.7,32.0,83.0,9.0
2023-03-02T22:00:00Z,0.72,32.0,80.0,10.0
2023-03-02T23:00:00Z,0.71,32.0,76.0,11.0
2023-03-03T00:00:00Z,0.71,31.0,73.0,12.0
2023-03-03T01:00:00Z,0.69,32.0,70.0,10.0
2023-03-03T02:00:00Z,0.7,36.0,65.0,10.0
2023-03-03T03:00:00Z,0.66,40.0,59.0,10.0
2023-03-03T04:00:00Z,0.68,38.0,55.0,10.0
2023-03-03T05:00:00Z,0.71,39.0,49.0,10.0
2023-03-03T06:00:00Z,0.75,39.0,49.0,12.0
2023-03-03T07:00:00Z,0.79,44.0,45.0,12.0
2023-03-03T08:00:00Z,0.88,53.0,43.0,14.0
2023-03-03T09:00:00Z,0.89,49.0,56.0,14.0
2023-03-03T10:00:00Z,0.89,41.0,77.0,15.0
2023-03-03T11:00:00Z,0.8,31.0,100.0,14.0
2023-03-03T12:00:00Z,0.73,25.0,112.0,12.0
2023-03-03T13:00:00Z,0.64,21.0,121.0,12.0
2023-03-03T14:00:00Z,0.64,18.0,128.0,11.0
2023-03-03T15:00:00Z,0.62,18.0,140.0,11.0
2023-03-03T16:00:00Z,0.61,20.0,147.0,11.0
2023-03-03T17:00:00Z,0.62,21.0,148.0,11.0
2023-03-03T18:00:00Z,0.66,27.0,134.0,10.0
2023-03-03T19:00:00Z,0.73,38.0,107.0,10.0
2023-03-03T20:00:00Z,0.78,42.0,91.0,11.0
2023-03-03T21:00:00Z,0.76,39.0,88.0,12.0
2023-03-03T22:00:00Z,0.78,47.0,73.0,11.0
2023-03-03T23:00:00Z,0.78,51.0,65.0,11.0
2023-03-04T00:00:00Z,0.75,44.0,68.0,13.0
2023-03-04T01:00:00Z,0.78,46.0,60.0,13.0
2023-03-04T02:00:00Z,0.77,54.0,47.0,13.0
2023-03-04T03:00:00Z,0.8,54.0,42.0,12.0
2023-03-04T04:00:00Z,0.78,57.0,33.0,11.0
2023-03-04T05:00:00Z,0.81,62.0,23.0,12.0
2023-03-04T06:00:00Z,0.87,78.0,10.0,12.0
2023-03-04T07:00:00Z,0.89,80.0,8.0,13.0
2023-03-04T08:00:00Z,0.94,76.0,10.0,15.0
2023-03-04T09:00:00Z,0.93,69.0,20.0,17.0
2023-03-04T10:00:00Z,0.94,61.0,36.0,17.0
2023-03-04T11:00:00Z,0.92,57.0,57.0,18.0
2023-03-04T12:00:00Z,0.9,50.0,82.0,17.0
2023-03-04T13:00:00Z,0.83,39.0,102.0,15.0
2023-03-04T14:00:00Z,0.8,32.0,118.0,15.0
2023-03-04T15:00:00Z,0.75,25.0,132.0,14.0
2023-03-04T16:00:00Z,0.66,18.0,138.0,13.0
2023-03-04T17:00:00Z,0.63,18.0,137.0,12.0
2023-03-04T18:00:00Z,0.66,22.0,130.0,11.0
2023-03-04T19:00:00Z,0.78,41.0,100.0,12.0
2023-03-04T20:00:00Z,0.98,62.0,72.0,14.0
2023-03-04T21:00:00Z,0.98,57.0,75.0,13.0
2023-03-04T22:00:00Z,0.96,58.0,66.0,13.0
2023-03-04T23:00:00Z,0.99,55.0,56.0,13.0
2023-03-05T00:00:00Z,1.0,57.0,47.0,12.0
2023-03-05T01:00:00Z,0.99,61.0,36.0,11.0
2023-03-05T02:00:00Z,0.97,75.0,21.0,11.0
2023-03-05T03:00:00Z,1.0,77.0,15.0,10.0
2023-03-05T04:00:00Z,0.99,80.0,11.0,11.0
2023-03-05T05:00:00Z,1.01,81.0,10.0,11.0
2023-03-05T06:00:00Z,1.02,81.0,9.0,11.0
2023-03-05T07:00:00Z,1.06,78.0,9.0,11.0
2023-03-05T08:00:00Z,1.14,70.0,13.0,13.0
2023-03-05T09:00:00Z,1.14,64.0,24.0,17.0
2023-03-05T10:00:00Z,1.13,62.0,39.0,20.0
2023-03-05T11:00:00Z,1.04,58.0,62.0,20.0
2023-03-05T12:00:00Z,1.04,52.0,90.0,19.0
2023-03-05T13:00:00Z,0.9,39.0,123.0,18.0
2023-03-05T14:00:00Z,0.7,20.0,154.0,12.0
2023-03-05T15:00:00Z,0.63,16.0,160.0,10.0
2023-03-05T16:00:00Z,0.63,15.0,165.0,10.0
2023-03-05T17:00:00Z,0.63,15.0,164.0,10.0
2023-03-05T18:00:00Z,0.65,19.0,150.0,10.0
2023-03-05T19:00:00Z,0.67,26.0,134.0,18.0
2023-03-05T20:00:00Z,0.71,31.0,125.0,10.0
2023-03-05T21:00:00Z,0.73,29.0,126.0,14.0
2023-03-05T22:00:00Z,0.8,28.0,120.0,15.0
2023-03-05T23:00:00Z,0.74,27.0,123.0,14.0
2023-03-06T00:00:00Z,0.71,24.0,123.0,15.0
2023-03-06T01:00:00Z,0.69,25.0,119.0,13.0
2023-03-06T02:00:00Z,0.71,30.0,108.0,11.0
2023-03-06T03:00:00Z,0.72,30.0,105.0,12.0
2023-03-06T04:00:00Z,0.75,31.0,99.0,12.0
2023-03-06T05:00:00Z,0.75,34.0,90.0,12.0
2023-03-06T06:00:00Z,0.79,37.0,81.0,12.0
2023-03-06T07:00:00Z,0.85,43.0,68.0,12.0
2023-03-06T08:00:00Z,0.88,51.0,58.0,13.0
2023-03-06T09:00:00Z,0.9,51.0,61.0,15.0
2023-03-06T10:00:00Z,0.91,52.0,68.0,17.0
2023-03-06T11:00:00Z,0.84,44.0,95.0,16.0
2023-03-06T12:00:00Z,0.74,28.0,126.0,14.0
2023-03-06T13:00:00Z,0.63,19.0,149.0,12.0
2023-03-06T14:00:00Z,0.66,15.0,159.0,12.0
2023-03-06T15:00:00Z,0.62,16.0,162.0,12.0
2023-03-06T16:00:00Z,0.63,16.0,162.0,11.0
2023-03-06T17:00:00Z,0.64,17.0,159.0,11.0
2023-03-06T18:00:00Z,0.66,22.0,149.0,11.0
2023-03-06T19:00:00Z,0.69,31.0,128.0,11.0
2023-03-06T20:00:00Z,0.76,43.0,103.0,12.0
2023-03-06T21:00:00Z,0.84,52.0,79.0,15.0
2023-03-06T22:00:00Z,0.87,53.0,69.0,13.0
2023-03-06T23:00:00Z,0.89,56.0,57.0,12.0
2023-03-07T00:00:00Z,0.88,65.0,45.0,12.0
2023-03-07T01:00:00Z,0.86,68.0,37.0,13.0
2023-03-07T02:00:00Z,0.81,62.0,38.0,12.0
2023-03-07T03:00:00Z,0.84,61.0,34.0,12.0
2023-03-07T04:00:00Z,0.8,58.0,31.0,11.0
2023-03-07T05:00:00Z,0.81,63.0,21.0,11.0
2023-03-07T06:00:00Z,0.77,62.0,22.0,12.0
2023-03-07T07:00:00Z,0.81,67.0,18.0,13.0
2023-03-07T08:00:00Z,0.93,68.0,19.0,15.0
2023-03-07T09:00:00Z,0.94,61.0,35.0,19.0
2023-03-07T10:00:00Z,0.95,59.0,51.0,22.0
2023-03-07T11:00:00Z,0.91,51.0,81.0,20.0
2023-03-07T12:00:00Z,0.79,30.0,127.0,15.0
2023-03-07T13:00:00Z,0.7,21.0,149.0,13.0
2023-03-07T14:00:00Z,0.64,15.0,162.0,12.0
2023-03-07T15:00:00Z,0.63,14.0,165.0,11.0
2023-03-07T16:00:00Z,0.63,14.0,168.0,11.0
2023-03-07T17:00:00Z,0.63,16.0,163.0,11.0
2023-03-07T18:00:00Z,0.63,21.0,148.0,10.0
2023-03-07T19:00:00Z,0.7,27.0,127.0,11.0
2023-03-07T20:00:00Z,0.79,36.0,104.0,12.0
2023-03-07T21:00:00Z,0.78,38.0,98.0,14.0
2023-03-07T22:00:00Z,0.83,43.0,91.0,16.0
2023-03-07T23:00:00Z,0.89,50.0,77.0,17.0
2023-03-08T00:00:00Z,0.88,45.0,73.0,16.0
2023-03-08T01:00:00Z,0.92,47.0,64.0,16.0
2023-03-08T02:00:00Z,0.96,51.0,61.0,18.0
2023-03-08T03:00:00Z,0.89,40.0,71.0,17.0
2023-03-08T04:00:00Z,0.86,35.0,75.0,15.0
2023-03-08T05:00:00Z,0.82,27.0,80.0,15.0
2023-03-08T06:00:00Z,0.88,30.0,76.0,14.0
2023-03-08T07:00:00Z,0.96,37.0,68.0,15.0
2023-03-08T08:00:00Z,1.02,44.0,61.0,15.0
2023-03-08T09:00:00Z,0.97,38.0,79.0,14.0
2023-03-08T10:00:00Z,0.81,22.0,102.0,14.0
2023-03-08T11:00:00Z,0.83,19.0,116.0,15.0
2023-03-08T12:00:00Z,0.84,18.0,129.0,17.0
2023-03-08T13:00:00Z,0.72,15.0,136.0,13.0
2023-03-08T14:00:00Z,0.64,12.0,135.0,12.0
2023-03-08T15:00:00Z,0.57,13.0,137.0,11.0
2023-03-08T16:00:00Z,0.55,13.0,140.0,10.0
2023-03-08T17:00:00Z,0.53,13.0,137.0,9.0
2023-03-08T18:00:00Z,0.55,18.0,137.0,10.0
2023-03-08T19:00:00Z,0.63,24.0,130.0,10.0
2023-03-08T20:00:00Z,0.7,25.0,131.0,10.0
2023-03-08T21:00:00Z,0.72,29.0,112.0,11.0
2023-03-08T22:00:00Z,0.72,30.0,97.0,11.0
2023-03-08T23:00:00Z,0.76,35.0,82.0,11.0
2023-03-09T00:00:00Z,0.81,39.0,69.0,11.0
2023-03-09T01:00:00Z,0.84,45.0,52.0,10.0
2023-03-09T02:00:00Z,0.85,54.0,38.0,10.0
2023-03-09T03:00:00Z,1.04,61.0,31.0,11.0
2023-03-09T04:00:00Z,0.99,54.0,34.0,13.0
2023-03-09T05:00:00Z,0.91,51.0,32.0,13.0
2023-03-09T06:00:00Z,0.94,57.0,22.0,12.0
2023-03-09T07:00:00Z,0.99,62.0,29.0,14.0
2023-03-09T08:00:00Z,1.19,72.0,29.0,18.0
2023-03-09T09:00:00Z,1.14,79.0,40.0,23.0
2023-03-09T10:00:00Z,1.01,60.0,82.0,22.0
2023-03-09T11:00:00Z,0.96,37.0,117.0,22.0
2023-03-09T12:00:00Z,0.93,26.0,138.0,19.0
2023-03-09T13:00:00Z,0.86,22.0,150.0,17.0
2023-03-09T14:00:00Z,0.76,16.0,160.0,14.0
2023-03-09T15:00:00Z,0.71,14.0,169.0,13.0
2023-03-09T16:00:00Z,0.7,14.0,172.0,11.0
2023-03-09T17:00:00Z,0.65,14.0,167.0,10.0
2023-03-09T18:00:00Z,0.65,18.0,153.0,10.0
2023-03-09T19:00:00Z,0.71,23.0,134.0,11.0
2023-03-09T20:00:00Z,0.76,32.0,109.0,11.0
2023-03-09T21:00:00Z,0.84,41.0,90.0,13.0
2023-03-09T22:00:00Z,0.84,44.0,83.0,15.0
2023-03-09T23:00:00Z,0.84,45.0,78.0,16.0
2023-03-10T00:00:00Z,0.89,41.0,78.0,16.0
2023-03-10T01:00:00Z,0.91,40.0,77.0,15.0
2023-03-10T02:00:00Z,0.95,37.0,77.0,14.0
2023-03-10T03:00:00Z,0.87,34.0,79.0,13.0
2023-03-10T04:00:00Z,0.84,30.0,83.0,12.0
2023-03-10T05:00:00Z,0.81,20.0,97.0,12.0
2023-03-10T06:00:00Z,0.76,16.0,105.0,13.0
2023-03-10T07:00:00Z,0.82,23.0,95.0,13.0
2023-03-10T08:00:00Z,0.91,36.0,80.0,13.0
2023-03-10T09:00:00Z,0.91,28.0,97.0,13.0
2023-03-10T10:00:00Z,0.9,23.0,111.0,12.0
2023-03-10T11:00:00Z,0.83,18.0,131.0,12.0
2023-03-10T12:00:00Z,0.77,14.0,142.0,11.0
2023-03-10T13:00:00Z,0.74,10.0,151.0,10.0
2023-03-10T14:00:00Z,0.74,12.0,157.0,10.0
2023-03-10T15:00:00Z,0.67,10.0,155.0,9.0
2023-03-10T16:00:00Z,0.64,10.0,156.0,9.0
2023-03-10T17:00:00Z,0.58,11.0,153.0,8.0
2023-03-10T18:00:00Z,0.6,15.0,144.0,8.0
2023-03-10T19:00:00Z,0.6,20.0,126.0,8.0
2023-03-10T20:00:00Z,0.63,24.0,111.0,8.0
2023-03-10T21:00:00Z,0.68,28.0,100.0,11.0
2023-03-10T22:00:00Z,0.69,29.0,97.0,13.0
2023-03-10T23:00:00Z,0.69,29.0,95.0,12.0
2023-03-11T00:00:00Z,0.69,27.0,93.0,13.0
2023-03-11T01:00:00Z,0.71,32.0,79.0,11.0
2023-03-11T02:00:00Z,0.72,41.0,61.0,11.0
2023-03-11T03:00:00Z,0.74,39.0,57.0,11.0
2023-03-11T04:00:00Z,0.75,40.0,51.0,11.0
2023-03-11T05:00:00Z,0.76,46.0,37.0,11.0
2023-03-11T06:00:00Z,0.8,56.0,25.0,11.0
2023-03-11T07:00:00Z,0.83,72.0,11.0,12.0
2023-03-11T08:00:00Z,0.91,74.0,10.0,13.0
2023-03-11T09:00:00Z,0.96,76.0,18.0,15.0
2023-03-11T10:00:00Z,0.86,49.0,55.0,21.0
2023-03-11T11:00:00Z,0.86,35.0,92.0,21.0
2023-03-11T12:00:00Z,0.86,30.0,115.0,18.0
2023-03-11T13:00:00Z,0.84,28.0,124.0,18.0
2023-03-11T14:00:00Z,0.82,23.0,140.0,16.0
2023-03-11T15:00:00Z,0.76,19.0,152.0,14.0
2023-03-11T16:00:00Z,0.8,21.0,148.0,12.0
2023-03-11T17:00:00Z,0.82,23.0,125.0,12.0
2023-03-11T18:00:00Z,0.76,24.0,102.0,10.0
2023-03-11T19:00:00Z,0.7,25.0,81.0,10.0
2023-03-11T20:00:00Z,0.72,25.0,75.0,10.0
2023-03-11T21:00:00Z,0.72,26.0,70.0,9.0
2023-03-11T22:00:00Z,0.71,22.0,79.0,8.0
2023-03-11T23:00:00Z,0.75,19.0,89.0,7.0
2023-03-12T00:00:00Z,0.7,14.0,98.0,6.0
2023-03-12T01:00:00Z,0.66,15.0,89.0,7.0
2023-03-12T02:00:00Z,0.64,16.0,82.0,7.0
2023-03-12T03:00:00Z,0.64,17.0,78.0,7.0
2023-03-12T04:00:00Z,0.69,27.0,59.0,8.0
2023-03-12T05:00:00Z,0.69,28.0,45.0,10.0
2023-03-12T06:00:00Z,0.64,23.0,48.0,11.0
2023-03-12T07:00:00Z,0.69,22.0,51.0,10.0
2023-03-12T08:00:00Z,0.64,16.0,62.0,8.0
2023-03-12T09:00:00Z,0.61,13.0,66.0,8.0
2023-03-12T10:00:00Z,0.59,11.0,72.0,9.0
2023-03-12T11:00:00Z,0.56,10.0,79.0,7.0
2023-03-12T12:00:00Z,0.55,10.0,82.0,7.0
2023-03-12T13:00:00Z,0.54,10.0,86.0,7.0
2023-03-12T14:00:00Z,0.51,9.0,89.0,6.0
2023-03-12T15:00:00Z,0.5,9.0,89.0,6.0
2023-03-12T16:00:00Z,0.52,10.0,91.0,6.0
2023-03-12T17:00:00Z,0.52,11.0,92.0,7.0
2023-03-12T18:00:00Z,0.47,12.0,90.0,8.0
2023-03-12T19:00:00Z,0.53,15.0,85.0,8.0
2023-03-12T20:00:00Z,0.51,18.0,80.0,8.0
2023-03-12T21:00:00Z,0.55,24.0,69.0,8.0
2023-03-12T22:00:00Z,0.57,29.0,59.0,8.0
2023-03-12T23:00:00Z,0.57,32.0,51.0,9.0
2023-03-13T00:00:00Z,0.6,34.0,45.0,11.0
2023-03-13T01:00:00Z,0.65,44.0,35.0,13.0
2023-03-13T02:00:00Z,0.64,46.0,30.0,13.0
2023-03-13T03:00:00Z,0.7,58.0,19.0,19.0
2023-03-13T04:00:00Z,0.7,53.0,24.0,19.0
2023-03-13T05:00:00Z,0.73,47.0,28.0,19.0
2023-03-13T06:00:00Z,0.78,48.0,26.0,23.0
2023-03-13T07:00:00Z,0.78,48.0,28.0,21.0
2023-03-13T08:00:00Z,0.74,41.0,42.0,19.0
2023-03-13T09:00:00Z,0.74,32.0,57.0,15.0
2023-03-13T10:00:00Z,0.65,24.0,69.0,14.0
2023-03-13T11:00:00Z,0.59,17.0,83.0,10.0
2023-03-13T12:00:00Z,0.55,14.0,92.0,9.0
2023-03-13T13:00:00Z,0.57,12.0,99.0,9.0
2023-03-13T14:00:00Z,0.55,11.0,106.0,8.0
2023-03-13T15:00:00Z,0.53,11.0,108.0,8.0
2023-03-13T16:00:00Z,0.51,11.0,109.0,8.0
2023-03-13T17:00:00Z,0.5,12.0,109.0,8.0
2023-03-13T18:00:00Z,0.47,14.0,107.0,8.0
2023-03-13T19:00:00Z,0.51,18.0,100.0,8.0
2023-03-13T20:00:00Z,0.53,21.0,91.0,8.0
2023-03-13T21:00:00Z,0.54,22.0,86.0,10.0
2023-03-13T22:00:00Z,0.59,23.0,81.0,12.0
2023-03-13T23:00:00Z,0.6,25.0,76.0,12.0
2023-03-14T00:00:00Z,0.63,26.0,74.0,10.0
2023-03-14T01:00:00Z,0.65,26.0,73.0,11.0
2023-03-14T02:00:00Z,0.69,27.0,67.0,11.0
2023-03-14T03:00:00Z,0.7,29.0,61.0,11.0
2023-03-14T04:00:00Z,0.72,29.0,57.0,12.0
2023-03-14T05:00:00Z,0.75,30.0,54.0,12.0
2023-03-14T06:00:00Z,0.75,30.0,53.0,12.0
2023-03-14T07:00:00Z,0.7,31.0,52.0,12.0
2023-03-14T08:00:00Z,0.71,33.0,57.0,12.0
2023-03-14T09:00:00Z,0.72,30.0,67.0,12.0
2023-03-14T10:00:00Z,0.71,28.0,78.0,12.0
2023-03-14T11:00:00Z,0.69,23.0,91.0,12.0
2023-03-14T12:00:00Z,0.67,16.0,111.0,11.0
2023-03-14T13:00:00Z,0.61,13.0,121.0,10.0
2023-03-14T14:00:00Z,0.6,12.0,126.0,10.0
2023-03-14T15:00:00Z,0.6,12.0,132.0,10.0
2023-03-14T16:00:00Z,0.6,13.0,137.0,10.0
2023-03-14T17:00:00Z,0.6,14.0,139.0,10.0
2023-03-14T18:00:00Z,0.63,17.0,136.0,9.0
2023-03-14T19:00:00Z,0.66,24.0,122.0,9.0
2023-03-14T20:00:00Z,0.7,29.0,107.0,9.0
2023-03-14T21:00:00Z,0.68,29.0,102.0,10.0
2023-03-14T22:00:00Z,0.69,36.0,90.0,9.0
2023-03-14T23:00:00Z,0.76,49.0,69.0,11.0
2023-03-15T00:00:00Z,0.79,57.0,57.0,10.0
2023-03-15T01:00:00Z,0.76,64.0,43.0,10.0
2023-03-15T02:00:00Z,0.76,69.0,33.0,12.0
2023-03-15T03:00:00Z,0.8,80.0,20.0,13.0
2023-03-15T04:00:00Z,0.77,77.0,20.0,15.0
2023-03-15T05:00:00Z,0.8,66.0,28.0,15.0
2023-03-15T06:00:00Z,0.72,34.0,51.0,12.0
2023-03-15T07:00:00Z,0.65,19.0,56.0,8.0
2023-03-15T08:00:00Z,0.75,18.0,55.0,8.0
2023-03-15T09:00:00Z,0.81,18.0,60.0,8.0
2023-03-15T10:00:00Z,0.75,17.0,66.0,8.0
2023-03-15T11:00:00Z,0.66,17.0,69.0,8.0
2023-03-15T12:00:00Z,0.65,17.0,73.0,8.0
2023-03-15T13:00:00Z,0.69,16.0,75.0,8.0
2023-03-15T14:00:00Z,0.62,16.0,76.0,9.0
2023-03-15T15:00:00Z,0.6,16.0,76.0,8.0
2023-03-15T16:00:00Z,0.59,17.0,75.0,8.0
2023-03-15T17:00:00Z,0.59,18.0,73.0,8.0
2023-03-15T18:00:00Z,0.59,21.0,68.0,8.0
2023-03-15T19:00:00Z,0.59,25.0,61.0,9.0
2023-03-15T20:00:00Z,0.61,28.0,53.0,8.0
2023-03-15T21:00:00Z,0.6,27.0,52.0,9.0
2023-03-15T22:00:00Z,0.69,27.0,47.0,11.0
2023-03-15T23:00:00Z,0.64,23.0,49.0,11.0
2023-03-16T00:00:00Z,0.63,19.0,54.0,9.0
2023-03-16T01:00:00Z,0.61,18.0,56.0,10.0
2023-03-16T02:00:00Z,0.65,19.0,55.0,15.0
2023-03-16T03:00:00Z,0.63,18.0,55.0,12.0
2023-03-16T04:00:00Z,0.57,18.0,54.0,12.0
2023-03-16T05:00:00Z,0.56,20.0,51.0,13.0
2023-03-16T06:00:00Z,0.59,20.0,49.0,12.0
2023-03-16T07:00:00Z,0.6,23.0,46.0,13.0
2023-03-16T08:00:00Z,0.59,22.0,48.0,12.0
2023-03-16T09:00:00Z,0.56,18.0,57.0,10.0
2023-03-16T10:00:00Z,0.54,17.0,62.0,9.0
2023-03-16T11:00:00Z,0.56,18.0,64.0,9.0
2023-03-16T12:00:00Z,0.59,20.0,65.0,9.0
2023-03-16T13:00:00Z,0.6,18.0,68.0,9.0
2023-03-16T14:00:00Z,0.58,18.0,68.0,9.0
2023-03-16T15:00:00Z,0.51,19.0,72.0,8.0
2023-03-16T16:00:00Z,0.48,21.0,71.0,8.0
2023-03-16T17:00:00Z,0.46,16.0,77.0,8.0
2023-03-16T18:00:00Z,0.47,18.0,71.0,7.0
2023-03-16T19:00:00Z,0.5,20.0,66.0,8.0
2023-03-16T20:00:00Z,0.51,19.0,65.0,9.0
2023-03-16T21:00:00Z,0.5,14.0,73.0,7.0
2023-03-16T22:00:00Z,0.47,11.0,76.0,7.0
2023-03-16T23:00:00Z,0.49,10.0,74.0,6.0
2023-03-17T00:00:00Z,0.49,11.0,72.0,6.0
2023-03-17T01:00:00Z,0.47,10.0,73.0,6.0
2023-03-17T02:00:00Z,0.49,11.0,68.0,6.0
2023-03-17T03:00:00Z,0.59,14.0,60.0,6.0
2023-03-17T04:00:00Z,0.5,13.0,60.0,6.0
2023-03-17T05:00:00Z,0.54,12.0,61.0,6.0
2023-03-17T06:00:00Z,0.6,14.0,56.0,6.0
2023-03-17T07:00:00Z,0.76,16.0,52.0,6.0
2023-03-17T08:00:00Z,0.86,19.0,48.0,6.0
2023-03-17T09:00:00Z,0.74,19.0,51.0,6.0
2023-03-17T10:00:00Z,0.81,24.0,45.0,6.0
2023-03-17T11:00:00Z,0.74,24.0,50.0,6.0
2023-03-17T12:00:00Z,0.63,20.0,61.0,6.0
2023-03-17T13:00:00Z,0.59,17.0,66.0,6.0
2023-03-17T14:00:00Z,0.57,15.0,72.0,6.0
2023-03-17T15:00:00Z,0.57,16.0,70.0,6.0
2023-03-17T16:00:00Z,0.57,20.0,68.0,7.0
2023-03-17T17:00:00Z,0.6,23.0,65.0,7.0
2023-03-17T18:00:00Z,0.59,26.0,60.0,7.0
2023-03-17T19:00:00Z,0.67,31.0,51.0,7.0
2023-03-17T20:00:00Z,0.7,37.0,39.0,7.0
2023-03-17T21:00:00Z,0.7,44.0,27.0,7.0
2023-03-17T22:00:00Z,0.67,42.0,24.0,7.0
2023-03-17T23:00:00Z,0.64,35.0,27.0,7.0
2023-03-18T00:00:00Z,0.65,34.0,27.0,7.0
2023-03-18T01:00:00Z,0.73,33.0,26.0,7.0
2023-03-18T02:00:00Z,0.7,32.0,23.0,7.0
2023-03-18T03:00:00Z,0.66,34.0,21.0,7.0
2023-03-18T04:00:00Z,0.64,32.0,25.0,8.0
2023-03-18T05:00:00Z,0.68,32.0,24.0,9.0
2023-03-18T06:00:00Z,0.66,33.0,23.0,9.0
2023-03-18T07:00:00Z,0.67,35.0,25.0,8.0
2023-03-18T08:00:00Z,0.71,33.0,31.0,10.0
2023-03-18T09:00:00Z,0.75,29.0,42.0,12.0
2023-03-18T10:00:00Z,0.75,26.0,49.0,13.0
2023-03-18T11:00:00Z,0.71,28.0,53.0,13.0
2023-03-18T12:00:00Z,0.71,25.0,63.0,12.0
2023-03-18T13:00:00Z,0.63,20.0,83.0,12.0
2023-03-18T14:00:00Z,0.56,18.0,97.0,11.0
2023-03-18T15:00:00Z,0.59,20.0,102.0,11.0
2023-03-18T16:00:00Z,0.59,21.0,102.0,10.0
2023-03-18T17:00:00Z,0.59,23.0,102.0,10.0
2023-03-18T18:00:00Z,0.6,28.0,96.0,9.0
2023-03-18T19:00:00Z,0.65,31.0,86.0,9.0
2023-03-18T20:00:00Z,0.71,40.0,66.0,9.0
2023-03-18T21:00:00Z,0.76,43.0,53.0,8.0
2023-03-18T22:00:00Z,0.81,52.0,33.0,8.0
2023-03-18T23:00:00Z,0.88,65.0,16.0,8.0
2023-03-19T00:00:00Z,0.89,61.0,14.0,8.0
2023-03-19T01:00:00Z,0.84,60.0,12.0,7.0
2023-03-19T02:00:00Z,0.89,60.0,5.0,7.0
2023-03-19T03:00:00Z,0.88,57.0,7.0,7.0
2023-03-19T04:00:00Z,0.85,54.0,7.0,7.0
2023-03-19T05:00:00Z,0.82,53.0,7.0,7.0
2023-03-19T06:00:00Z,0.88,54.0,5.0,8.0
2023-03-19T07:00:00Z,0.99,57.0,7.0,10.0
2023-03-19T08:00:00Z,1.04,67.0,8.0,12.0
2023-03-19T09:00:00Z,0.89,55.0,37.0,19.0
2023-03-19T10:00:00Z,0.69,25.0,80.0,17.0
2023-03-19T11:00:00Z,0.6,17.0,94.0,12.0
2023-03-19T12:00:00Z,0.59,16.0,104.0,10.0
2023-03-19T13:00:00Z,0.59,14.0,113.0,8.0
2023-03-19T14:00:00Z,0.57,13.0,116.0,8.0
2023-03-19T15:00:00Z,0.56,13.0,119.0,8.0
2023-03-19T16:00:00Z,0.59,14.0,120.0,8.0
2023-03-19T17:00:00Z,0.59,15.0,119.0,8.0
2023-03-19T18:00:00Z,0.57,19.0,109.0,8.0
2023-03-19T19:00:00Z,0.57,23.0,103.0,8.0
2023-03-19T20:00:00Z,0.6,27.0,90.0,9.0
2023-03-19T21:00:00Z,0.59,28.0,83.0,10.0
2023-03-19T22:00:00Z,0.61,28.0,85.0,9.0
2023-03-19T23:00:00Z,0.64,32.0,80.0,11.0
2023-03-20T00:00:00Z,0.66,42.0,65.0,11.0
2023-03-20T01:00:00Z,0.66,41.0,67.0,11.0
2023-03-20T02:00:00Z,0.67,37.0,70.0,13.0
2023-03-20T03:00:00Z,0.71,42.0,58.0,11.0
2023-03-20T04:00:00Z,0.7,43.0,51.0,11.0
2023-03-20T05:00:00Z,0.71,41.0,44.0,11.0
2023-03-20T06:00:00Z,0.7,37.0,45.0,11.0
2023-03-20T07:00:00Z,0.71,41.0,37.0,12.0
2023-03-20T08:00:00Z,0.71,36.0,42.0,14.0
2023-03-20T09:00:00Z,0.7,33.0,49.0,14.0
2023-03-20T10:00:00Z,0.74,31.0,54.0,13.0
2023-03-20T11:00:00Z,0.7,29.0,62.0,12.0
2023-03-20T12:00:00Z,0.69,25.0,74.0,11.0
2023-03-20T13:00:00Z,0.69,24.0,91.0,12.0
2023-03-20T14:00:00Z,0.7,25.0,102.0,12.0
2023-03-20T15:00:00Z,0.7,24.0,115.0,11.0
2023-03-20T16:00:00Z,0.7,24.0,118.0,10.0
2023-03-20T17:00:00Z,0.71,23.0,122.0,10.0
2023-03-20T18:00:00Z,0.69,22.0,120.0,8.0
2023-03-20T19:00:00Z,0.66,26.0,115.0,8.0
2023-03-20T20:00:00Z,0.7,27.0,109.0,8.0
2023-03-20T21:00:00Z,0.71,26.0,90.0,8.0
2023-03-20T22:00:00Z,0.78,24.0,76.0,7.0
2023-03-20T23:00:00Z,0.76,23.0,70.0,7.0
2023-03-21T00:00:00Z,0.76,24.0,63.0,8.0
2023-03-21T01:00:00Z,0.82,28.0,52.0,9.0
2023-03-21T02:00:00Z,0.85,31.0,42.0,8.0
2023-03-21T03:00:00Z,0.86,29.0,42.0,10.0
2023-03-21T04:00:00Z,0.89,30.0,38.0,13.0
2023-03-21T05:00:00Z,0.89,31.0,34.0,12.0
2023-03-21T06:00:00Z,0.9,32.0,30.0,11.0
2023-03-21T07:00:00Z,0.91,38.0,23.0,10.0
2023-03-21T08:00:00Z,0.91,41.0,24.0,11.0
2023-03-21T09:00:00Z,0.89,35.0,38.0,11.0
2023-03-21T10:00:00Z,0.86,29.0,54.0,12.0
2023-03-21T11:00:00Z,0.83,22.0,78.0,10.0
2023-03-21T12:00:00Z,0.84,19.0,99.0,8.0
2023-03-21T13:00:00Z,0.84,17.0,105.0,8.0
2023-03-21T14:00:00Z,0.84,17.0,108.0,8.0
2023-03-21T15:00:00Z,0.85,19.0,104.0,8.0
2023-03-21T16:00:00Z,0.88,22.0,99.0,7.0
2023-03-21T17:00:00Z,0.84,25.0,89.0,8.0
2023-03-21T18:00:00Z,0.85,30.0,76.0,8.0
2023-03-21T19:00:00Z,0.85,32.0,63.0,8.0
2023-03-21T20:00:00Z,0.82,32.0,54.0,9.0
2023-03-21T21:00:00Z,0.81,33.0,47.0,9.0
2023-03-21T22:00:00Z,0.76,32.0,46.0,9.0
2023-03-21T23:00:00Z,0.78,32.0,40.0,8.0
2023-03-22T00:00:00Z,0.8,34.0,29.0,8.0
2023-03-22T01:00:00Z,0.85,37.0,20.0,7.0
2023-03-22T03:00:00Z,0.89,32.0,22.0,7.0
2023-03-22T04:00:00Z,0.88,31.0,23.0,7.0
2023-03-22T06:00:00Z,0.82,34.0,20.0,7.0
2023-03-22T07:00:00Z,0.84,32.0,22.0,7.0
2023-03-22T08:00:00Z,0.95,36.0,19.0,7.0
2023-03-22T09:00:00Z,1.06,37.0,26.0,7.0
2023-03-22T10:00:00Z,1.24,39.0,27.0,7.0
2023-03-22T11:00:00Z,1.44,38.0,23.0,7.0
2023-03-22T12:00:00Z,1.47,36.0,23.0,7.0
2023-03-22T13:00:00Z,1.13,35.0,29.0,7.0
2023-03-22T14:00:00Z,0.97,33.0,35.0,7.0
2023-03-22T15:00:00Z,0.99,39.0,29.0,7.0
2023-03-22T16:00:00Z,0.94,43.0,33.0,7.0
2023-03-22T17:00:00Z,0.93,43.0,46.0,7.0
2023-03-22T18:00:00Z,0.95,40.0,57.0,7.0
2023-03-22T19:00:00Z,0.96,44.0,61.0,7.0
2023-03-22T20:00:00Z,1.0,48.0,48.0,8.0
2023-03-22T21:00:00Z,1.08,53.0,35.0,8.0
2023-03-22T22:00:00Z,1.15,53.0,29.0,9.0
2023-03-22T23:00:00Z,1.16,53.0,23.0,9.0
2023-03-23T00:00:00Z,1.16,51.0,22.0,10.0
2023-03-23T01:00:00Z,1.11,45.0,24.0,10.0
2023-03-23T02:00:00Z,1.1,41.0,23.0,12.0
2023-03-23T03:00:00Z,1.15,46.0,13.0,11.0
2023-03-23T04:00:00Z,1.22,48.0,13.0,10.0
2023-03-23T05:00:00Z,1.18,41.0,16.0,10.0
2023-03-23T06:00:00Z,1.2,39.0,17.0,10.0
2023-03-23T07:00:00Z,1.25,42.0,13.0,10.0
2023-03-23T08:00:00Z,1.2,40.0,18.0,12.0
2023-03-23T09:00:00Z,0.98,31.0,39.0,11.0
2023-03-23T10:00:00Z,0.73,22.0,59.0,8.0
2023-03-23T11:00:00Z,0.67,21.0,66.0,7.0
2023-03-23T12:00:00Z,0.61,17.0,74.0,6.0
2023-03-23T13:00:00Z,0.57,16.0,79.0,6.0
2023-03-23T14:00:00Z,0.59,16.0,79.0,6.0
2023-03-23T15:00:00Z,0.59,16.0,86.0,7.0
2023-03-23T16:00:00Z,0.54,18.0,88.0,7.0
2023-03-23T17:00:00Z,0.54,20.0,87.0,7.0
2023-03-23T18:00:00Z,0.54,23.0,81.0,7.0
2023-03-23T19:00:00Z,0.56,25.0,77.0,7.0
2023-03-23T20:00:00Z,0.51,21.0,76.0,7.0
2023-03-23T21:00:00Z,0.5,16.0,81.0,7.0
2023-03-23T22:00:00Z,0.49,21.0,72.0,7.0
2023-03-23T23:00:00Z,0.5,22.0,65.0,7.0
2023-03-24T00:00:00Z,0.51,23.0,60.0,7.0
2023-03-24T01:00:00Z,0.53,26.0,54.0,7.0
2023-03-24T02:00:00Z,0.52,27.0,50.0,8.0
2023-03-24T03:00:00Z,0.51,28.0,48.0,8.0
2023-03-24T04:00:00Z,0.54,28.0,46.0,8.0
2023-03-24T05:00:00Z,0.55,25.0,50.0,8.0
2023-03-24T06:00:00Z,0.61,24.0,53.0,9.0
2023-03-24T07:00:00Z,0.66,27.0,50.0,9.0
2023-03-24T08:00:00Z,0.69,30.0,50.0,10.0
2023-03-24T09:00:00Z,0.74,28.0,55.0,10.0
2023-03-24T10:00:00Z,0.7,22.0,63.0,10.0
2023-03-24T11:00:00Z,0.63,18.0,72.0,10.0
2023-03-24T12:00:00Z,0.61,16.0,79.0,10.0
2023-03-24T13:00:00Z,0.57,15.0,83.0,10.0
2023-03-24T14:00:00Z,0.57,15.0,85.0,10.0
2023-03-24T15:00:00Z,0.57,15.0,87.0,10.0
2023-03-24T16:00:00Z,0.55,16.0,88.0,10.0
2023-03-24T17:00:00Z,0.51,17.0,87.0,10.0
2023-03-24T18:00:00Z,0.56,20.0,83.0,11.0
2023-03-24T19:00:00Z,0.63,24.0,73.0,12.0
2023-03-24T20:00:00Z,0.69,27.0,65.0,10.0
2023-03-24T21:00:00Z,0.69,29.0,59.0,9.0
2023-03-24T22:00:00Z,0.66,32.0,53.0,9.0
2023-03-24T23:00:00Z,0.66,48.0,33.0,10.0
2023-03-25T00:00:00Z,0.66,54.0,21.0,11.0
2023-03-25T01:00:00Z,0.7,52.0,17.0,9.0
2023-03-25T02:00:00Z,0.67,51.0,16.0,9.0
2023-03-25T03:00:00Z,0.67,51.0,12.0,8.0
2023-03-25T04:00:00Z,0.7,50.0,14.0,9.0
2023-03-25T05:00:00Z,0.7,55.0,7.0,10.0
2023-03-25T06:00:00Z,0.7,57.0,5.0,11.0
2023-03-25T07:00:00Z,0.8,57.0,7.0,12.0
2023-03-25T08:00:00Z,0.86,58.0,9.0,12.0
2023-03-25T09:00:00Z,0.81,60.0,22.0,15.0
2023-03-25T10:00:00Z,0.8,48.0,43.0,17.0
2023-03-25T11:00:00Z,0.72,34.0,64.0,16.0
2023-03-25T12:00:00Z,0.64,27.0,77.0,13.0
2023-03-25T13:00:00Z,0.65,29.0,81.0,14.0
2023-03-25T14:00:00Z,0.75,34.0,76.0,17.0
2023-03-25T15:00:00Z,0.84,36.0,72.0,17.0
2023-03-25T16:00:00Z,0.84,33.0,76.0,17.0
2023-03-25T17:00:00Z,0.85,31.0,77.0,16.0
2023-03-25T18:00:00Z,0.81,33.0,75.0,15.0
2023-03-25T19:00:00Z,0.81,37.0,66.0,15.0
2023-03-25T20:00:00Z,0.84,40.0,58.0,14.0
2023-03-25T21:00:00Z,0.88,44.0,51.0,14.0
2023-03-25T22:00:00Z,0.88,48.0,41.0,13.0
2023-03-25T23:00:00Z,0.87,48.0,39.0,13.0
2023-03-26T00:00:00Z,0.86,54.0,27.0,13.0
2023-03-26T01:00:00Z,0.9,57.0,20.0,12.0
2023-03-26T02:00:00Z,0.91,57.0,17.0,12.0
2023-03-26T03:00:00Z,0.9,55.0,16.0,12.0
2023-03-26T04:00:00Z,0.86,53.0,17.0,13.0
2023-03-26T05:00:00Z,0.88,52.0,16.0,14.0
2023-03-26T06:00:00Z,0.91,53.0,11.0,13.0
2023-03-26T07:00:00Z,0.99,55.0,11.0,14.0
2023-03-26T08:00:00Z,1.01,55.0,15.0,20.0
2023-03-26T09:00:00Z,1.02,52.0,31.0,28.0
2023-03-26T10:00:00Z,0.95,40.0,58.0,25.0
2023-03-26T11:00:00Z,0.88,33.0,71.0,20.0
2023-03-26T12:00:00Z,0.79,26.0,88.0,17.0
2023-03-26T13:00:00Z,0.75,23.0,104.0,15.0
2023-03-26T14:00:00Z,0.72,20.0,117.0,14.0
2023-03-26T15:00:00Z,0.68,20.0,121.0,13.0
2023-03-26T16:00:00Z,0.66,21.0,122.0,13.0
2023-03-26T17:00:00Z,0.65,23.0,118.0,12.0
2023-03-26T18:00:00Z,0.64,26.0,111.0,12.0
2023-03-26T19:00:00Z,0.68,28.0,99.0,13.0
2023-03-26T20:00:00Z,0.79,35.0,86.0,14.0
2023-03-26T21:00:00Z,0.8,39.0,77.0,14.0
2023-03-26T22:00:00Z,0.8,42.0,68.0,14.0
2023-03-26T23:00:00Z,0.81,46.0,63.0,14.0
2023-03-27T00:00:00Z,0.81,45.0,63.0,13.0
2023-03-27T01:00:00Z,0.82,45.0,55.0,13.0
2023-03-27T02:00:00Z,0.81,43.0,49.0,12.0
2023-03-27T03:00:00Z,0.82,42.0,43.0,11.0
2023-03-27T04:00:00Z,0.84,52.0,27.0,11.0
2023-03-27T05:00:00Z,0.89,63.0,17.0,11.0
2023-03-27T06:00:00Z,0.93,66.0,15.0,13.0
2023-03-27T07:00:00Z,0.99,59.0,21.0,13.0
2023-03-27T08:00:00Z,1.06,60.0,26.0,16.0
2023-03-27T09:00:00Z,0.96,55.0,50.0,20.0
2023-03-27T10:00:00Z,0.88,39.0,86.0,20.0
2023-03-27T11:00:00Z,0.78,30.0,108.0,17.0
2023-03-27T12:00:00Z,0.7,22.0,122.0,14.0
2023-03-27T13:00:00Z,0.65,20.0,127.0,13.0
2023-03-27T14:00:00Z,0.66,18.0,135.0,12.0
2023-03-27T15:00:00Z,0.68,18.0,140.0,12.0
2023-03-27T16:00:00Z,0.65,18.0,142.0,11.0
2023-03-27T17:00:00Z,0.69,18.0,142.0,11.0
2023-03-27T18:00:00Z,0.7,20.0,135.0,10.0
2023-03-27T19:00:00Z,0.74,27.0,119.0,11.0
2023-03-27T20:00:00Z,0.79,32.0,102.0,12.0
2023-03-27T21:00:00Z,0.81,41.0,84.0,12.0
2023-03-27T22:00:00Z,0.83,50.0,68.0,13.0
2023-03-27T23:00:00Z,0.85,53.0,61.0,11.0
2023-03-28T00:00:00Z,0.81,49.0,61.0,14.0
2023-03-28T01:00:00Z,0.84,47.0,57.0,13.0
2023-03-28T02:00:00Z,0.81,48.0,54.0,13.0
2023-03-28T03:00:00Z,0.81,51.0,44.0,12.0
2023-03-28T04:00:00Z,0.83,49.0,44.0,11.0
2023-03-28T05:00:00Z,0.85,60.0,28.0,10.0
2023-03-28T06:00:00Z,0.85,74.0,15.0,10.0
2023-03-28T07:00:00Z,0.94,77.0,14.0,12.0
2023-03-28T08:00:00Z,0.96,73.0,26.0,17.0
2023-03-28T09:00:00Z,0.91,55.0,67.0,19.0
2023-03-28T10:00:00Z,0.96,46.0,95.0,18.0
2023-03-28T11:00:00Z,0.93,29.0,138.0,15.0
2023-03-28T12:00:00Z,0.84,21.0,156.0,13.0
2023-03-28T13:00:00Z,0.74,17.0,164.0,11.0
2023-03-28T14:00:00Z,0.67,16.0,166.0,10.0
2023-03-28T15:00:00Z,0.67,16.0,165.0,9.0
2023-03-28T16:00:00Z,0.67,16.0,162.0,9.0
2023-03-28T17:00:00Z,0.66,19.0,159.0,9.0
2023-03-28T18:00:00Z,0.69,22.0,154.0,9.0
2023-03-28T19:00:00Z,0.7,28.0,138.0,9.0
2023-03-28T20:00:00Z,0.72,36.0,119.0,9.0
2023-03-28T21:00:00Z,0.72,38.0,113.0,11.0
2023-03-28T22:00:00Z,0.7,36.0,115.0,11.0
2023-03-28T23:00:00Z,0.69,35.0,113.0,11.0
2023-03-29T00:00:00Z,0.67,32.0,114.0,11.0
2023-03-29T01:00:00Z,0.71,35.0,111.0,11.0
2023-03-29T02:00:00Z,0.74,44.0,97.0,11.0
2023-03-29T03:00:00Z,0.79,52.0,80.0,11.0
2023-03-29T04:00:00Z,0.83,61.0,62.0,11.0
2023-03-29T05:00:00Z,0.85,61.0,54.0,12.0
2023-03-29T06:00:00Z,0.87,72.0,36.0,12.0
2023-03-29T07:00:00Z,0.95,75.0,34.0,13.0
2023-03-29T08:00:00Z,1.01,69.0,40.0,15.0
2023-03-29T09:00:00Z,0.9,48.0,63.0,15.0
2023-03-29T10:00:00Z,0.7,28.0,86.0,10.0
2023-03-29T12:00:00Z,0.54,17.0,107.0,8.0
2023-03-29T13:00:00Z,0.54,12.0,117.0,7.0
2023-03-29T14:00:00Z,0.5,13.0,122.0,8.0
2023-03-29T15:00:00Z,0.5,14.0,126.0,8.0
2023-03-29T16:00:00Z,0.5,15.0,128.0,8.0
2023-03-29T17:00:00Z,0.53,17.0,124.0,8.0
2023-03-29T18:00:00Z,0.59,19.0,126.0,8.0
2023-03-29T19:00:00Z,0.6,24.0,116.0,9.0
2023-03-29T20:00:00Z,0.63,27.0,108.0,10.0
2023-03-29T21:00:00Z,0.64,30.0,103.0,10.0
2023-03-29T22:00:00Z,0.63,33.0,96.0,11.0
2023-03-29T23:00:00Z,0.59,32.0,87.0,10.0
2023-03-30T00:00:00Z,0.56,28.0,83.0,10.0
2023-03-30T01:00:00Z,0.53,28.0,78.0,11.0
2023-03-30T02:00:00Z,0.53,27.0,77.0,11.0
2023-03-30T03:00:00Z,0.55,29.0,79.0,10.0
2023-03-30T04:00:00Z,0.58,29.0,78.0,10.0
2023-03-30T05:00:00Z,0.59,37.0,64.0,10.0
2023-03-30T06:00:00Z,0.6,51.0,44.0,11.0
2023-03-30T07:00:00Z,0.7,58.0,33.0,12.0
2023-03-30T08:00:00Z,0.79,60.0,33.0,15.0
2023-03-30T09:00:00Z,0.74,45.0,59.0,16.0
2023-03-30T10:00:00Z,0.69,34.0,84.0,14.0
2023-03-30T11:00:00Z,0.67,27.0,114.0,12.0
2023-03-30T12:00:00Z,0.64,20.0,136.0,11.0
2023-03-30T13:00:00Z,0.61,18.0,147.0,10.0
2023-03-30T14:00:00Z,0.6,16.0,157.0,9.0
2023-03-30T15:00:00Z,0.56,16.0,162.0,9.0
2023-03-30T16:00:00Z,0.57,18.0,166.0,9.0
2023-03-30T17:00:00Z,0.55,18.0,165.0,9.0
2023-03-30T18:00:00Z,0.55,19.0,160.0,8.0
2023-03-30T19:00:00Z,0.6,24.0,148.0,9.0
2023-03-30T20:00:00Z,0.6,27.0,139.0,9.0
2023-03-30T21:00:00Z,0.59,28.0,129.0,9.0
2023-03-30T22:00:00Z,0.55,29.0,120.0,9.0
2023-03-30T23:00:00Z,0.55,30.0,113.0,9.0
2023-03-31T00:00:00Z,0.56,32.0,106.0,15.0
2023-03-31T01:00:00Z,0.61,31.0,109.0,12.0
2023-03-31T02:00:00Z,0.65,31.0,105.0,13.0
2023-03-31T03:00:00Z,0.69,37.0,92.0,12.0
2023-03-31T04:00:00Z,0.7,44.0,79.0,10.0
2023-03-31T05:00:00Z,0.76,42.0,73.0,11.0
2023-03-31T06:00:00Z,0.79,49.0,57.0,11.0
2023-03-31T07:00:00Z,0.79,61.0,42.0,12.0
2023-03-31T08:00:00Z,0.82,56.0,47.0,13.0
2023-03-31T09:00:00Z,0.86,45.0,64.0,14.0
2023-03-31T10:00:00Z,0.76,29.0,91.0,13.0
2023-03-31T11:00:00Z,0.66,19.0,125.0,11.0
2023-03-31T12:00:00Z,0.6,14.0,139.0,9.0
2023-03-31T13:00:00Z,0.56,13.0,142.0,9.0
2023-03-31T14:00:00Z,0.54,13.0,139.0,8.0
2023-03-31T15:00:00Z,0.53,13.0,142.0,8.0
2023-03-31T16:00:00Z,0.53,14.0,142.0,8.0
2023-03-31T17:00:00Z,0.51,13.0,141.0,8.0
2023-03-31T18:00:00Z,0.53,15.0,137.0,7.0
2023-03-31T19:00:00Z,0.53,19.0,125.0,8.0
2023-03-31T20:00:00Z,0.51,21.0,115.0,8.0
2023-03-31T21:00:00Z,0.51,21.0,113.0,9.0
2023-03-31T22:00:00Z,0.55,22.0,114.0,9.0
2023-03-31T23:00:00Z,0.58,24.0,112.0,10.0
2023-04-01T00:00:00Z,0.59,26.0,106.0,11.0
2023-04-01T01:00:00Z,0.6,33.0,90.0,11.0
2023-04-01T02:00:00Z,0.6,37.0,76.0,14.0
2023-04-01T03:00:00Z,0.6,42.0,59.0,16.0
2023-04-01T04:00:00Z,0.6,41.0,50.0,15.0
2023-04-01T05:00:00Z,0.61,44.0,40.0,13.0
2023-04-01T06:00:00Z,0.61,43.0,37.0,12.0
2023-04-01T07:00:00Z,0.63,47.0,33.0,12.0
2023-04-01T08:00:00Z,0.65,43.0,41.0,15.0
2023-04-01T09:00:00Z,0.64,32.0,63.0,16.0
2023-04-01T10:00:00Z,0.68,25.0,83.0,14.0
2023-04-01T11:00:00Z,0.66,18.0,106.0,13.0
2023-04-01T12:00:00Z,0.58,13.0,124.0,11.0
2023-04-01T13:00:00Z,0.54,12.0,131.0,10.0
2023-04-01T14:00:00Z,0.51,13.0,137.0,10.0
2023-04-01T15:00:00Z,0.53,13.0,140.0,10.0
2023-04-01T16:00:00Z,0.54,14.0,143.0,10.0
2023-04-01T17:00:00Z,0.54,16.0,144.0,11.0
2023-04-01T18:00:00Z,0.56,18.0,144.0,10.0
2023-04-01T19:00:00Z,0.61,22.0,134.0,9.0
2023-04-01T20:00:00Z,0.61,26.0,121.0,10.0
2023-04-01T21:00:00Z,0.61,27.0,115.0,11.0
2023-04-01T22:00:00Z,0.63,33.0,97.0,12.0
2023-04-01T23:00:00Z,0.59,32.0,95.0,13.0
2023-04-02T00:00:00Z,0.59,36.0,80.0,16.0
2023-04-02T01:00:00Z,0.56,36.0,59.0,15.0
2023-04-02T02:00:00Z,0.57,38.0,46.0,15.0
2023-04-02T03:00:00Z,0.57,39.0,39.0,14.0
2023-04-02T04:00:00Z,0.59,42.0,33.0,13.0
2023-04-02T05:00:00Z,0.57,43.0,31.0,12.0
2023-04-02T06:00:00Z,0.59,44.0,33.0,13.0
2023-04-02T07:00:00Z,0.61,47.0,39.0,15.0
2023-04-02T08:00:00Z,0.63,44.0,54.0,18.0
2023-04-02T09:00:00Z,0.63,36.0,80.0,18.0
2023-04-02T10:00:00Z,0.58,27.0,99.0,15.0
2023-04-02T11:00:00Z,0.55,19.0,115.0,14.0
2023-04-02T12:00:00Z,0.56,15.0,127.0,11.0
2023-04-02T13:00:00Z,0.56,14.0,129.0,10.0
2023-04-02T14:00:00Z,0.54,13.0,131.0,10.0
2023-04-02T15:00:00Z,0.5,12.0,132.0,10.0
2023-04-02T16:00:00Z,0.47,13.0,130.0,9.0
2023-04-02T17:00:00Z,0.49,15.0,138.0,8.0
2023-04-02T18:00:00Z,0.51,19.0,147.0,9.0
2023-04-02T19:00:00Z,0.56,22.0,148.0,9.0
2023-04-02T20:00:00Z,0.56,23.0,141.0,10.0
2023-04-02T21:00:00Z,0.58,22.0,135.0,10.0
2023-04-02T22:00:00Z,0.56,23.0,127.0,12.0
2023-04-02T23:00:00Z,0.56,22.0,117.0,11.0
2023-04-03T00:00:00Z,0.58,22.0,103.0,10.0
2023-04-03T01:00:00Z,0.58,21.0,102.0,9.0
2023-04-03T02:00:00Z,0.58,19.0,111.0,9.0
2023-04-03T03:00:00Z,0.55,18.0,120.0,9.0
2023-04-03T04:00:00Z,0.56,19.0,123.0,9.0
2023-04-03T05:00:00Z,0.56,18.0,123.0,9.0
2023-04-03T06:00:00Z,0.57,18.0,118.0,9.0
2023-04-03T07:00:00Z,0.57,19.0,113.0,9.0
2023-04-03T08:00:00Z,0.56,20.0,100.0,9.0
2023-04-03T09:00:00Z,0.61,21.0,89.0,9.0
2023-04-03T10:00:00Z,0.6,22.0,85.0,8.0
2023-04-03T11:00:00Z,0.6,21.0,84.0,8.0
2023-04-03T12:00:00Z,0.54,18.0,84.0,8.0
2023-04-03T13:00:00Z,0.51,15.0,91.0,7.0
2023-04-03T14:00:00Z,0.55,16.0,92.0,7.0
2023-04-03T15:00:00Z,0.53,16.0,92.0,7.0
2023-04-03T16:00:00Z,0.54,16.0,90.0,7.0
2023-04-03T17:00:00Z,0.54,17.0,88.0,7.0
2023-04-03T18:00:00Z,0.56,16.0,87.0,7.0
2023-04-03T19:00:00Z,0.56,15.0,86.0,7.0
2023-04-03T20:00:00Z,0.56,14.0,85.0,7.0
2023-04-03T21:00:00Z,0.56,14.0,83.0,7.0
2023-04-03T22:00:00Z,0.57,15.0,86.0,7.0
2023-04-03T23:00:00Z,0.59,14.0,79.0,7.0
2023-04-04T00:00:00Z,0.61,14.0,80.0,7.0
2023-04-04T01:00:00Z,0.61,14.0,83.0,7.0
2023-04-04T02:00:00Z,0.63,14.0,80.0,7.0
2023-04-04T03:00:00Z,0.66,14.0,76.0,7.0
2023-04-04T04:00:00Z,0.66,14.0,71.0,7.0
2023-04-04T05:00:00Z,0.66,15.0,66.0,7.0
2023-04-04T06:00:00Z,0.67,16.0,59.0,7.0
2023-04-04T07:00:00Z,0.69,20.0,51.0,7.0
2023-04-04T08:00:00Z,0.66,23.0,46.0,8.0
2023-04-04T09:00:00Z,0.69,26.0,42.0,7.0
2023-04-04T10:00:00Z,0.7,25.0,43.0,7.0
2023-04-04T11:00:00Z,0.69,23.0,48.0,7.0
2023-04-04T12:00:00Z,0.73,20.0,53.0,8.0
2023-04-04T13:00:00Z,0.69,15.0,63.0,7.0
2023-04-04T14:00:00Z,0.65,15.0,60.0,7.0
2023-04-04T15:00:00Z,0.73,17.0,54.0,7.0
2023-04-04T16:00:00Z,0.68,18.0,55.0,7.0
2023-04-04T17:00:00Z,0.68,18.0,60.0,6.0
2023-04-04T18:00:00Z,0.65,18.0,58.0,6.0
2023-04-04T19:00:00Z,0.64,18.0,56.0,6.0
2023-04-04T20:00:00Z,0.61,16.0,57.0,6.0
2023-04-04T21:00:00Z,0.63,15.0,60.0,6.0
2023-04-04T22:00:00Z,0.64,14.0,60.0,6.0
2023-04-04T23:00:00Z,0.63,14.0,61.0,6.0
2023-04-05T00:00:00Z,0.65,13.0,62.0,6.0
2023-04-05T01:00:00Z,0.69,14.0,65.0,6.0
2023-04-05T02:00:00Z,0.7,14.0,63.0,6.0
2023-04-05T03:00:00Z,0.69,14.0,65.0,6.0
2023-04-05T04:00:00Z,0.71,14.0,69.0,7.0
2023-04-05T05:00:00Z,0.71,13.0,70.0,6.0
2023-04-05T06:00:00Z,0.72,13.0,68.0,6.0
2023-04-05T07:00:00Z,0.72,16.0,66.0,7.0
2023-04-05T08:00:00Z,0.75,16.0,70.0,7.0
2023-04-05T09:00:00Z,0.71,15.0,73.0,7.0
2023-04-05T10:00:00Z,0.68,15.0,72.0,7.0
2023-04-05T11:00:00Z,0.66,14.0,75.0,7.0
2023-04-05T12:00:00Z,0.62,14.0,85.0,6.0
2023-04-05T13:00:00Z,0.61,13.0,95.0,7.0
2023-04-05T14:00:00Z,0.59,13.0,96.0,7.0
2023-04-05T15:00:00Z,0.59,14.0,95.0,7.0
2023-04-05T16:00:00Z,0.54,14.0,97.0,6.0
2023-04-05T17:00:00Z,0.53,15.0,96.0,7.0
2023-04-05T18:00:00Z,0.56,16.0,93.0,7.0
2023-04-05T19:00:00Z,0.57,18.0,88.0,7.0
2023-04-05T20:00:00Z,0.6,18.0,84.0,7.0
2023-04-05T21:00:00Z,0.61,22.0,74.0,7.0
2023-04-05T22:00:00Z,0.63,25.0,65.0,7.0
2023-04-05T23:00:00Z,0.66,30.0,51.0,7.0
2023-04-06T00:00:00Z,0.67,30.0,40.0,7.0
2023-04-06T01:00:00Z,0.68,29.0,34.0,7.0
2023-04-06T02:00:00Z,0.68,36.0,25.0,7.0
2023-04-06T03:00:00Z,0.68,33.0,26.0,7.0
2023-04-06T04:00:00Z,0.69,30.0,27.0,8.0
2023-04-06T05:00:00Z,0.71,31.0,24.0,8.0
2023-04-06T06:00:00Z,0.75,39.0,14.0,9.0
2023-04-06T07:00:00Z,0.76,47.0,12.0,11.0
2023-04-06T08:00:00Z,0.84,42.0,25.0,12.0
2023-04-06T09:00:00Z,0.86,43.0,30.0,13.0
2023-04-06T10:00:00Z,0.85,42.0,39.0,13.0
2023-04-06T11:00:00Z,0.8,43.0,43.0,12.0
2023-04-06T12:00:00Z,0.7,33.0,52.0,11.0
2023-04-06T13:00:00Z,0.64,27.0,57.0,10.0
2023-04-06T14:00:00Z,0.6,20.0,57.0,9.0
2023-04-06T15:00:00Z,0.56,18.0,61.0,8.0
2023-04-06T16:00:00Z,0.64,21.0,52.0,8.0
2023-04-06T17:00:00Z,0.65,21.0,61.0,8.0
2023-04-06T18:00:00Z,0.63,23.0,72.0,8.0
2023-04-06T19:00:00Z,0.66,29.0,63.0,8.0
2023-04-06T20:00:00Z,0.72,36.0,49.0,8.0
2023-04-06T21:00:00Z,0.79,47.0,34.0,8.0
2023-04-06T22:00:00Z,0.71,43.0,37.0,7.0
2023-04-06T23:00:00Z,0.59,24.0,58.0,8.0
2023-04-07T00:00:00Z,0.6,21.0,61.0,9.0
2023-04-07T01:00:00Z,0.6,25.0,54.0,11.0
2023-04-07T02:00:00Z,0.59,25.0,52.0,11.0
2023-04-07T03:00:00Z,0.63,24.0,50.0,11.0
2023-04-07T04:00:00Z,0.64,28.0,44.0,12.0
2023-04-07T05:00:00Z,0.66,29.0,40.0,13.0
2023-04-07T06:00:00Z,0.78,30.0,37.0,13.0
2023-04-07T07:00:00Z,0.7,31.0,38.0,13.0
2023-04-07T08:00:00Z,0.7,28.0,49.0,15.0
2023-04-07T09:00:00Z,0.65,24.0,62.0,16.0
2023-04-07T10:00:00Z,0.59,22.0,70.0,16.0
2023-04-07T11:00:00Z,0.5,17.0,85.0,12.0
2023-04-07T12:00:00Z,0.39,13.0,96.0,8.0
2023-04-07T13:00:00Z,0.4,12.0,105.0,8.0
2023-04-07T14:00:00Z,0.39,11.0,111.0,8.0
2023-04-07T15:00:00Z,0.39,11.0,114.0,7.0
2023-04-07T16:00:00Z,0.37,12.0,113.0,8.0
2023-04-07T17:00:00Z,0.37,14.0,111.0,8.0
2023-04-07T18:00:00Z,0.4,16.0,110.0,8.0
2023-04-07T19:00:00Z,0.4,21.0,99.0,8.0
2023-04-07T20:00:00Z,0.5,34.0,76.0,9.0
2023-04-07T21:00:00Z,0.58,43.0,56.0,9.0
2023-04-07T22:00:00Z,0.63,50.0,44.0,10.0
2023-04-07T23:00:00Z,0.69,59.0,29.0,10.0
2023-04-08T00:00:00Z,0.71,62.0,20.0,10.0
2023-04-08T01:00:00Z,0.7,58.0,21.0,10.0
2023-04-08T02:00:00Z,0.68,58.0,14.0,9.0
2023-04-08T03:00:00Z,0.66,57.0,14.0,10.0
2023-04-08T04:00:00Z,0.66,55.0,11.0,9.0
2023-04-08T05:00:00Z,0.68,54.0,8.0,9.0
2023-04-08T06:00:00Z,0.68,51.0,10.0,9.0
2023-04-08T07:00:00Z,0.79,47.0,10.0,10.0
2023-04-08T08:00:00Z,0.88,53.0,15.0,13.0
2023-04-08T09:00:00Z,0.76,53.0,42.0,15.0
2023-04-08T10:00:00Z,0.51,28.0,90.0,11.0
2023-04-08T11:00:00Z,0.42,13.0,109.0,9.0
2023-04-08T12:00:00Z,0.42,12.0,115.0,9.0
2023-04-08T13:00:00Z,0.41,11.0,122.0,8.0
2023-04-08T14:00:00Z,0.41,11.0,132.0,8.0
2023-04-08T15:00:00Z,0.42,13.0,138.0,8.0
2023-04-08T16:00:00Z,0.46,13.0,145.0,9.0
2023-04-08T17:00:00Z,0.46,14.0,145.0,9.0
2023-04-08T18:00:00Z,0.5,17.0,141.0,10.0
2023-04-08T19:00:00Z,0.5,20.0,128.0,9.0
2023-04-08T20:00:00Z,0.53,22.0,114.0,9.0
2023-04-08T21:00:00Z,0.53,27.0,103.0,10.0
2023-04-08T22:00:00Z,0.55,29.0,97.0,11.0
2023-04-08T23:00:00Z,0.56,27.0,93.0,12.0
2023-04-09T00:00:00Z,0.56,28.0,88.0,10.0
2023-04-09T01:00:00Z,0.56,24.0,94.0,10.0
2023-04-09T02:00:00Z,0.51,20.0,95.0,9.0
2023-04-09T03:00:00Z,0.5,21.0,90.0,11.0
2023-04-09T04:00:00Z,0.51,24.0,82.0,11.0
2023-04-09T05:00:00Z,0.55,25.0,75.0,11.0
2023-04-09T06:00:00Z,0.55,27.0,70.0,11.0
2023-04-09T07:00:00Z,0.6,32.0,69.0,11.0
2023-04-09T08:00:00Z,0.63,31.0,75.0,14.0
2023-04-09T09:00:00Z,0.64,29.0,85.0,15.0
2023-04-09T10:00:00Z,0.62,28.0,96.0,15.0
2023-04-09T11:00:00Z,0.61,25.0,110.0,13.0
2023-04-09T12:00:00Z,0.57,19.0,137.0,12.0
2023-04-09T13:00:00Z,0.49,15.0,147.0,10.0
2023-04-09T14:00:00Z,0.49,15.0,148.0,9.0
2023-04-09T15:00:00Z,0.46,15.0,149.0,9.0
2023-04-09T16:00:00Z,0.45,14.0,149.0,9.0
2023-04-09T17:00:00Z,0.45,15.0,147.0,9.0
2023-04-09T18:00:00Z,0.45,16.0,143.0,8.0
2023-04-09T19:00:00Z,0.46,19.0,134.0,9.0
2023-04-09T20:00:00Z,0.51,24.0,121.0,9.0
2023-04-09T21:00:00Z,0.54,28.0,109.0,11.0
2023-04-09T22:00:00Z,0.57,28.0,109.0,12.0
2023-04-09T23:00:00Z,0.57,24.0,112.0,12.0
2023-04-10T00:00:00Z,0.59,25.0,106.0,13.0
2023-04-10T01:00:00Z,0.61,28.0,94.0,12.0
2023-04-10T02:00:00Z,0.62,30.0,84.0,12.0
2023-04-10T03:00:00Z,0.64,31.0,79.0,12.0
2023-04-10T04:00:00Z,0.67,28.0,79.0,12.0
2023-04-10T05:00:00Z,0.67,27.0,77.0,12.0
2023-04-10T06:00:00Z,0.71,30.0,70.0,12.0
2023-04-10T07:00:00Z,0.71,35.0,67.0,13.0
2023-04-10T08:00:00Z,0.76,35.0,71.0,14.0
2023-04-10T09:00:00Z,0.79,36.0,81.0,14.0
2023-04-10T10:00:00Z,0.74,32.0,98.0,14.0
2023-04-10T11:00:00Z,0.71,26.0,119.0,13.0
2023-04-10T12:00:00Z,0.61,19.0,143.0,12.0
2023-04-10T13:00:00Z,0.54,14.0,157.0,11.0
2023-04-10T14:00:00Z,0.53,13.0,163.0,10.0
2023-04-10T15:00:00Z,0.51,12.0,163.0,10.0
2023-04-10T16:00:00Z,0.51,12.0,161.0,9.0
2023-04-10T17:00:00Z,0.51,14.0,158.0,9.0
2023-04-10T18:00:00Z,0.51,14.0,156.0,9.0
2023-04-10T19:00:00Z,0.5,18.0,147.0,9.0
2023-04-10T20:00:00Z,0.55,22.0,133.0,9.0
2023-04-10T21:00:00Z,0.54,21.0,125.0,10.0
2023-04-10T22:00:00Z,0.55,23.0,116.0,10.0
2023-04-10T23:00:00Z,0.55,26.0,107.0,10.0
2023-04-11T00:00:00Z,0.58,27.0,99.0,11.0
2023-04-11T01:00:00Z,0.63,28.0,92.0,11.0
2023-04-11T02:00:00Z,0.66,30.0,80.0,11.0
2023-04-11T03:00:00Z,0.74,36.0,70.0,14.0
2023-04-11T04:00:00Z,0.77,40.0,64.0,14.0
2023-04-11T05:00:00Z,0.76,34.0,78.0,13.0
2023-04-11T06:00:00Z,0.76,31.0,81.0,14.0
2023-04-11T07:00:00Z,0.72,24.0,88.0,15.0
2023-04-11T08:00:00Z,0.75,27.0,78.0,18.0
2023-04-11T09:00:00Z,0.74,26.0,76.0,19.0
2023-04-11T10:00:00Z,0.66,22.0,87.0,13.0
2023-04-11T11:00:00Z,0.59,16.0,90.0,10.0
2023-04-11T12:00:00Z,0.47,14.0,86.0,8.0
2023-04-11T13:00:00Z,0.45,13.0,88.0,7.0
2023-04-11T14:00:00Z,0.47,12.0,95.0,7.0
2023-04-11T15:00:00Z,0.46,14.0,96.0,7.0
2023-04-11T16:00:00Z,0.46,16.0,88.0,6.0
2023-04-11T17:00:00Z,0.45,19.0,79.0,7.0
2023-04-11T18:00:00Z,0.46,26.0,62.0,7.0
2023-04-11T19:00:00Z,0.47,28.0,46.0,9.0
2023-04-11T20:00:00Z,0.51,36.0,33.0,8.0
2023-04-11T21:00:00Z,0.63,41.0,27.0,9.0
2023-04-11T22:00:00Z,0.58,32.0,35.0,9.0
2023-04-11T23:00:00Z,0.49,21.0,49.0,9.0
2023-04-12T00:00:00Z,0.4,16.0,58.0,10.0
2023-04-12T01:00:00Z,0.41,16.0,62.0,8.0
2023-04-12T02:00:00Z,0.44,15.0,61.0,8.0
2023-04-12T03:00:00Z,0.47,16.0,57.0,8.0
2023-04-12T04:00:00Z,0.49,22.0,48.0,8.0
2023-04-12T05:00:00Z,0.47,25.0,41.0,10.0
2023-04-12T06:00:00Z,0.47,28.0,36.0,17.0
2023-04-12T07:00:00Z,0.49,30.0,35.0,15.0
2023-04-12T08:00:00Z,0.5,28.0,39.0,14.0
2023-04-12T09:00:00Z,0.49,22.0,52.0,12.0
2023-04-12T10:00:00Z,0.49,18.0,67.0,10.0
2023-04-12T11:00:00Z,0.44,13.0,75.0,7.0
2023-04-12T12:00:00Z,0.39,11.0,79.0,7.0
2023-04-12T13:00:00Z,0.42,10.0,84.0,8.0
2023-04-12T14:00:00Z,0.39,8.0,92.0,8.0
2023-04-12T15:00:00Z,0.4,8.0,96.0,8.0
2023-04-12T16:00:00Z,0.44,9.0,98.0,8.0
2023-04-12T17:00:00Z,0.47,11.0,97.0,8.0
2023-04-12T18:00:00Z,0.47,14.0,92.0,8.0
2023-04-12T19:00:00Z,0.47,15.0,90.0,8.0
2023-04-12T20:00:00Z,0.46,17.0,88.0,8.0
2023-04-12T21:00:00Z,0.45,18.0,88.0,9.0
2023-04-12T22:00:00Z,0.45,17.0,91.0,8.0
2023-04-12T23:00:00Z,0.45,16.0,90.0,9.0
2023-04-13T00:00:00Z,0.47,16.0,82.0,9.0
2023-04-13T01:00:00Z,0.49,18.0,74.0,9.0
2023-04-13T02:00:00Z,0.53,21.0,66.0,10.0
2023-04-13T03:00:00Z,0.54,23.0,57.0,10.0
2023-04-13T04:00:00Z,0.57,28.0,47.0,10.0
2023-04-13T05:00:00Z,0.6,30.0,42.0,10.0
2023-04-13T06:00:00Z,0.6,33.0,37.0,11.0
2023-04-13T07:00:00Z,0.62,37.0,37.0,11.0
2023-04-13T08:00:00Z,0.66,36.0,39.0,11.0
2023-04-13T09:00:00Z,0.63,32.0,49.0,11.0
2023-04-13T10:00:00Z,0.6,28.0,65.0,11.0
2023-04-13T11:00:00Z,0.6,25.0,78.0,10.0
2023-04-13T12:00:00Z,0.6,23.0,96.0,10.0
2023-04-13T13:00:00Z,0.6,19.0,118.0,10.0
2023-04-13T14:00:00Z,0.63,16.0,135.0,10.0
2023-04-13T15:00:00Z,0.59,15.0,142.0,9.0
2023-04-13T16:00:00Z,0.57,14.0,147.0,9.0
2023-04-13T17:00:00Z,0.57,14.0,146.0,9.0
2023-04-13T18:00:00Z,0.63,15.0,141.0,9.0
2023-04-13T19:00:00Z,0.65,24.0,122.0,10.0
2023-04-13T20:00:00Z,0.7,33.0,103.0,11.0
2023-04-13T21:00:00Z,0.69,35.0,86.0,10.0
2023-04-13T22:00:00Z,0.67,36.0,66.0,9.0
2023-04-13T23:00:00Z,0.69,46.0,46.0,13.0
2023-04-14T00:00:00Z,0.75,41.0,49.0,12.0
2023-04-14T01:00:00Z,0.78,38.0,47.0,9.0
2023-04-14T02:00:00Z,0.75,29.0,46.0,8.0
2023-04-14T03:00:00Z,0.75,32.0,37.0,8.0
2023-04-14T04:00:00Z,0.78,30.0,35.0,8.0
2023-04-14T05:00:00Z,0.8,31.0,31.0,8.0
2023-04-14T06:00:00Z,0.8,29.0,33.0,9.0
2023-04-14T07:00:00Z,0.91,30.0,31.0,9.0
2023-04-14T08:00:00Z,0.95,29.0,38.0,9.0
2023-04-14T09:00:00Z,0.95,26.0,54.0,11.0
2023-04-14T10:00:00Z,0.93,24.0,72.0,12.0
2023-04-14T11:00:00Z,0.82,20.0,91.0,11.0
2023-04-14T12:00:00Z,0.87,17.0,115.0,12.0
2023-04-14T13:00:00Z,0.73,10.0,138.0,12.0
2023-04-14T14:00:00Z,0.57,7.0,141.0,10.0
2023-04-14T15:00:00Z,0.57,9.0,148.0,9.0
2023-04-14T16:00:00Z,0.54,11.0,140.0,8.0
2023-04-14T17:00:00Z,0.66,11.0,136.0,8.0
2023-04-14T18:00:00Z,0.76,16.0,132.0,9.0
2023-04-14T19:00:00Z,0.78,18.0,117.0,8.0
2023-04-14T20:00:00Z,0.61,17.0,105.0,7.0
2023-04-14T21:00:00Z,0.62,17.0,94.0,8.0
2023-04-14T22:00:00Z,0.64,20.0,87.0,8.0
2023-04-14T23:00:00Z,0.66,22.0,84.0,8.0
2023-04-15T00:00:00Z,0.7,24.0,75.0,9.0
2023-04-15T01:00:00Z,0.74,26.0,61.0,9.0
2023-04-15T02:00:00Z,0.76,26.0,47.0,8.0
2023-04-15T03:00:00Z,0.8,32.0,33.0,7.0
2023-04-15T04:00:00Z,0.8,29.0,33.0,7.0
2023-04-15T05:00:00Z,0.8,33.0,33.0,8.0
2023-04-15T06:00:00Z,0.84,29.0,36.0,9.0
2023-04-15T07:00:00Z,0.9,35.0,24.0,9.0
2023-04-15T08:00:00Z,0.91,37.0,32.0,11.0
2023-04-15T09:00:00Z,0.94,31.0,56.0,13.0
2023-04-15T10:00:00Z,0.92,23.0,86.0,12.0
2023-04-15T11:00:00Z,0.91,19.0,113.0,12.0
2023-04-15T12:00:00Z,0.79,15.0,130.0,12.0
2023-04-15T13:00:00Z,0.64,12.0,134.0,10.0
2023-04-15T14:00:00Z,0.63,12.0,136.0,10.0
2023-04-15T15:00:00Z,0.6,12.0,133.0,10.0
2023-04-15T16:00:00Z,0.54,13.0,135.0,10.0
2023-04-15T17:00:00Z,0.51,13.0,126.0,9.0
2023-04-15T18:00:00Z,0.44,14.0,112.0,8.0
2023-04-15T19:00:00Z,0.5,19.0,100.0,8.0
2023-04-15T20:00:00Z,0.56,26.0,89.0,10.0
2023-04-15T21:00:00Z,0.6,32.0,77.0,10.0
2023-04-15T22:00:00Z,0.54,31.0,72.0,10.0
2023-04-15T23:00:00Z,0.51,22.0,76.0,9.0
2023-04-16T00:00:00Z,0.53,18.0,78.0,10.0
2023-04-16T01:00:00Z,0.56,19.0,75.0,9.0
2023-04-16T02:00:00Z,0.55,25.0,63.0,9.0
2023-04-16T03:00:00Z,0.56,23.0,60.0,8.0
2023-04-16T04:00:00Z,0.54,22.0,55.0,8.0
2023-04-16T05:00:00Z,0.64,44.0,28.0,9.0
2023-04-16T06:00:00Z,0.69,47.0,21.0,9.0
2023-04-16T07:00:00Z,0.8,51.0,16.0,10.0
2023-04-16T08:00:00Z,0.7,47.0,36.0,12.0
2023-04-16T09:00:00Z,0.66,36.0,66.0,11.0
2023-04-16T10:00:00Z,0.54,20.0,93.0,10.0
2023-04-16T11:00:00Z,0.45,13.0,102.0,9.0
2023-04-16T12:00:00Z,0.42,11.0,107.0,8.0
2023-04-16T13:00:00Z,0.41,10.0,112.0,8.0
2023-04-16T14:00:00Z,0.42,9.0,119.0,9.0
2023-04-16T15:00:00Z,0.46,11.0,125.0,10.0
2023-04-16T16:00:00Z,0.45,10.0,125.0,10.0
2023-04-16T17:00:00Z,0.44,11.0,126.0,8.0
2023-04-16T18:00:00Z,0.46,13.0,132.0,9.0
2023-04-16T19:00:00Z,0.44,16.0,116.0,9.0
2023-04-16T20:00:00Z,0.44,21.0,103.0,10.0
2023-04-16T21:00:00Z,0.44,20.0,106.0,9.0
2023-04-16T22:00:00Z,0.46,21.0,107.0,9.0
2023-04-16T23:00:00Z,0.45,19.0,106.0,13.0
2023-04-17T00:00:00Z,0.45,18.0,104.0,9.0
2023-04-17T01:00:00Z,0.45,19.0,95.0,10.0
2023-04-17T02:00:00Z,0.5,17.0,93.0,10.0
2023-04-17T03:00:00Z,0.57,15.0,90.0,9.0
2023-04-17T04:00:00Z,0.57,13.0,91.0,9.0
2023-04-17T05:00:00Z,0.57,14.0,88.0,9.0
2023-04-17T06:00:00Z,0.59,17.0,84.0,9.0
2023-04-17T07:00:00Z,0.64,21.0,80.0,10.0
2023-04-17T08:00:00Z,0.71,22.0,81.0,11.0
2023-04-17T09:00:00Z,0.75,20.0,88.0,10.0
2023-04-17T10:00:00Z,0.76,19.0,99.0,10.0
2023-04-17T11:00:00Z,0.72,17.0,116.0,11.0
2023-04-17T12:00:00Z,0.75,15.0,134.0,11.0
2023-04-17T13:00:00Z,0.72,12.0,152.0,10.0
2023-04-17T14:00:00Z,0.71,11.0,163.0,10.0
2023-04-17T15:00:00Z,0.73,12.0,168.0,10.0
2023-04-17T16:00:00Z,0.75,13.0,167.0,10.0
2023-04-17T17:00:00Z,0.77,16.0,163.0,10.0
2023-04-17T18:00:00Z,0.76,18.0,155.0,10.0
2023-04-17T19:00:00Z,0.81,26.0,132.0,10.0
2023-04-17T20:00:00Z,0.91,51.0,80.0,11.0
2023-04-17T21:00:00Z,0.99,59.0,58.0,11.0
2023-04-17T22:00:00Z,0.96,55.0,53.0,11.0
2023-04-17T23:00:00Z,0.94,58.0,47.0,11.0
2023-04-18T00:00:00Z,0.89,48.0,63.0,11.0
2023-04-18T01:00:00Z,0.86,45.0,67.0,11.0
2023-04-18T02:00:00Z,0.85,42.0,62.0,11.0
2023-04-18T03:00:00Z,0.86,41.0,54.0,11.0
2023-04-18T04:00:00Z,0.89,38.0,45.0,11.0
2023-04-18T05:00:00Z,0.91,42.0,31.0,10.0
2023-04-18T06:00:00Z,0.96,49.0,21.0,10.0
2023-04-18T07:00:00Z,1.15,52.0,20.0,11.0
2023-04-18T08:00:00Z,1.44,46.0,47.0,13.0
2023-04-18T09:00:00Z,1.49,38.0,78.0,14.0
2023-04-18T10:00:00Z,1.38,29.0,116.0,14.0
2023-04-18T11:00:00Z,1.13,23.0,147.0,15.0
2023-04-18T12:00:00Z,0.97,20.0,170.0,14.0
2023-04-18T13:00:00Z,0.95,17.0,191.0,14.0
2023-04-18T14:00:00Z,1.07,15.0,207.0,14.0
2023-04-18T15:00:00Z,1.09,15.0,209.0,13.0
2023-04-18T16:00:00Z,0.99,15.0,199.0,12.0
2023-04-18T17:00:00Z,0.78,17.0,185.0,11.0
2023-04-18T18:00:00Z,0.7,17.0,175.0,10.0
2023-04-18T19:00:00Z,0.66,19.0,159.0,10.0
2023-04-18T20:00:00Z,0.59,16.0,149.0,9.0
2023-04-18T21:00:00Z,0.56,15.0,140.0,9.0
2023-04-18T22:00:00Z,0.53,17.0,134.0,9.0
2023-04-18T23:00:00Z,0.55,18.0,124.0,8.0
2023-04-19T00:00:00Z,0.54,19.0,113.0,9.0
2023-04-19T01:00:00Z,0.53,19.0,108.0,9.0
2023-04-19T02:00:00Z,0.56,18.0,103.0,9.0
2023-04-19T03:00:00Z,0.54,19.0,97.0,9.0
2023-04-19T04:00:00Z,0.54,22.0,85.0,8.0
2023-04-19T05:00:00Z,0.61,23.0,77.0,8.0
2023-04-19T06:00:00Z,0.9,21.0,73.0,10.0
2023-04-19T07:00:00Z,1.14,23.0,67.0,10.0
2023-04-19T08:00:00Z,1.05,21.0,70.0,8.0
2023-04-19T09:00:00Z,0.89,20.0,79.0,7.0
2023-04-19T10:00:00Z,0.82,19.0,88.0,8.0
2023-04-19T11:00:00Z,0.7,15.0,105.0,8.0
2023-04-19T12:00:00Z,0.61,13.0,120.0,7.0
2023-04-19T13:00:00Z,0.57,11.0,131.0,8.0
2023-04-19T14:00:00Z,0.57,11.0,140.0,8.0
2023-04-19T15:00:00Z,0.6,11.0,147.0,9.0
2023-04-19T16:00:00Z,0.63,11.0,152.0,10.0
2023-04-19T17:00:00Z,0.59,11.0,153.0,10.0
2023-04-19T18:00:00Z,0.55,14.0,146.0,10.0
2023-04-19T19:00:00Z,0.56,16.0,134.0,9.0
2023-04-19T20:00:00Z,0.55,18.0,123.0,9.0
2023-04-19T21:00:00Z,0.56,17.0,120.0,13.0
2023-04-19T22:00:00Z,0.56,19.0,111.0,13.0
2023-04-19T23:00:00Z,0.56,20.0,97.0,14.0
2023-04-20T00:00:00Z,0.65,20.0,80.0,11.0
2023-04-20T01:00:00Z,0.66,17.0,73.0,8.0
2023-04-20T02:00:00Z,0.59,11.0,73.0,7.0
2023-04-20T03:00:00Z,0.57,10.0,75.0,6.0
2023-04-20T04:00:00Z,0.66,9.0,85.0,6.0
2023-04-20T05:00:00Z,0.74,8.0,92.0,6.0
2023-04-20T06:00:00Z,0.78,9.0,91.0,6.0
2023-04-20T07:00:00Z,0.81,11.0,89.0,6.0
2023-04-20T08:00:00Z,0.81,16.0,84.0,6.0
2023-04-20T09:00:00Z,0.81,16.0,80.0,6.0
2023-04-20T10:00:00Z,0.8,17.0,77.0,6.0
2023-04-20T11:00:00Z,0.85,16.0,85.0,6.0
2023-04-20T12:00:00Z,0.89,15.0,102.0,6.0
2023-04-20T13:00:00Z,0.84,13.0,119.0,7.0
2023-04-20T14:00:00Z,0.86,15.0,128.0,7.0
2023-04-20T15:00:00Z,0.83,16.0,151.0,7.0
2023-04-20T16:00:00Z,0.84,15.0,169.0,7.0
2023-04-20T17:00:00Z,0.86,16.0,168.0,8.0
2023-04-20T18:00:00Z,0.87,19.0,156.0,8.0
2023-04-20T19:00:00Z,0.86,20.0,131.0,7.0
2023-04-20T20:00:00Z,0.88,19.0,114.0,8.0
2023-04-20T21:00:00Z,0.86,17.0,107.0,10.0
2023-04-20T22:00:00Z,0.83,14.0,143.0,9.0
2023-04-20T23:00:00Z,0.57,12.0,131.0,8.0
2023-04-21T00:00:00Z,0.49,12.0,114.0,7.0
2023-04-21T01:00:00Z,0.41,11.0,101.0,7.0
2023-04-21T02:00:00Z,0.44,12.0,97.0,7.0
2023-04-21T03:00:00Z,0.53,14.0,92.0,8.0
2023-04-21T04:00:00Z,0.63,15.0,88.0,8.0
2023-04-21T05:00:00Z,0.66,16.0,81.0,9.0
2023-04-21T06:00:00Z,0.74,19.0,72.0,9.0
2023-04-21T07:00:00Z,0.65,23.0,65.0,9.0
2023-04-21T08:00:00Z,0.61,25.0,63.0,10.0
2023-04-21T09:00:00Z,0.6,24.0,65.0,10.0
2023-04-21T10:00:00Z,0.54,20.0,71.0,9.0
2023-04-21T11:00:00Z,0.46,16.0,80.0,8.0
2023-04-21T12:00:00Z,0.42,15.0,85.0,8.0
2023-04-21T13:00:00Z,0.38,12.0,90.0,7.0
2023-04-21T14:00:00Z,0.38,13.0,92.0,7.0
2023-04-21T15:00:00Z,0.38,13.0,95.0,7.0
2023-04-21T16:00:00Z,0.37,15.0,96.0,7.0
2023-04-21T17:00:00Z,0.41,17.0,94.0,7.0
2023-04-21T18:00:00Z,0.42,19.0,91.0,8.0
2023-04-21T19:00:00Z,0.42,21.0,86.0,8.0
2023-04-21T20:00:00Z,0.45,25.0,77.0,7.0
2023-04-21T21:00:00Z,0.45,29.0,68.0,8.0
2023-04-21T22:00:00Z,0.46,30.0,66.0,9.0
2023-04-21T23:00:00Z,0.44,25.0,69.0,9.0
2023-04-22T00:00:00Z,0.41,23.0,70.0,9.0
2023-04-22T01:00:00Z,0.44,24.0,65.0,9.0
2023-04-22T02:00:00Z,0.49,29.0,58.0,10.0
2023-04-22T03:00:00Z,0.47,37.0,47.0,11.0
2023-04-22T04:00:00Z,0.49,40.0,43.0,11.0
2023-04-22T05:00:00Z,0.56,34.0,44.0,10.0
2023-04-22T06:00:00Z,0.6,31.0,47.0,10.0
2023-04-22T07:00:00Z,0.55,27.0,58.0,9.0
2023-04-22T08:00:00Z,0.53,24.0,65.0,8.0
2023-04-22T09:00:00Z,0.51,24.0,69.0,9.0
2023-04-22T10:00:00Z,0.54,23.0,72.0,9.0
2023-04-22T11:00:00Z,0.53,22.0,76.0,10.0
2023-04-22T12:00:00Z,0.5,21.0,76.0,10.0
2023-04-22T13:00:00Z,0.54,24.0,73.0,11.0
2023-04-22T14:00:00Z,0.55,23.0,73.0,9.0
2023-04-22T15:00:00Z,0.53,21.0,76.0,8.0
2023-04-22T16:00:00Z,0.56,23.0,77.0,8.0
2023-04-22T17:00:00Z,0.6,25.0,74.0,9.0
2023-04-22T18:00:00Z,0.66,28.0,70.0,9.0
2023-04-22T19:00:00Z,0.7,33.0,59.0,10.0
2023-04-22T20:00:00Z,0.76,34.0,52.0,9.0
2023-04-22T21:00:00Z,0.85,34.0,47.0,8.0
2023-04-22T22:00:00Z,0.86,31.0,50.0,9.0
2023-04-22T23:00:00Z,0.71,26.0,55.0,8.0
2023-04-23T00:00:00Z,0.67,23.0,55.0,7.0
2023-04-23T01:00:00Z,0.67,20.0,57.0,7.0
2023-04-23T02:00:00Z,0.69,16.0,65.0,7.0
2023-04-23T03:00:00Z,0.69,15.0,68.0,6.0
2023-04-23T04:00:00Z,0.66,15.0,65.0,6.0
2023-04-23T05:00:00Z,0.64,15.0,63.0,6.0
2023-04-23T06:00:00Z,0.66,16.0,59.0,6.0
2023-04-23T07:00:00Z,0.66,18.0,59.0,6.0
2023-04-23T08:00:00Z,0.66,18.0,63.0,6.0
2023-04-23T09:00:00Z,0.67,19.0,61.0,6.0
2023-04-23T10:00:00Z,0.69,21.0,58.0,6.0
2023-04-23T11:00:00Z,0.66,21.0,61.0,6.0
2023-04-23T12:00:00Z,0.66,19.0,65.0,6.0
2023-04-23T13:00:00Z,0.61,19.0,71.0,6.0
2023-04-23T14:00:00Z,0.56,19.0,75.0,6.0
2023-04-23T15:00:00Z,0.47,18.0,82.0,7.0
2023-04-23T16:00:00Z,0.39,16.0,92.0,6.0
2023-04-23T17:00:00Z,0.41,17.0,90.0,7.0
2023-04-23T18:00:00Z,0.45,19.0,87.0,6.0
2023-04-23T19:00:00Z,0.42,16.0,92.0,6.0
2023-04-23T20:00:00Z,0.53,23.0,70.0,6.0
2023-04-23T21:00:00Z,0.53,22.0,65.0,7.0
2023-04-23T22:00:00Z,0.51,20.0,68.0,7.0
2023-04-23T23:00:00Z,0.46,18.0,75.0,7.0
2023-04-24T00:00:00Z,0.46,16.0,78.0,7.0
2023-04-24T01:00:00Z,0.49,16.0,79.0,7.0
2023-04-24T02:00:00Z,0.55,18.0,73.0,7.0
2023-04-24T03:00:00Z,0.55,19.0,67.0,7.0
2023-04-24T04:00:00Z,0.56,18.0,67.0,7.0
2023-04-24T05:00:00Z,0.49,16.0,75.0,7.0
2023-04-24T06:00:00Z,0.45,13.0,87.0,7.0
2023-04-24T07:00:00Z,0.45,14.0,90.0,6.0
2023-04-24T08:00:00Z,0.54,18.0,84.0,7.0
2023-04-24T09:00:00Z,0.57,20.0,81.0,7.0
2023-04-24T10:00:00Z,0.49,16.0,88.0,7.0
2023-04-24T11:00:00Z,0.45,15.0,93.0,8.0
2023-04-24T12:00:00Z,0.44,12.0,100.0,7.0
2023-04-24T13:00:00Z,0.44,10.0,109.0,8.0
2023-04-24T14:00:00Z,0.37,9.0,111.0,7.0
2023-04-24T15:00:00Z,0.4,13.0,106.0,7.0
2023-04-24T16:00:00Z,0.42,13.0,103.0,8.0
2023-04-24T17:00:00Z,0.42,13.0,103.0,8.0
2023-04-24T18:00:00Z,0.42,16.0,100.0,8.0
2023-04-24T19:00:00Z,0.44,20.0,91.0,8.0
2023-04-24T20:00:00Z,0.47,27.0,80.0,8.0
2023-04-24T21:00:00Z,0.53,35.0,61.0,7.0
2023-04-24T22:00:00Z,0.57,42.0,46.0,7.0
2023-04-24T23:00:00Z,0.63,48.0,32.0,7.0
2023-04-25T00:00:00Z,0.61,55.0,23.0,8.0
2023-04-25T01:00:00Z,0.59,48.0,32.0,9.0
2023-04-25T02:00:00Z,0.66,43.0,36.0,11.0
2023-04-25T03:00:00Z,0.69,36.0,39.0,11.0
2023-04-25T04:00:00Z,0.65,31.0,41.0,12.0
2023-04-25T05:00:00Z,0.68,27.0,41.0,12.0
2023-04-25T06:00:00Z,0.69,26.0,37.0,10.0
2023-04-25T07:00:00Z,0.66,31.0,29.0,10.0
2023-04-25T08:00:00Z,0.75,30.0,35.0,11.0
2023-04-25T09:00:00Z,0.76,31.0,43.0,11.0
2023-04-25T10:00:00Z,0.65,25.0,63.0,11.0
2023-04-25T11:00:00Z,0.55,14.0,94.0,10.0
2023-04-25T12:00:00Z,0.5,11.0,102.0,8.0
2023-04-25T13:00:00Z,0.47,10.0,100.0,7.0
2023-04-25T14:00:00Z,0.44,10.0,98.0,7.0
2023-04-25T15:00:00Z,0.45,11.0,97.0,6.0
2023-04-25T16:00:00Z,0.44,11.0,101.0,6.0
2023-04-25T17:00:00Z,0.45,10.0,103.0,6.0
2023-04-25T18:00:00Z,0.47,11.0,104.0,6.0
2023-04-25T19:00:00Z,0.51,14.0,99.0,6.0
2023-04-25T20:00:00Z,0.57,22.0,85.0,7.0
2023-04-25T21:00:00Z,0.67,31.0,66.0,8.0
2023-04-25T22:00:00Z,0.74,40.0,51.0,9.0
2023-04-25T23:00:00Z,0.77,47.0,41.0,10.0
2023-04-26T00:00:00Z,0.77,47.0,34.0,11.0
2023-04-26T01:00:00Z,0.81,46.0,29.0,10.0
2023-04-26T02:00:00Z,0.85,47.0,26.0,10.0
2023-04-26T03:00:00Z,0.84,43.0,27.0,9.0
2023-04-26T04:00:00Z,0.85,42.0,22.0,9.0
2023-04-26T05:00:00Z,0.88,45.0,11.0,9.0
2023-04-26T06:00:00Z,0.9,50.0,5.0,9.0
2023-04-26T07:00:00Z,0.96,50.0,7.0,11.0
2023-04-26T08:00:00Z,0.96,46.0,23.0,13.0
2023-04-26T09:00:00Z,0.91,41.0,50.0,14.0
2023-04-26T10:00:00Z,0.83,29.0,88.0,12.0
2023-04-26T11:00:00Z,0.71,18.0,121.0,10.0
2023-04-26T12:00:00Z,0.69,12.0,140.0,10.0
2023-04-26T13:00:00Z,0.64,10.0,146.0,9.0
2023-04-26T14:00:00Z,0.61,10.0,149.0,9.0
2023-04-26T15:00:00Z,0.6,11.0,148.0,8.0
2023-04-26T16:00:00Z,0.59,11.0,150.0,8.0
2023-04-26T17:00:00Z,0.59,12.0,148.0,8.0
2023-04-26T18:00:00Z,0.57,13.0,144.0,8.0
2023-04-26T19:00:00Z,0.6,16.0,135.0,8.0
2023-04-26T20:00:00Z,0.6,20.0,121.0,7.0
2023-04-26T21:00:00Z,0.63,19.0,117.0,9.0
2023-04-26T22:00:00Z,0.63,19.0,115.0,14.0
2023-04-26T23:00:00Z,0.61,19.0,109.0,10.0
2023-04-27T00:00:00Z,0.61,17.0,108.0,8.0
2023-04-27T01:00:00Z,0.61,18.0,103.0,8.0
2023-04-27T02:00:00Z,0.57,20.0,92.0,8.0
2023-04-27T03:00:00Z,0.61,20.0,87.0,9.0
2023-04-27T04:00:00Z,0.61,21.0,82.0,10.0
2023-04-27T05:00:00Z,0.6,20.0,79.0,11.0
2023-04-27T06:00:00Z,0.64,20.0,76.0,11.0
2023-04-27T07:00:00Z,0.7,23.0,69.0,11.0
2023-04-27T08:00:00Z,0.72,26.0,71.0,11.0
2023-04-27T09:00:00Z,0.79,23.0,98.0,12.0
2023-04-27T10:00:00Z,0.81,20.0,126.0,11.0
2023-04-27T11:00:00Z,0.74,18.0,144.0,10.0
2023-04-27T12:00:00Z,0.7,16.0,152.0,9.0
2023-04-27T13:00:00Z,0.66,14.0,154.0,8.0
2023-04-27T14:00:00Z,0.65,13.0,153.0,8.0
2023-04-27T15:00:00Z,0.64,13.0,154.0,8.0
2023-04-27T16:00:00Z,0.63,12.0,157.0,8.0
2023-04-27T17:00:00Z,0.61,13.0,157.0,8.0
2023-04-27T18:00:00Z,0.56,13.0,146.0,8.0
2023-04-27T19:00:00Z,0.57,15.0,142.0,8.0
2023-04-27T20:00:00Z,0.61,18.0,132.0,9.0
2023-04-27T21:00:00Z,0.65,21.0,115.0,8.0
2023-04-27T22:00:00Z,0.65,22.0,106.0,8.0
2023-04-27T23:00:00Z,0.63,24.0,100.0,8.0
2023-04-28T00:00:00Z,0.64,22.0,95.0,9.0
2023-04-28T01:00:00Z,0.64,23.0,86.0,10.0
2023-04-28T02:00:00Z,0.64,22.0,80.0,9.0
2023-04-28T03:00:00Z,0.66,23.0,70.0,10.0
2023-04-28T04:00:00Z,0.69,26.0,57.0,9.0
2023-04-28T05:00:00Z,0.7,31.0,47.0,9.0
2023-04-28T06:00:00Z,0.7,33.0,36.0,8.0
2023-04-28T07:00:00Z,0.75,38.0,32.0,9.0
2023-04-28T08:00:00Z,0.71,37.0,41.0,10.0
2023-04-28T09:00:00Z,0.75,32.0,53.0,11.0
2023-04-28T10:00:00Z,0.8,33.0,62.0,12.0
2023-04-28T11:00:00Z,0.74,26.0,91.0,13.0
2023-04-28T12:00:00Z,0.7,19.0,122.0,11.0
2023-04-28T13:00:00Z,0.64,13.0,143.0,10.0
2023-04-28T14:00:00Z,0.65,13.0,147.0,10.0
2023-04-28T15:00:00Z,0.63,12.0,143.0,9.0
2023-04-28T16:00:00Z,0.72,15.0,135.0,11.0
2023-04-28T17:00:00Z,0.79,21.0,106.0,11.0
2023-04-28T18:00:00Z,0.72,18.0,96.0,9.0
2023-04-28T19:00:00Z,0.65,16.0,93.0,9.0
2023-04-28T20:00:00Z,0.64,17.0,88.0,9.0
2023-04-28T21:00:00Z,0.61,16.0,83.0,9.0
2023-04-28T22:00:00Z,0.6,17.0,75.0,9.0
2023-04-28T23:00:00Z,0.57,17.0,73.0,9.0
2023-04-29T00:00:00Z,0.56,16.0,72.0,10.0
2023-04-29T01:00:00Z,0.5,13.0,77.0,9.0
2023-04-29T02:00:00Z,0.36,10.0,83.0,7.0
2023-04-29T03:00:00Z,0.38,9.0,76.0,8.0
2023-04-29T04:00:00Z,0.41,9.0,75.0,8.0
2023-04-29T05:00:00Z,0.42,10.0,71.0,8.0
2023-04-29T06:00:00Z,0.42,12.0,69.0,8.0
2023-04-29T07:00:00Z,0.44,14.0,64.0,9.0
2023-04-29T08:00:00Z,0.44,14.0,67.0,9.0
2023-04-29T09:00:00Z,0.42,11.0,75.0,10.0
2023-04-29T10:00:00Z,0.4,8.0,85.0,8.0
2023-04-29T11:00:00Z,0.39,8.0,93.0,8.0
2023-04-29T12:00:00Z,0.44,8.0,100.0,8.0
2023-04-29T13:00:00Z,0.4,7.0,106.0,8.0
2023-04-29T14:00:00Z,0.4,7.0,113.0,8.0
2023-04-29T15:00:00Z,0.4,8.0,119.0,8.0
2023-04-29T16:00:00Z,0.41,8.0,123.0,8.0
2023-04-29T17:00:00Z,0.41,8.0,124.0,8.0
2023-04-29T18:00:00Z,0.39,9.0,123.0,8.0
2023-04-29T19:00:00Z,0.39,11.0,116.0,8.0
2023-04-29T20:00:00Z,0.42,17.0,101.0,8.0
2023-04-29T22:00:00Z,0.51,32.0,69.0,9.0
2023-04-29T23:00:00Z,0.58,45.0,51.0,9.0
2023-04-30T00:00:00Z,0.6,53.0,39.0,11.0
2023-04-30T01:00:00Z,0.65,57.0,33.0,12.0
2023-04-30T02:00:00Z,0.64,49.0,39.0,12.0
2023-04-30T03:00:00Z,0.63,40.0,45.0,12.0
2023-04-30T04:00:00Z,0.64,39.0,44.0,13.0
2023-04-30T05:00:00Z,0.63,33.0,53.0,13.0
2023-04-30T06:00:00Z,0.6,33.0,51.0,12.0
2023-04-30T07:00:00Z,0.59,31.0,56.0,12.0
2023-04-30T08:00:00Z,0.53,26.0,71.0,12.0
2023-04-30T09:00:00Z,0.51,20.0,88.0,11.0
2023-04-30T10:00:00Z,0.5,16.0,102.0,10.0
2023-04-30T11:00:00Z,0.45,14.0,111.0,10.0
2023-04-30T12:00:00Z,0.45,11.0,119.0,9.0
2023-04-30T13:00:00Z,0.45,11.0,129.0,10.0
2023-04-30T14:00:00Z,0.46,10.0,136.0,9.0
2023-04-30T15:00:00Z,0.47,10.0,143.0,10.0
2023-04-30T16:00:00Z,0.47,10.0,150.0,10.0
2023-04-30T17:00:00Z,0.46,10.0,155.0,11.0
2023-04-30T18:00:00Z,0.49,12.0,155.0,11.0
2023-04-30T19:00:00Z,0.54,17.0,146.0,11.0
2023-04-30T20:00:00Z,0.6,24.0,130.0,11.0
2023-04-30T21:00:00Z,0.76,36.0,94.0,10.0
2023-04-30T22:00:00Z,0.81,54.0,61.0,9.0
2023-04-30T23:00:00Z,0.89,59.0,42.0,9.0
2023-05-01T00:00:00Z,0.9,53.0,40.0,9.0
2023-05-01T01:00:00Z,0.9,56.0,29.0,8.0
2023-05-01T02:00:00Z,0.91,68.0,18.0,9.0
2023-05-01T03:00:00Z,0.79,69.0,28.0,10.0
2023-05-01T04:00:00Z,0.75,59.0,33.0,11.0
2023-05-01T05:00:00Z,0.74,52.0,43.0,13.0
2023-05-01T06:00:00Z,0.76,45.0,51.0,17.0
2023-05-01T07:00:00Z,0.74,38.0,64.0,20.0
2023-05-01T08:00:00Z,0.7,34.0,81.0,18.0
2023-05-01T09:00:00Z,0.63,27.0,104.0,17.0
2023-05-01T10:00:00Z,0.59,20.0,122.0,14.0
2023-05-01T11:00:00Z,0.55,15.0,141.0,13.0
2023-05-01T12:00:00Z,0.46,12.0,157.0,11.0
2023-05-01T13:00:00Z,0.45,10.0,166.0,10.0
2023-05-01T14:00:00Z,0.41,9.0,158.0,8.0
2023-05-01T15:00:00Z,0.41,10.0,156.0,8.0
2023-05-01T16:00:00Z,0.4,11.0,160.0,8.0
2023-05-01T17:00:00Z,0.41,10.0,164.0,8.0
2023-05-01T18:00:00Z,0.43,11.0,162.0,9.0
2023-05-01T19:00:00Z,0.43,15.0,145.0,9.0
2023-05-01T20:00:00Z,0.47,19.0,134.0,10.0
2023-05-01T21:00:00Z,0.46,16.0,130.0,10.0
2023-05-01T22:00:00Z,0.49,14.0,130.0,9.0
2023-05-01T23:00:00Z,0.47,16.0,121.0,10.0
2023-05-02T00:00:00Z,0.5,16.0,114.0,13.0
2023-05-02T01:00:00Z,0.51,17.0,106.0,12.0
2023-05-02T02:00:00Z,0.5,18.0,103.0,13.0
2023-05-02T03:00:00Z,0.53,17.0,103.0,13.0
2023-05-02T04:00:00Z,0.55,16.0,103.0,14.0
2023-05-02T05:00:00Z,0.57,18.0,103.0,12.0
2023-05-02T06:00:00Z,0.6,19.0,104.0,12.0
2023-05-02T07:00:00Z,0.57,22.0,101.0,12.0
2023-05-02T08:00:00Z,0.55,23.0,110.0,13.0
2023-05-02T09:00:00Z,0.57,19.0,123.0,13.0
2023-05-02T10:00:00Z,0.61,17.0,133.0,12.0
2023-05-02T11:00:00Z,0.57,14.0,148.0,11.0
2023-05-02T12:00:00Z,0.57,13.0,157.0,10.0
2023-05-02T13:00:00Z,0.56,13.0,161.0,10.0
2023-05-02T14:00:00Z,0.56,13.0,166.0,10.0
2023-05-02T15:00:00Z,0.56,17.0,165.0,10.0
2023-05-02T16:00:00Z,0.56,16.0,171.0,10.0
2023-05-02T17:00:00Z,0.57,17.0,171.0,10.0
2023-05-02T18:00:00Z,0.59,18.0,162.0,10.0
2023-05-02T19:00:00Z,0.55,17.0,155.0,10.0
2023-05-02T20:00:00Z,0.54,17.0,148.0,10.0
2023-05-02T21:00:00Z,0.5,18.0,142.0,10.0
2023-05-02T22:00:00Z,0.54,18.0,132.0,11.0
2023-05-02T23:00:00Z,0.56,18.0,121.0,11.0
2023-05-03T00:00:00Z,0.55,19.0,107.0,12.0
2023-05-03T01:00:00Z,0.54,18.0,95.0,12.0
2023-05-03T02:00:00Z,0.56,18.0,89.0,11.0
2023-05-03T03:00:00Z,0.55,18.0,95.0,12.0
2023-05-03T04:00:00Z,0.57,16.0,99.0,11.0
2023-05-03T05:00:00Z,0.56,16.0,86.0,10.0
2023-05-03T06:00:00Z,0.54,16.0,83.0,10.0
2023-05-03T07:00:00Z,0.59,16.0,78.0,9.0
2023-05-03T08:00:00Z,0.63,18.0,68.0,7.0
2023-05-03T09:00:00Z,0.63,16.0,60.0,8.0
2023-05-03T10:00:00Z,0.62,16.0,56.0,8.0
2023-05-03T11:00:00Z,0.63,16.0,55.0,8.0
2023-05-03T12:00:00Z,0.63,15.0,58.0,8.0
2023-05-03T13:00:00Z,0.63,12.0,66.0,6.0
2023-05-03T14:00:00Z,0.6,10.0,73.0,7.0
2023-05-03T15:00:00Z,0.6,10.0,81.0,6.0
2023-05-03T16:00:00Z,0.59,12.0,76.0,6.0
2023-05-03T17:00:00Z,0.64,14.0,66.0,6.0
2023-05-03T18:00:00Z,0.64,14.0,69.0,6.0
2023-05-03T19:00:00Z,0.64,13.0,68.0,6.0
2023-05-03T20:00:00Z,0.63,12.0,64.0,6.0
2023-05-03T21:00:00Z,0.63,12.0,60.0,6.0
2023-05-03T22:00:00Z,0.61,12.0,59.0,6.0
2023-05-03T23:00:00Z,0.6,10.0,60.0,6.0
2023-05-04T00:00:00Z,0.63,9.0,60.0,6.0
2023-05-04T01:00:00Z,0.6,9.0,62.0,6.0
2023-05-04T02:00:00Z,0.6,8.0,62.0,6.0
2023-05-04T03:00:00Z,0.57,7.0,62.0,6.0
2023-05-04T04:00:00Z,0.57,9.0,61.0,6.0
2023-05-04T05:00:00Z,0.65,8.0,63.0,6.0
2023-05-04T06:00:00Z,0.68,10.0,58.0,6.0
2023-05-04T07:00:00Z,0.5,12.0,42.0,7.0
2023-05-04T08:00:00Z,0.4,12.0,43.0,7.0
2023-05-04T09:00:00Z,0.6,13.0,45.0,6.0
2023-05-04T10:00:00Z,0.66,15.0,41.0,6.0
2023-05-04T11:00:00Z,0.74,14.0,49.0,6.0
2023-05-04T12:00:00Z,0.74,13.0,60.0,7.0
2023-05-04T13:00:00Z,0.69,14.0,65.0,7.0
2023-05-04T14:00:00Z,0.71,12.0,73.0,7.0
2023-05-04T15:00:00Z,0.69,9.0,95.0,6.0
2023-05-04T16:00:00Z,0.74,8.0,95.0,6.0
2023-05-04T17:00:00Z,0.8,10.0,86.0,6.0
2023-05-04T18:00:00Z,0.9,13.0,78.0,6.0
2023-05-04T19:00:00Z,0.91,14.0,68.0,6.0
2023-05-04T20:00:00Z,0.85,13.0,62.0,6.0
2023-05-04T21:00:00Z,0.82,13.0,59.0,6.0
2023-05-04T22:00:00Z,0.76,12.0,47.0,6.0
2023-05-04T23:00:00Z,0.76,13.0,37.0,6.0
2023-05-05T00:00:00Z,0.74,13.0,40.0,6.0
2023-05-05T01:00:00Z,0.71,13.0,38.0,6.0
2023-05-05T02:00:00Z,0.73,12.0,39.0,6.0
2023-05-05T03:00:00Z,0.68,11.0,39.0,6.0
2023-05-05T04:00:00Z,0.66,11.0,34.0,6.0
2023-05-05T05:00:00Z,0.6,11.0,28.0,6.0
2023-05-05T06:00:00Z,0.58,10.0,33.0,6.0
2023-05-05T07:00:00Z,0.59,10.0,39.0,6.0
2023-05-05T08:00:00Z,0.66,12.0,41.0,5.0
2023-05-05T09:00:00Z,0.61,12.0,46.0,5.0
2023-05-05T10:00:00Z,0.63,13.0,47.0,6.0
2023-05-05T11:00:00Z,0.71,13.0,49.0,6.0
2023-05-05T12:00:00Z,0.66,12.0,55.0,6.0
2023-05-05T13:00:00Z,0.63,11.0,68.0,6.0
2023-05-05T14:00:00Z,0.63,12.0,63.0,6.0
2023-05-05T15:00:00Z,0.6,12.0,68.0,6.0
2023-05-05T16:00:00Z,0.59,13.0,72.0,6.0
2023-05-05T17:00:00Z,0.59,15.0,68.0,6.0
2023-05-05T18:00:00Z,0.59,18.0,67.0,6.0
2023-05-05T19:00:00Z,0.59,19.0,66.0,7.0
2023-05-05T20:00:00Z,0.67,18.0,63.0,6.0
2023-05-05T21:00:00Z,0.74,20.0,53.0,6.0
2023-05-05T22:00:00Z,0.79,18.0,52.0,7.0
2023-05-05T23:00:00Z,0.69,18.0,55.0,8.0
2023-05-06T00:00:00Z,0.63,17.0,59.0,9.0
2023-05-06T01:00:00Z,0.57,16.0,64.0,8.0
2023-05-06T02:00:00Z,0.56,18.0,66.0,9.0
2023-05-06T03:00:00Z,0.57,19.0,59.0,8.0
2023-05-06T04:00:00Z,0.56,17.0,63.0,8.0
2023-05-06T05:00:00Z,0.54,17.0,66.0,9.0
2023-05-06T06:00:00Z,0.56,21.0,60.0,9.0
2023-05-06T07:00:00Z,0.61,22.0,58.0,10.0
2023-05-06T08:00:00Z,0.68,18.0,68.0,12.0
2023-05-06T09:00:00Z,0.56,15.0,77.0,12.0
2023-05-06T10:00:00Z,0.57,14.0,87.0,11.0
2023-05-06T11:00:00Z,0.55,12.0,100.0,10.0
2023-05-06T12:00:00Z,0.51,12.0,113.0,10.0
2023-05-06T13:00:00Z,0.51,11.0,128.0,10.0
2023-05-06T14:00:00Z,0.56,11.0,139.0,9.0
2023-05-06T15:00:00Z,0.54,11.0,145.0,9.0
2023-05-06T16:00:00Z,0.54,11.0,149.0,10.0
2023-05-06T17:00:00Z,0.54,13.0,156.0,9.0
2023-05-06T18:00:00Z,0.5,15.0,147.0,9.0
2023-05-06T19:00:00Z,0.5,17.0,134.0,8.0
2023-05-06T20:00:00Z,0.49,18.0,124.0,8.0
2023-05-06T21:00:00Z,0.51,20.0,111.0,8.0
2023-05-06T22:00:00Z,0.5,19.0,99.0,8.0
2023-05-06T23:00:00Z,0.48,20.0,91.0,9.0
2023-05-07T00:00:00Z,0.56,19.0,87.0,10.0
2023-05-07T01:00:00Z,0.61,20.0,83.0,10.0
2023-05-07T02:00:00Z,0.56,20.0,80.0,10.0
2023-05-07T03:00:00Z,0.6,19.0,78.0,9.0
2023-05-07T04:00:00Z,0.59,19.0,76.0,10.0
2023-05-07T05:00:00Z,0.55,20.0,69.0,10.0
2023-05-07T06:00:00Z,0.55,21.0,70.0,10.0
2023-05-07T07:00:00Z,0.59,23.0,69.0,11.0
2023-05-07T08:00:00Z,0.61,25.0,68.0,11.0
2023-05-07T09:00:00Z,0.65,22.0,78.0,12.0
2023-05-07T10:00:00Z,0.63,19.0,99.0,13.0
2023-05-07T11:00:00Z,0.63,16.0,118.0,12.0
2023-05-07T12:00:00Z,0.59,13.0,134.0,12.0
2023-05-07T13:00:00Z,0.56,12.0,147.0,12.0
2023-05-07T14:00:00Z,0.55,12.0,157.0,11.0
2023-05-07T15:00:00Z,0.55,13.0,162.0,11.0
2023-05-07T16:00:00Z,0.53,13.0,166.0,11.0
2023-05-07T17:00:00Z,0.53,14.0,167.0,11.0
2023-05-07T18:00:00Z,0.54,16.0,165.0,11.0
2023-05-07T19:00:00Z,0.55,20.0,149.0,11.0
2023-05-07T20:00:00Z,0.6,26.0,126.0,11.0
2023-05-07T21:00:00Z,0.62,35.0,104.0,10.0
2023-05-07T22:00:00Z,0.5,27.0,109.0,8.0
2023-05-07T23:00:00Z,0.49,20.0,108.0,9.0
2023-05-08T00:00:00Z,0.46,20.0,100.0,8.0
2023-05-08T01:00:00Z,0.45,22.0,89.0,8.0
2023-05-08T02:00:00Z,0.42,21.0,85.0,8.0
2023-05-08T03:00:00Z,0.42,20.0,82.0,8.0
2023-05-08T04:00:00Z,0.44,21.0,76.0,8.0
2023-05-08T05:00:00Z,0.45,27.0,67.0,9.0
2023-05-08T06:00:00Z,0.49,31.0,59.0,9.0
2023-05-08T07:00:00Z,0.5,42.0,47.0,9.0
2023-05-08T08:00:00Z,0.55,42.0,52.0,12.0
2023-05-08T09:00:00Z,0.56,34.0,68.0,15.0
2023-05-08T10:00:00Z,0.5,24.0,85.0,12.0
2023-05-08T11:00:00Z,0.45,13.0,105.0,11.0
2023-05-08T12:00:00Z,0.44,11.0,115.0,10.0
2023-05-08T13:00:00Z,0.44,10.0,126.0,8.0
2023-05-08T14:00:00Z,0.48,10.0,134.0,9.0
2023-05-08T15:00:00Z,0.45,11.0,137.0,10.0
2023-05-08T16:00:00Z,0.46,10.0,136.0,10.0
2023-05-08T17:00:00Z,0.49,9.0,136.0,10.0
2023-05-08T18:00:00Z,0.5,10.0,133.0,10.0
2023-05-08T19:00:00Z,0.5,14.0,127.0,9.0
2023-05-08T20:00:00Z,0.5,22.0,112.0,9.0
2023-05-08T21:00:00Z,0.54,30.0,95.0,12.0
2023-05-08T22:00:00Z,0.6,41.0,70.0,10.0
2023-05-08T23:00:00Z,0.65,45.0,51.0,8.0
2023-05-09T00:00:00Z,0.64,48.0,40.0,8.0
2023-05-09T01:00:00Z,0.67,65.0,22.0,9.0
2023-05-09T02:00:00Z,0.63,53.0,31.0,9.0
2023-05-09T03:00:00Z,0.64,53.0,27.0,8.0
2023-05-09T04:00:00Z,0.63,57.0,17.0,7.0
2023-05-09T05:00:00Z,0.7,64.0,10.0,9.0
2023-05-09T06:00:00Z,0.7,68.0,12.0,11.0
2023-05-09T07:00:00Z,0.71,65.0,17.0,13.0
2023-05-09T08:00:00Z,0.64,55.0,49.0,19.0
2023-05-09T09:00:00Z,0.59,37.0,89.0,16.0
2023-05-09T10:00:00Z,0.5,22.0,117.0,11.0
2023-05-09T11:00:00Z,0.46,18.0,129.0,11.0
2023-05-09T12:00:00Z,0.44,12.0,142.0,10.0
2023-05-09T13:00:00Z,0.44,10.0,151.0,8.0
2023-05-09T14:00:00Z,0.44,10.0,157.0,9.0
2023-05-09T15:00:00Z,0.41,9.0,154.0,8.0
2023-05-09T16:00:00Z,0.41,11.0,157.0,8.0
2023-05-09T17:00:00Z,0.44,11.0,159.0,8.0
2023-05-09T18:00:00Z,0.44,15.0,152.0,8.0
2023-05-09T19:00:00Z,0.44,16.0,141.0,9.0
2023-05-09T20:00:00Z,0.46,24.0,120.0,9.0
2023-05-09T21:00:00Z,0.46,26.0,109.0,10.0
2023-05-09T22:00:00Z,0.45,31.0,97.0,12.0
2023-05-09T23:00:00Z,0.45,33.0,86.0,13.0
2023-05-10T00:00:00Z,0.46,37.0,73.0,14.0
2023-05-10T01:00:00Z,0.46,38.0,62.0,14.0
2023-05-10T02:00:00Z,0.47,49.0,43.0,13.0
2023-05-10T03:00:00Z,0.47,56.0,31.0,12.0
2023-05-10T04:00:00Z,0.53,69.0,19.0,12.0
2023-05-10T05:00:00Z,0.54,70.0,18.0,13.0
2023-05-10T06:00:00Z,0.55,65.0,23.0,14.0
2023-05-10T07:00:00Z,0.54,61.0,28.0,16.0
2023-05-10T08:00:00Z,0.53,52.0,38.0,17.0
2023-05-10T09:00:00Z,0.5,40.0,59.0,20.0
2023-05-10T10:00:00Z,0.47,35.0,73.0,18.0
2023-05-10T11:00:00Z,0.46,38.0,80.0,16.0
2023-05-10T12:00:00Z,0.49,25.0,92.0,13.0
2023-05-10T13:00:00Z,0.49,21.0,92.0,12.0
2023-05-10T14:00:00Z,0.46,17.0,97.0,11.0
2023-05-10T15:00:00Z,0.42,14.0,111.0,12.0
2023-05-10T16:00:00Z,0.41,14.0,111.0,13.0
2023-05-10T17:00:00Z,0.41,15.0,108.0,13.0
2023-05-10T18:00:00Z,0.4,16.0,105.0,10.0
2023-05-10T19:00:00Z,0.46,19.0,98.0,8.0
2023-05-10T20:00:00Z,0.47,23.0,87.0,8.0
2023-05-10T21:00:00Z,0.5,26.0,72.0,11.0
2023-05-10T22:00:00Z,0.53,26.0,70.0,10.0
2023-05-10T23:00:00Z,0.51,28.0,70.0,10.0
2023-05-11T00:00:00Z,0.59,29.0,72.0,10.0
2023-05-11T01:00:00Z,0.57,32.0,72.0,11.0
2023-05-11T02:00:00Z,0.56,32.0,71.0,11.0
2023-05-11T03:00:00Z,0.54,27.0,72.0,11.0
2023-05-11T04:00:00Z,0.57,32.0,63.0,10.0
2023-05-11T05:00:00Z,0.56,39.0,49.0,11.0
2023-05-11T06:00:00Z,0.59,42.0,42.0,11.0
2023-05-11T07:00:00Z,0.66,50.0,33.0,11.0
2023-05-11T08:00:00Z,0.66,49.0,46.0,12.0
2023-05-11T09:00:00Z,0.57,33.0,81.0,14.0
2023-05-11T10:00:00Z,0.51,19.0,115.0,13.0
2023-05-11T11:00:00Z,0.47,14.0,131.0,11.0
2023-05-11T12:00:00Z,0.54,14.0,145.0,11.0
2023-05-11T13:00:00Z,0.51,11.0,156.0,10.0
2023-05-11T14:00:00Z,0.44,11.0,159.0,10.0
2023-05-11T15:00:00Z,0.42,9.0,154.0,9.0
2023-05-11T16:00:00Z,0.39,8.0,149.0,8.0
2023-05-11T17:00:00Z,0.35,9.0,149.0,7.0
2023-05-11T18:00:00Z,0.4,10.0,149.0,7.0
2023-05-11T19:00:00Z,0.42,12.0,146.0,7.0
2023-05-11T20:00:00Z,0.45,16.0,134.0,8.0
2023-05-11T21:00:00Z,0.47,20.0,124.0,8.0
2023-05-11T22:00:00Z,0.46,22.0,115.0,8.0
2023-05-11T23:00:00Z,0.49,25.0,105.0,8.0
2023-05-12T00:00:00Z,0.51,28.0,95.0,8.0
2023-05-12T01:00:00Z,0.51,33.0,80.0,9.0
2023-05-12T02:00:00Z,0.54,39.0,63.0,9.0
2023-05-12T03:00:00Z,0.6,44.0,50.0,10.0
2023-05-12T04:00:00Z,0.63,45.0,45.0,11.0
2023-05-12T05:00:00Z,0.6,52.0,32.0,11.0
2023-05-12T06:00:00Z,0.66,54.0,27.0,11.0
2023-05-12T07:00:00Z,0.74,51.0,35.0,14.0
2023-05-12T08:00:00Z,0.79,50.0,64.0,18.0
2023-05-12T09:00:00Z,0.75,36.0,101.0,16.0
2023-05-12T10:00:00Z,0.67,25.0,127.0,14.0
2023-05-12T11:00:00Z,0.59,15.0,157.0,11.0
2023-05-12T12:00:00Z,0.56,15.0,170.0,10.0
2023-05-12T13:00:00Z,0.51,12.0,179.0,10.0
2023-05-12T14:00:00Z,0.49,11.0,183.0,10.0
2023-05-12T15:00:00Z,0.49,11.0,179.0,10.0
2023-05-12T16:00:00Z,0.44,11.0,172.0,10.0
2023-05-12T17:00:00Z,0.41,11.0,162.0,9.0
2023-05-12T18:00:00Z,0.42,11.0,155.0,9.0
2023-05-12T19:00:00Z,0.4,12.0,142.0,9.0
2023-05-12T20:00:00Z,0.44,15.0,129.0,8.0
2023-05-12T21:00:00Z,0.45,16.0,118.0,8.0
2023-05-12T22:00:00Z,0.47,16.0,113.0,9.0
2023-05-12T23:00:00Z,0.49,17.0,113.0,10.0
2023-05-13T00:00:00Z,0.47,16.0,112.0,9.0
2023-05-13T01:00:00Z,0.46,17.0,107.0,10.0
2023-05-13T02:00:00Z,0.45,18.0,102.0,10.0
2023-05-13T03:00:00Z,0.47,18.0,95.0,10.0
2023-05-13T04:00:00Z,0.49,19.0,91.0,10.0
2023-05-13T05:00:00Z,0.51,20.0,86.0,10.0
2023-05-13T06:00:00Z,0.56,21.0,79.0,10.0
2023-05-13T07:00:00Z,0.6,24.0,74.0,10.0
2023-05-13T08:00:00Z,0.63,24.0,80.0,11.0
2023-05-13T09:00:00Z,0.61,18.0,94.0,12.0
2023-05-13T10:00:00Z,0.57,15.0,108.0,13.0
2023-05-13T11:00:00Z,0.61,15.0,125.0,12.0
2023-05-13T12:00:00Z,0.65,15.0,147.0,13.0
2023-05-13T13:00:00Z,0.69,16.0,161.0,13.0
2023-05-13T14:00:00Z,0.76,14.0,180.0,13.0
2023-05-13T15:00:00Z,0.59,12.0,177.0,11.0
2023-05-13T16:00:00Z,0.47,10.0,173.0,10.0
2023-05-13T17:00:00Z,0.42,10.0,167.0,9.0
2023-05-13T18:00:00Z,0.44,11.0,169.0,8.0
2023-05-13T19:00:00Z,0.49,13.0,173.0,9.0
2023-05-13T20:00:00Z,0.56,22.0,150.0,10.0
2023-05-13T21:00:00Z,0.6,29.0,120.0,9.0
2023-05-13T22:00:00Z,0.65,45.0,87.0,9.0
2023-05-13T23:00:00Z,0.69,51.0,66.0,9.0
2023-05-14T00:00:00Z,0.74,53.0,51.0,8.0
2023-05-14T01:00:00Z,0.75,53.0,46.0,8.0
2023-05-14T02:00:00Z,0.82,49.0,43.0,8.0
2023-05-14T03:00:00Z,0.77,58.0,27.0,9.0
2023-05-14T04:00:00Z,0.8,76.0,9.0,11.0
2023-05-14T05:00:00Z,0.73,66.0,26.0,13.0
2023-05-14T06:00:00Z,0.69,52.0,49.0,20.0
2023-05-14T07:00:00Z,0.74,44.0,60.0,20.0
2023-05-14T08:00:00Z,0.72,39.0,75.0,17.0
2023-05-14T09:00:00Z,0.71,33.0,94.0,17.0
2023-05-14T10:00:00Z,0.64,23.0,121.0,14.0
2023-05-14T11:00:00Z,0.6,15.0,146.0,11.0
2023-05-14T12:00:00Z,0.56,11.0,157.0,11.0
2023-05-14T13:00:00Z,0.5,9.0,163.0,10.0
2023-05-14T14:00:00Z,0.5,9.0,166.0,10.0
2023-05-14T15:00:00Z,0.5,12.0,163.0,9.0
2023-05-14T16:00:00Z,0.46,11.0,160.0,9.0
2023-05-14T17:00:00Z,0.46,14.0,155.0,8.0
2023-05-14T18:00:00Z,0.46,13.0,152.0,9.0
2023-05-14T19:00:00Z,0.46,13.0,144.0,9.0
2023-05-14T20:00:00Z,0.51,18.0,134.0,10.0
2023-05-14T21:00:00Z,0.55,18.0,130.0,10.0
2023-05-14T22:00:00Z,0.57,22.0,117.0,11.0
2023-05-14T23:00:00Z,0.57,20.0,125.0,11.0
2023-05-15T00:00:00Z,0.59,17.0,134.0,11.0
2023-05-15T01:00:00Z,0.6,15.0,138.0,11.0
2023-05-15T02:00:00Z,0.62,15.0,137.0,11.0
2023-05-15T03:00:00Z,0.61,14.0,132.0,10.0
2023-05-15T04:00:00Z,0.61,13.0,128.0,9.0
2023-05-15T05:00:00Z,0.6,14.0,123.0,10.0
2023-05-15T06:00:00Z,0.63,13.0,123.0,11.0
2023-05-15T07:00:00Z,0.61,15.0,119.0,11.0
2023-05-15T08:00:00Z,0.61,16.0,121.0,11.0
2023-05-15T09:00:00Z,0.63,15.0,129.0,12.0
2023-05-15T10:00:00Z,0.64,17.0,139.0,12.0
2023-05-15T11:00:00Z,0.64,14.0,157.0,11.0
2023-05-15T12:00:00Z,0.63,13.0,173.0,11.0
2023-05-15T13:00:00Z,0.6,10.0,180.0,11.0
2023-05-15T14:00:00Z,0.59,9.0,177.0,11.0
2023-05-15T15:00:00Z,0.59,9.0,172.0,10.0
2023-05-15T16:00:00Z,0.61,9.0,174.0,10.0
2023-05-15T17:00:00Z,0.63,9.0,174.0,10.0
2023-05-15T18:00:00Z,0.57,10.0,170.0,9.0
2023-05-15T19:00:00Z,0.56,12.0,160.0,9.0
2023-05-15T20:00:00Z,0.55,15.0,154.0,9.0
2023-05-15T21:00:00Z,0.56,17.0,147.0,9.0
2023-05-15T22:00:00Z,0.56,17.0,134.0,10.0
2023-05-15T23:00:00Z,0.54,17.0,123.0,9.0
2023-05-16T00:00:00Z,0.59,17.0,115.0,10.0
2023-05-16T01:00:00Z,0.64,18.0,107.0,10.0
2023-05-16T02:00:00Z,0.66,19.0,100.0,11.0
2023-05-16T03:00:00Z,0.68,21.0,89.0,12.0
2023-05-16T04:00:00Z,0.67,21.0,81.0,12.0
2023-05-16T05:00:00Z,0.7,21.0,77.0,12.0
2023-05-16T06:00:00Z,0.71,22.0,73.0,12.0
2023-05-16T07:00:00Z,0.74,26.0,69.0,12.0
2023-05-16T08:00:00Z,0.72,25.0,83.0,12.0
2023-05-16T09:00:00Z,0.67,20.0,106.0,12.0
2023-05-16T10:00:00Z,0.64,16.0,129.0,12.0
2023-05-16T11:00:00Z,0.65,14.0,146.0,11.0
2023-05-16T12:00:00Z,0.61,11.0,157.0,10.0
2023-05-16T13:00:00Z,0.56,9.0,161.0,10.0
2023-05-16T14:00:00Z,0.55,8.0,164.0,9.0
2023-05-16T15:00:00Z,0.54,10.0,172.0,9.0
2023-05-16T16:00:00Z,0.53,11.0,175.0,9.0
2023-05-16T17:00:00Z,0.51,14.0,169.0,9.0
2023-05-16T18:00:00Z,0.53,17.0,164.0,9.0
2023-05-16T19:00:00Z,0.59,22.0,151.0,9.0
2023-05-16T20:00:00Z,0.59,17.0,139.0,9.0
2023-05-16T21:00:00Z,0.64,16.0,131.0,10.0
2023-05-16T22:00:00Z,0.64,18.0,129.0,10.0
2023-05-16T23:00:00Z,0.66,20.0,118.0,12.0
2023-05-17T00:00:00Z,0.7,23.0,102.0,12.0
2023-05-17T01:00:00Z,0.71,27.0,88.0,12.0
2023-05-17T02:00:00Z,0.67,21.0,87.0,12.0
2023-05-17T03:00:00Z,0.69,21.0,74.0,13.0
2023-05-17T04:00:00Z,0.66,20.0,67.0,12.0
2023-05-17T05:00:00Z,0.64,18.0,68.0,12.0
2023-05-17T06:00:00Z,0.62,20.0,65.0,10.0
2023-05-17T07:00:00Z,0.6,20.0,64.0,9.0
2023-05-17T08:00:00Z,0.53,17.0,82.0,9.0
2023-05-17T09:00:00Z,0.5,14.0,98.0,9.0
2023-05-17T10:00:00Z,0.53,10.0,122.0,9.0
2023-05-17T11:00:00Z,0.51,8.0,132.0,8.0
2023-05-17T12:00:00Z,0.52,8.0,143.0,9.0
2023-05-17T13:00:00Z,0.61,9.0,158.0,11.0
2023-05-17T14:00:00Z,0.61,10.0,160.0,12.0
2023-05-17T15:00:00Z,0.63,13.0,171.0,11.0
2023-05-17T16:00:00Z,0.59,16.0,183.0,9.0
2023-05-17T17:00:00Z,0.6,15.0,186.0,9.0
2023-05-17T18:00:00Z,0.52,13.0,166.0,9.0
2023-05-17T19:00:00Z,0.49,14.0,145.0,9.0
2023-05-17T20:00:00Z,0.53,12.0,118.0,7.0
2023-05-17T21:00:00Z,0.53,12.0,109.0,7.0
2023-05-17T22:00:00Z,0.53,13.0,101.0,8.0
2023-05-17T23:00:00Z,0.5,15.0,90.0,8.0
2023-05-18T00:00:00Z,0.49,17.0,82.0,7.0
2023-05-18T01:00:00Z,0.5,18.0,73.0,8.0
2023-05-18T02:00:00Z,0.5,22.0,63.0,8.0
2023-05-18T03:00:00Z,0.49,24.0,50.0,9.0
2023-05-18T04:00:00Z,0.46,12.0,64.0,9.0
2023-05-18T05:00:00Z,0.37,8.0,85.0,7.0
2023-05-18T06:00:00Z,0.41,8.0,89.0,7.0
2023-05-18T07:00:00Z,0.44,9.0,88.0,6.0
2023-05-18T08:00:00Z,0.41,10.0,92.0,6.0
2023-05-18T09:00:00Z,0.42,12.0,93.0,6.0
2023-05-18T10:00:00Z,0.46,12.0,90.0,6.0
2023-05-18T11:00:00Z,0.61,13.0,91.0,6.0
2023-05-18T12:00:00Z,0.61,10.0,105.0,6.0
2023-05-18T13:00:00Z,0.53,8.0,120.0,6.0
2023-05-18T14:00:00Z,0.44,7.0,125.0,6.0
2023-05-18T15:00:00Z,0.4,8.0,124.0,6.0
2023-05-18T16:00:00Z,0.39,10.0,121.0,6.0
2023-05-18T17:00:00Z,0.44,12.0,122.0,6.0
2023-05-18T18:00:00Z,0.54,12.0,125.0,7.0
2023-05-18T19:00:00Z,0.63,12.0,117.0,9.0
2023-05-18T20:00:00Z,0.57,11.0,109.0,8.0
2023-05-18T21:00:00Z,0.51,11.0,102.0,7.0
2023-05-18T22:00:00Z,0.42,12.0,98.0,7.0
2023-05-18T23:00:00Z,0.41,13.0,92.0,11.0
2023-05-19T00:00:00Z,0.4,13.0,92.0,7.0
2023-05-19T01:00:00Z,0.41,15.0,84.0,7.0
2023-05-19T02:00:00Z,0.45,19.0,73.0,7.0
2023-05-19T03:00:00Z,0.45,20.0,66.0,12.0
2023-05-19T04:00:00Z,0.4,22.0,58.0,9.0
2023-05-19T05:00:00Z,0.44,23.0,51.0,12.0
2023-05-19T06:00:00Z,0.46,24.0,50.0,17.0
2023-05-19T07:00:00Z,0.45,19.0,62.0,19.0
2023-05-19T08:00:00Z,0.42,15.0,76.0,12.0
2023-05-19T09:00:00Z,0.45,12.0,84.0,8.0
2023-05-19T10:00:00Z,0.42,8.0,98.0,8.0
2023-05-19T11:00:00Z,0.43,6.0,106.0,7.0
2023-05-19T12:00:00Z,0.4,6.0,112.0,7.0
2023-05-19T13:00:00Z,0.4,5.0,117.0,7.0
2023-05-19T14:00:00Z,0.39,5.0,122.0,7.0
2023-05-19T15:00:00Z,0.39,6.0,123.0,7.0
2023-05-19T16:00:00Z,0.39,6.0,125.0,7.0
2023-05-19T17:00:00Z,0.39,6.0,126.0,7.0
2023-05-19T18:00:00Z,0.39,7.0,126.0,7.0
2023-05-19T19:00:00Z,0.39,8.0,126.0,7.0
2023-05-19T20:00:00Z,0.41,12.0,114.0,8.0
2023-05-19T21:00:00Z,0.44,14.0,100.0,7.0
2023-05-19T22:00:00Z,0.45,13.0,96.0,7.0
2023-05-19T23:00:00Z,0.49,11.0,99.0,9.0
2023-05-20T00:00:00Z,0.51,11.0,95.0,10.0
2023-05-20T01:00:00Z,0.54,12.0,95.0,8.0
2023-05-20T02:00:00Z,0.53,15.0,90.0,8.0
2023-05-20T03:00:00Z,0.51,16.0,88.0,8.0
2023-05-20T04:00:00Z,0.53,16.0,90.0,9.0
2023-05-20T05:00:00Z,0.56,17.0,86.0,9.0
2023-05-20T06:00:00Z,0.6,20.0,78.0,9.0
2023-05-20T07:00:00Z,0.6,22.0,79.0,10.0
2023-05-20T08:00:00Z,0.65,22.0,95.0,11.0
2023-05-20T09:00:00Z,0.66,17.0,118.0,11.0
2023-05-20T10:00:00Z,0.71,15.0,140.0,11.0
2023-05-20T11:00:00Z,0.7,14.0,160.0,10.0
2023-05-20T12:00:00Z,0.69,12.0,172.0,10.0
2023-05-20T13:00:00Z,0.65,10.0,183.0,9.0
2023-05-20T14:00:00Z,0.66,9.0,191.0,9.0
2023-05-20T15:00:00Z,0.66,8.0,190.0,8.0
2023-05-20T16:00:00Z,0.64,11.0,183.0,8.0
2023-05-20T17:00:00Z,0.61,10.0,179.0,8.0
2023-05-20T18:00:00Z,0.6,16.0,173.0,8.0
2023-05-20T19:00:00Z,0.57,19.0,162.0,9.0
2023-05-20T20:00:00Z,0.55,19.0,148.0,9.0
2023-05-20T21:00:00Z,0.53,20.0,138.0,10.0
2023-05-20T22:00:00Z,0.57,19.0,143.0,10.0
2023-05-20T23:00:00Z,0.57,17.0,156.0,9.0
2023-05-21T00:00:00Z,0.61,16.0,161.0,10.0
2023-05-21T01:00:00Z,0.61,19.0,147.0,10.0
2023-05-21T02:00:00Z,0.63,21.0,133.0,12.0
2023-05-21T03:00:00Z,0.66,23.0,109.0,12.0
2023-05-21T04:00:00Z,0.72,26.0,76.0,14.0
2023-05-21T05:00:00Z,1.01,26.0,57.0,18.0
2023-05-21T06:00:00Z,0.88,26.0,56.0,15.0
2023-05-21T07:00:00Z,0.59,24.0,61.0,11.0
2023-05-21T08:00:00Z,0.42,19.0,70.0,9.0
2023-05-21T09:00:00Z,0.39,15.0,85.0,8.0
2023-05-21T10:00:00Z,0.4,12.0,105.0,7.0
2023-05-21T11:00:00Z,0.41,12.0,117.0,7.0
2023-05-21T12:00:00Z,0.4,12.0,126.0,8.0
2023-05-21T13:00:00Z,0.4,11.0,135.0,8.0
2023-05-21T14:00:00Z,0.4,10.0,140.0,8.0
2023-05-21T15:00:00Z,0.4,12.0,143.0,8.0
2023-05-21T16:00:00Z,0.4,14.0,145.0,8.0
2023-05-21T17:00:00Z,0.4,15.0,130.0,7.0
2023-05-21T18:00:00Z,0.44,18.0,90.0,8.0
2023-05-21T19:00:00Z,0.54,22.0,65.0,10.0
2023-05-21T20:00:00Z,0.55,27.0,55.0,11.0
2023-05-21T21:00:00Z,0.64,27.0,49.0,12.0
2023-05-21T22:00:00Z,0.61,24.0,51.0,11.0
2023-05-21T23:00:00Z,0.5,21.0,53.0,10.0
2023-05-22T00:00:00Z,0.55,26.0,39.0,11.0
2023-05-22T01:00:00Z,0.63,28.0,33.0,9.0
2023-05-22T02:00:00Z,0.64,26.0,33.0,8.0
2023-05-22T03:00:00Z,0.69,25.0,33.0,8.0
2023-05-22T04:00:00Z,0.64,21.0,41.0,8.0
2023-05-22T05:00:00Z,0.59,18.0,47.0,8.0
2023-05-22T06:00:00Z,0.64,18.0,43.0,11.0
2023-05-22T07:00:00Z,0.59,19.0,38.0,10.0
2023-05-22T08:00:00Z,0.6,22.0,33.0,10.0
2023-05-22T09:00:00Z,0.68,21.0,36.0,10.0
2023-05-22T10:00:00Z,0.65,19.0,48.0,11.0
2023-05-22T11:00:00Z,0.61,15.0,74.0,11.0
2023-05-22T12:00:00Z,0.53,11.0,107.0,11.0
2023-05-22T13:00:00Z,0.42,8.0,125.0,10.0
2023-05-22T14:00:00Z,0.41,8.0,135.0,9.0
2023-05-22T15:00:00Z,0.42,9.0,142.0,9.0
2023-05-22T16:00:00Z,0.42,9.0,146.0,9.0
2023-05-22T17:00:00Z,0.4,10.0,147.0,9.0
2023-05-22T18:00:00Z,0.42,11.0,148.0,9.0
2023-05-22T19:00:00Z,0.41,13.0,141.0,9.0
2023-05-22T20:00:00Z,0.44,16.0,124.0,8.0
2023-05-22T21:00:00Z,0.46,22.0,109.0,8.0
2023-05-22T22:00:00Z,0.49,29.0,92.0,8.0
2023-05-22T23:00:00Z,0.47,28.0,86.0,8.0
2023-05-23T00:00:00Z,0.49,27.0,84.0,8.0
2023-05-23T01:00:00Z,0.47,28.0,77.0,10.0
2023-05-23T02:00:00Z,0.47,27.0,69.0,10.0
2023-05-23T03:00:00Z,0.47,27.0,63.0,12.0
2023-05-23T04:00:00Z,0.49,30.0,55.0,12.0
2023-05-23T05:00:00Z,0.54,31.0,51.0,13.0
2023-05-23T06:00:00Z,0.56,36.0,44.0,13.0
2023-05-23T07:00:00Z,0.61,35.0,53.0,16.0
2023-05-23T08:00:00Z,0.6,28.0,77.0,17.0
2023-05-23T09:00:00Z,0.69,23.0,100.0,17.0
2023-05-23T10:00:00Z,0.6,20.0,127.0,15.0
2023-05-23T11:00:00Z,0.54,13.0,158.0,12.0
2023-05-23T12:00:00Z,0.51,12.0,170.0,11.0
2023-05-23T13:00:00Z,0.46,9.0,172.0,10.0
2023-05-23T14:00:00Z,0.45,8.0,171.0,10.0
2023-05-23T15:00:00Z,0.44,9.0,167.0,9.0
2023-05-23T16:00:00Z,0.41,9.0,161.0,8.0
2023-05-23T17:00:00Z,0.41,9.0,155.0,8.0
2023-05-23T18:00:00Z,0.4,13.0,149.0,7.0
2023-05-23T19:00:00Z,0.39,13.0,142.0,8.0
2023-05-23T20:00:00Z,0.41,18.0,127.0,8.0
2023-05-23T21:00:00Z,0.41,16.0,120.0,8.0
2023-05-23T22:00:00Z,0.39,15.0,115.0,10.0
2023-05-23T23:00:00Z,0.39,16.0,114.0,11.0
2023-05-24T00:00:00Z,0.39,13.0,111.0,9.0
2023-05-24T01:00:00Z,0.4,14.0,109.0,9.0
2023-05-24T02:00:00Z,0.42,15.0,104.0,11.0
2023-05-24T03:00:00Z,0.45,14.0,107.0,10.0
2023-05-24T04:00:00Z,0.45,11.0,126.0,9.0
2023-05-24T05:00:00Z,0.49,13.0,115.0,8.0
2023-05-24T06:00:00Z,0.5,17.0,103.0,8.0
2023-05-24T07:00:00Z,0.51,26.0,83.0,8.0
2023-05-24T08:00:00Z,0.57,37.0,68.0,10.0
2023-05-24T09:00:00Z,0.52,31.0,94.0,10.0
2023-05-24T10:00:00Z,0.51,30.0,105.0,11.0
2023-05-24T11:00:00Z,0.49,15.0,119.0,9.0
2023-05-24T12:00:00Z,0.46,9.0,130.0,8.0
2023-05-24T13:00:00Z,0.41,7.0,134.0,8.0
2023-05-24T14:00:00Z,0.33,5.0,128.0,6.0
2023-05-24T15:00:00Z,0.31,5.0,132.0,6.0
2023-05-24T16:00:00Z,0.34,6.0,134.0,6.0
2023-05-24T17:00:00Z,0.36,8.0,134.0,6.0
2023-05-24T18:00:00Z,0.37,9.0,134.0,7.0
2023-05-24T19:00:00Z,0.39,10.0,135.0,7.0
2023-05-24T20:00:00Z,0.4,15.0,127.0,7.0
2023-05-24T21:00:00Z,0.45,20.0,116.0,10.0
2023-05-24T22:00:00Z,0.46,23.0,108.0,10.0
2023-05-24T23:00:00Z,0.46,21.0,106.0,9.0
2023-05-25T00:00:00Z,0.49,21.0,99.0,9.0
2023-05-25T01:00:00Z,0.47,22.0,94.0,9.0
2023-05-25T02:00:00Z,0.47,22.0,86.0,8.0
2023-05-25T03:00:00Z,0.47,23.0,80.0,8.0
2023-05-25T04:00:00Z,0.49,28.0,71.0,12.0
2023-05-25T05:00:00Z,0.49,29.0,65.0,9.0
2023-05-25T06:00:00Z,0.49,30.0,62.0,8.0
2023-05-25T07:00:00Z,0.54,31.0,63.0,11.0
2023-05-25T08:00:00Z,0.55,32.0,66.0,11.0
2023-05-25T09:00:00Z,0.56,27.0,77.0,9.0
2023-05-25T10:00:00Z,0.55,19.0,100.0,9.0
2023-05-25T11:00:00Z,0.53,15.0,117.0,10.0
2023-05-25T12:00:00Z,0.52,13.0,133.0,9.0
2023-05-25T13:00:00Z,0.54,12.0,146.0,9.0
2023-05-25T14:00:00Z,0.51,13.0,150.0,9.0
2023-05-25T15:00:00Z,0.53,14.0,153.0,8.0
2023-05-25T16:00:00Z,0.52,13.0,153.0,8.0
2023-05-25T17:00:00Z,0.54,14.0,148.0,8.0
2023-05-25T18:00:00Z,0.55,15.0,144.0,7.0
2023-05-25T19:00:00Z,0.56,16.0,135.0,7.0
2023-05-25T20:00:00Z,0.51,22.0,112.0,7.0
2023-05-25T21:00:00Z,0.52,25.0,95.0,7.0
2023-05-25T22:00:00Z,0.56,44.0,64.0,8.0
2023-05-25T23:00:00Z,0.54,42.0,61.0,10.0
2023-05-26T00:00:00Z,0.54,37.0,65.0,14.0
2023-05-26T01:00:00Z,0.53,28.0,76.0,14.0
2023-05-26T02:00:00Z,0.54,28.0,78.0,17.0
2023-05-26T03:00:00Z,0.53,33.0,65.0,13.0
2023-05-26T04:00:00Z,0.56,37.0,55.0,14.0
2023-05-26T05:00:00Z,0.59,34.0,56.0,12.0
2023-05-26T06:00:00Z,0.6,31.0,60.0,12.0
2023-05-26T07:00:00Z,0.64,29.0,70.0,13.0
2023-05-26T08:00:00Z,0.66,27.0,93.0,14.0
2023-05-26T09:00:00Z,0.7,23.0,108.0,14.0
2023-05-26T10:00:00Z,0.68,20.0,121.0,13.0
2023-05-26T11:00:00Z,0.7,19.0,134.0,12.0
2023-05-26T12:00:00Z,0.72,19.0,138.0,11.0
2023-05-26T13:00:00Z,0.74,22.0,133.0,10.0
2023-05-26T14:00:00Z,0.7,20.0,145.0,11.0
2023-05-26T15:00:00Z,0.69,24.0,143.0,10.0
2023-05-26T16:00:00Z,0.7,29.0,147.0,9.0
2023-05-26T17:00:00Z,0.76,29.0,150.0,10.0
2023-05-26T18:00:00Z,0.83,30.0,141.0,9.0
2023-05-26T19:00:00Z,0.75,26.0,133.0,9.0
2023-05-26T20:00:00Z,0.7,23.0,123.0,9.0
2023-05-26T21:00:00Z,0.71,18.0,131.0,9.0
2023-05-26T22:00:00Z,0.72,17.0,116.0,9.0
2023-05-26T23:00:00Z,0.72,16.0,99.0,9.0
2023-05-27T00:00:00Z,0.69,17.0,86.0,9.0
2023-05-27T01:00:00Z,0.6,16.0,76.0,9.0
2023-05-27T02:00:00Z,0.54,15.0,64.0,9.0
2023-05-27T03:00:00Z,0.46,13.0,55.0,9.0
2023-05-27T04:00:00Z,0.42,12.0,47.0,8.0
2023-05-27T05:00:00Z,0.41,12.0,43.0,8.0
2023-05-27T06:00:00Z,0.41,12.0,41.0,9.0
2023-05-27T07:00:00Z,0.46,13.0,41.0,9.0
2023-05-27T08:00:00Z,0.47,14.0,39.0,8.0
2023-05-27T09:00:00Z,0.51,14.0,40.0,8.0
2023-05-27T10:00:00Z,0.52,14.0,43.0,7.0
2023-05-27T11:00:00Z,0.52,13.0,50.0,7.0
2023-05-27T12:00:00Z,0.54,13.0,59.0,7.0
2023-05-27T13:00:00Z,0.52,12.0,66.0,7.0
2023-05-27T14:00:00Z,0.52,11.0,72.0,7.0
2023-05-27T15:00:00Z,0.55,12.0,78.0,7.0
2023-05-27T16:00:00Z,0.57,12.0,85.0,7.0
2023-05-27T17:00:00Z,0.62,13.0,79.0,7.0
2023-05-27T18:00:00Z,0.64,15.0,77.0,7.0
2023-05-27T19:00:00Z,0.65,16.0,77.0,7.0
2023-05-27T20:00:00Z,0.64,17.0,72.0,7.0
2023-05-27T21:00:00Z,0.69,18.0,66.0,8.0
2023-05-27T22:00:00Z,0.78,19.0,57.0,7.0
2023-05-27T23:00:00Z,0.76,18.0,53.0,8.0
2023-05-28T00:00:00Z,0.7,18.0,43.0,7.0
2023-05-28T01:00:00Z,0.68,19.0,35.0,7.0
2023-05-28T02:00:00Z,0.66,16.0,35.0,6.0
2023-05-28T03:00:00Z,0.68,16.0,32.0,6.0
2023-05-28T04:00:00Z,0.65,15.0,34.0,6.0
2023-05-28T05:00:00Z,0.61,14.0,34.0,6.0
2023-05-28T06:00:00Z,0.64,13.0,36.0,6.0
2023-05-28T07:00:00Z,0.7,14.0,36.0,6.0
2023-05-28T08:00:00Z,0.79,16.0,35.0,6.0
2023-05-28T09:00:00Z,0.85,17.0,34.0,6.0
2023-05-28T10:00:00Z,1.02,23.0,26.0,6.0
2023-05-28T11:00:00Z,1.19,27.0,24.0,6.0
2023-05-28T12:00:00Z,1.33,21.0,35.0,6.0
2023-05-28T13:00:00Z,1.3,22.0,35.0,6.0
2023-05-28T14:00:00Z,1.34,22.0,35.0,6.0
2023-05-28T15:00:00Z,1.38,20.0,40.0,6.0
2023-05-28T16:00:00Z,1.3,22.0,43.0,6.0
2023-05-28T17:00:00Z,1.22,21.0,45.0,6.0
2023-05-28T18:00:00Z,1.29,22.0,46.0,6.0
2023-05-28T19:00:00Z,1.54,21.0,47.0,6.0
2023-05-28T20:00:00Z,1.35,17.0,47.0,6.0
2023-05-28T21:00:00Z,0.7,13.0,49.0,6.0
2023-05-28T22:00:00Z,0.57,12.0,51.0,6.0
2023-05-28T23:00:00Z,0.54,10.0,58.0,6.0
2023-05-29T00:00:00Z,0.5,9.0,62.0,6.0
2023-05-29T01:00:00Z,0.47,8.0,62.0,6.0
2023-05-29T02:00:00Z,0.45,9.0,59.0,6.0
2023-05-29T03:00:00Z,0.53,9.0,58.0,6.0
2023-05-29T04:00:00Z,0.56,8.0,59.0,6.0
2023-05-29T05:00:00Z,0.72,9.0,52.0,6.0
2023-05-29T06:00:00Z,0.86,12.0,47.0,6.0
2023-05-29T07:00:00Z,1.06,15.0,40.0,6.0
2023-05-29T08:00:00Z,1.25,19.0,32.0,6.0
2023-05-29T09:00:00Z,1.05,19.0,29.0,6.0
2023-05-29T10:00:00Z,0.81,17.0,27.0,6.0
2023-05-29T11:00:00Z,0.7,17.0,32.0,6.0
2023-05-29T12:00:00Z,0.64,16.0,42.0,6.0
2023-05-29T13:00:00Z,0.65,14.0,54.0,6.0
2023-05-29T14:00:00Z,0.64,14.0,69.0,6.0
2023-05-29T15:00:00Z,0.59,14.0,72.0,6.0
2023-05-29T16:00:00Z,0.59,15.0,77.0,6.0
2023-05-29T17:00:00Z,0.57,13.0,86.0,6.0
2023-05-29T18:00:00Z,0.59,14.0,85.0,6.0
2023-05-29T19:00:00Z,0.54,14.0,82.0,6.0
2023-05-29T20:00:00Z,0.55,15.0,77.0,6.0
2023-05-29T21:00:00Z,0.56,17.0,69.0,8.0
2023-05-29T22:00:00Z,0.6,17.0,66.0,9.0
2023-05-29T23:00:00Z,0.61,17.0,61.0,8.0
2023-05-30T00:00:00Z,0.65,17.0,55.0,8.0
2023-05-30T01:00:00Z,0.69,18.0,53.0,8.0
2023-05-30T02:00:00Z,0.75,18.0,53.0,8.0
2023-05-30T03:00:00Z,0.78,16.0,54.0,8.0
2023-05-30T04:00:00Z,0.84,17.0,50.0,8.0
2023-05-30T05:00:00Z,0.86,17.0,50.0,8.0
2023-05-30T06:00:00Z,0.88,19.0,44.0,8.0
2023-05-30T07:00:00Z,1.0,23.0,37.0,9.0
2023-05-30T08:00:00Z,1.06,26.0,28.0,9.0
2023-05-30T09:00:00Z,1.11,27.0,32.0,9.0
2023-05-30T10:00:00Z,0.99,25.0,38.0,8.0
2023-05-30T11:00:00Z,0.89,25.0,46.0,8.0
2023-05-30T12:00:00Z,0.83,21.0,62.0,7.0
2023-05-30T13:00:00Z,0.81,18.0,78.0,7.0
2023-05-30T14:00:00Z,0.78,14.0,109.0,7.0
2023-05-30T15:00:00Z,0.67,11.0,121.0,7.0
2023-05-30T16:00:00Z,0.67,14.0,115.0,7.0
2023-05-30T17:00:00Z,0.72,18.0,103.0,7.0
2023-05-30T18:00:00Z,0.76,24.0,94.0,7.0
2023-05-30T19:00:00Z,0.85,26.0,86.0,7.0
2023-05-30T20:00:00Z,0.86,23.0,85.0,7.0
2023-05-30T21:00:00Z,0.86,20.0,86.0,6.0
2023-05-30T22:00:00Z,0.88,19.0,84.0,6.0
2023-05-30T23:00:00Z,0.89,21.0,77.0,6.0
2023-05-31T00:00:00Z,0.93,22.0,58.0,7.0
2023-05-31T01:00:00Z,0.93,27.0,42.0,7.0
2023-05-31T02:00:00Z,0.95,29.0,32.0,7.0
2023-05-31T03:00:00Z,0.94,30.0,32.0,7.0
2023-05-31T04:00:00Z,0.96,35.0,28.0,7.0
2023-05-31T05:00:00Z,0.93,30.0,35.0,7.0
2023-05-31T06:00:00Z,0.94,32.0,35.0,8.0
2023-05-31T07:00:00Z,0.9,32.0,47.0,10.0
2023-05-31T08:00:00Z,0.79,27.0,83.0,13.0
2023-05-31T09:00:00Z,1.29,20.0,122.0,19.0
2023-05-31T10:00:00Z,1.31,18.0,143.0,21.0
2023-05-31T11:00:00Z,0.99,17.0,166.0,17.0
2023-05-31T12:00:00Z,0.77,14.0,182.0,13.0
2023-05-31T13:00:00Z,0.7,13.0,188.0,12.0
2023-05-31T14:00:00Z,0.59,13.0,187.0,10.0
2023-05-31T15:00:00Z,0.55,14.0,188.0,9.0
2023-05-31T16:00:00Z,0.5,13.0,187.0,9.0
2023-05-31T17:00:00Z,0.47,13.0,177.0,9.0
2023-05-31T18:00:00Z,0.47,13.0,169.0,9.0
2023-05-31T19:00:00Z,0.52,19.0,160.0,10.0
2023-05-31T20:00:00Z,0.6,31.0,131.0,11.0
2023-05-31T21:00:00Z,0.63,41.0,108.0,13.0
2023-05-31T22:00:00Z,0.56,35.0,90.0,12.0
2023-05-31T23:00:00Z,0.53,29.0,77.0,12.0
2023-06-01T00:00:00Z,0.47,21.0,71.0,10.0
2023-06-01T01:00:00Z,0.45,15.0,61.0,9.0
2023-06-01T02:00:00Z,0.41,11.0,54.0,8.0
2023-06-01T03:00:00Z,0.39,11.0,49.0,8.0
2023-06-01T04:00:00Z,0.4,12.0,44.0,8.0
2023-06-01T05:00:00Z,0.4,13.0,40.0,8.0
2023-06-01T06:00:00Z,0.42,15.0,33.0,9.0
2023-06-01T07:00:00Z,0.42,14.0,37.0,11.0
2023-06-01T08:00:00Z,0.42,13.0,43.0,11.0
2023-06-01T09:00:00Z,0.45,14.0,55.0,11.0
2023-06-01T10:00:00Z,0.51,13.0,82.0,9.0
2023-06-01T11:00:00Z,0.54,13.0,123.0,9.0
2023-06-01T12:00:00Z,0.54,11.0,161.0,9.0
2023-06-01T13:00:00Z,0.55,9.0,179.0,9.0
2023-06-01T14:00:00Z,0.54,8.0,177.0,8.0
2023-06-01T15:00:00Z,0.51,7.0,171.0,7.0
2023-06-01T16:00:00Z,0.52,10.0,170.0,8.0
2023-06-01T17:00:00Z,0.51,12.0,170.0,7.0
2023-06-01T18:00:00Z,0.54,10.0,172.0,7.0
2023-06-01T19:00:00Z,0.57,17.0,161.0,8.0
2023-06-01T20:00:00Z,0.61,24.0,134.0,8.0
2023-06-01T21:00:00Z,0.71,28.0,100.0,7.0
2023-06-01T22:00:00Z,0.79,37.0,78.0,7.0
2023-06-01T23:00:00Z,0.84,40.0,66.0,8.0
2023-06-02T00:00:00Z,0.81,40.0,59.0,9.0
2023-06-02T01:00:00Z,0.78,46.0,53.0,9.0
2023-06-02T02:00:00Z,0.72,42.0,52.0,9.0
2023-06-02T03:00:00Z,0.68,37.0,48.0,9.0
2023-06-02T04:00:00Z,0.68,38.0,41.0,9.0
2023-06-02T05:00:00Z,0.71,41.0,36.0,9.0
2023-06-02T06:00:00Z,0.72,41.0,42.0,10.0
2023-06-02T07:00:00Z,0.75,40.0,57.0,11.0
2023-06-02T08:00:00Z,0.64,29.0,93.0,14.0
2023-06-02T09:00:00Z,0.64,23.0,99.0,17.0
2023-06-02T10:00:00Z,0.76,31.0,87.0,19.0
2023-06-02T11:00:00Z,0.8,37.0,75.0,17.0
2023-06-02T12:00:00Z,0.79,34.0,100.0,15.0
2023-06-02T13:00:00Z,0.71,25.0,141.0,14.0
2023-06-02T14:00:00Z,0.62,18.0,166.0,13.0
2023-06-02T15:00:00Z,0.41,15.0,133.0,10.0
2023-06-02T16:00:00Z,0.31,15.0,107.0,9.0
2023-06-02T17:00:00Z,0.33,16.0,104.0,10.0
2023-06-02T18:00:00Z,0.36,17.0,108.0,10.0
2023-06-02T19:00:00Z,0.42,18.0,109.0,11.0
2023-06-02T20:00:00Z,0.4,19.0,107.0,11.0
2023-06-02T21:00:00Z,0.4,21.0,95.0,9.0
2023-06-02T22:00:00Z,0.41,24.0,82.0,10.0
2023-06-02T23:00:00Z,0.42,24.0,75.0,11.0
2023-06-03T00:00:00Z,0.44,25.0,65.0,10.0
2023-06-03T01:00:00Z,0.45,31.0,54.0,10.0
2023-06-03T02:00:00Z,0.45,34.0,51.0,10.0
2023-06-03T03:00:00Z,0.45,32.0,56.0,10.0
2023-06-03T04:00:00Z,0.41,29.0,64.0,9.0
2023-06-03T05:00:00Z,0.41,29.0,61.0,9.0
2023-06-03T06:00:00Z,0.45,34.0,58.0,10.0
2023-06-03T07:00:00Z,0.46,35.0,57.0,12.0
2023-06-03T08:00:00Z,0.45,31.0,68.0,13.0
2023-06-03T09:00:00Z,0.47,25.0,83.0,14.0
2023-06-03T10:00:00Z,0.59,21.0,103.0,16.0
2023-06-03T11:00:00Z,0.57,17.0,132.0,14.0
2023-06-03T12:00:00Z,0.58,14.0,159.0,14.0
2023-06-03T13:00:00Z,0.54,11.0,178.0,13.0
2023-06-03T14:00:00Z,0.45,9.0,182.0,11.0
2023-06-03T15:00:00Z,0.4,13.0,176.0,10.0
2023-06-03T16:00:00Z,0.37,18.0,167.0,10.0
2023-06-03T17:00:00Z,0.35,20.0,156.0,9.0
2023-06-03T18:00:00Z,0.34,22.0,137.0,8.0
2023-06-03T19:00:00Z,0.35,27.0,120.0,8.0
2023-06-03T20:00:00Z,0.39,34.0,107.0,9.0
2023-06-03T21:00:00Z,0.42,40.0,92.0,10.0
2023-06-03T22:00:00Z,0.42,43.0,85.0,13.0
2023-06-03T23:00:00Z,0.42,40.0,81.0,20.0
2023-06-04T00:00:00Z,0.45,50.0,59.0,15.0
2023-06-04T01:00:00Z,0.44,43.0,61.0,14.0
2023-06-04T02:00:00Z,0.45,43.0,53.0,13.0
2023-06-04T03:00:00Z,0.44,43.0,46.0,13.0
2023-06-04T04:00:00Z,0.46,39.0,44.0,12.0
2023-06-04T05:00:00Z,0.5,42.0,33.0,11.0
2023-06-04T06:00:00Z,0.57,41.0,32.0,10.0
2023-06-04T07:00:00Z,0.57,35.0,42.0,10.0
2023-06-04T08:00:00Z,0.57,32.0,49.0,10.0
2023-06-04T09:00:00Z,0.6,31.0,52.0,10.0
2023-06-04T10:00:00Z,0.61,31.0,53.0,11.0
2023-06-04T11:00:00Z,0.59,28.0,55.0,11.0
2023-06-04T12:00:00Z,0.55,22.0,74.0,10.0
2023-06-04T13:00:00Z,0.47,10.0,116.0,7.0
2023-06-04T14:00:00Z,0.4,8.0,115.0,7.0
2023-06-04T15:00:00Z,0.4,8.0,111.0,7.0
2023-06-04T16:00:00Z,0.33,9.0,104.0,6.0
2023-06-04T17:00:00Z,0.31,12.0,95.0,7.0
2023-06-04T18:00:00Z,0.31,12.0,90.0,6.0
2023-06-04T19:00:00Z,0.33,15.0,80.0,7.0
2023-06-04T20:00:00Z,0.34,15.0,74.0,7.0
2023-06-04T21:00:00Z,0.33,10.0,85.0,6.0
2023-06-04T22:00:00Z,0.31,8.0,85.0,6.0
2023-06-04T23:00:00Z,0.31,9.0,83.0,7.0
2023-06-05T00:00:00Z,0.31,8.0,78.0,6.0
2023-06-05T01:00:00Z,0.31,8.0,74.0,6.0
2023-06-05T02:00:00Z,0.31,11.0,67.0,7.0
2023-06-05T03:00:00Z,0.31,10.0,65.0,7.0
2023-06-05T04:00:00Z,0.3,12.0,63.0,7.0
2023-06-05T05:00:00Z,0.31,11.0,71.0,8.0
2023-06-05T06:00:00Z,0.36,12.0,67.0,8.0
2023-06-05T07:00:00Z,0.4,13.0,71.0,8.0
2023-06-05T08:00:00Z,0.49,15.0,72.0,9.0
2023-06-05T09:00:00Z,0.55,16.0,82.0,8.0
2023-06-05T10:00:00Z,0.57,15.0,99.0,9.0
2023-06-05T11:00:00Z,0.44,12.0,116.0,8.0
2023-06-05T12:00:00Z,0.37,9.0,131.0,8.0
2023-06-05T13:00:00Z,0.4,8.0,143.0,8.0
2023-06-05T14:00:00Z,0.39,8.0,144.0,7.0
2023-06-05T15:00:00Z,0.35,10.0,142.0,8.0
2023-06-05T16:00:00Z,0.36,9.0,142.0,8.0
2023-06-05T17:00:00Z,0.36,10.0,141.0,7.0
2023-06-05T18:00:00Z,0.36,12.0,134.0,7.0
2023-06-05T19:00:00Z,0.4,13.0,120.0,7.0
2023-06-05T20:00:00Z,0.4,13.0,107.0,7.0
2023-06-05T21:00:00Z,0.42,12.0,94.0,7.0
2023-06-05T22:00:00Z,0.44,13.0,83.0,7.0
2023-06-05T23:00:00Z,0.44,14.0,73.0,8.0
2023-06-06T00:00:00Z,0.46,16.0,60.0,8.0
2023-06-06T01:00:00Z,0.47,19.0,52.0,9.0
2023-06-06T02:00:00Z,0.51,19.0,47.0,9.0
2023-06-06T03:00:00Z,0.51,20.0,40.0,9.0
2023-06-06T04:00:00Z,0.53,22.0,32.0,9.0
2023-06-06T05:00:00Z,0.55,22.0,29.0,9.0
2023-06-06T06:00:00Z,0.56,22.0,27.0,9.0
2023-06-06T07:00:00Z,0.64,24.0,28.0,11.0
2023-06-06T08:00:00Z,0.65,24.0,39.0,12.0
2023-06-06T09:00:00Z,0.66,26.0,46.0,10.0
2023-06-06T10:00:00Z,0.64,26.0,66.0,10.0
2023-06-06T11:00:00Z,0.56,19.0,97.0,9.0
2023-06-06T12:00:00Z,0.43,13.0,130.0,8.0
2023-06-06T13:00:00Z,0.41,10.0,142.0,8.0
2023-06-06T14:00:00Z,0.41,10.0,154.0,8.0
2023-06-06T15:00:00Z,0.44,12.0,160.0,8.0
2023-06-06T16:00:00Z,0.42,13.0,161.0,8.0
2023-06-06T17:00:00Z,0.41,13.0,160.0,8.0
2023-06-06T18:00:00Z,0.41,14.0,156.0,8.0
2023-06-06T19:00:00Z,0.43,20.0,144.0,8.0
2023-06-06T20:00:00Z,0.49,21.0,127.0,8.0
2023-06-06T21:00:00Z,0.46,20.0,118.0,9.0
2023-06-06T22:00:00Z,0.46,21.0,108.0,10.0
2023-06-06T23:00:00Z,0.49,20.0,103.0,10.0
2023-06-07T00:00:00Z,0.51,16.0,106.0,10.0
2023-06-07T01:00:00Z,0.51,17.0,100.0,10.0
2023-06-07T02:00:00Z,0.5,18.0,91.0,11.0
2023-06-07T03:00:00Z,0.52,18.0,86.0,11.0
2023-06-07T04:00:00Z,0.52,18.0,83.0,12.0
2023-06-07T05:00:00Z,0.55,18.0,83.0,11.0
2023-06-07T06:00:00Z,0.56,18.0,86.0,11.0
2023-06-07T07:00:00Z,0.55,22.0,78.0,12.0
2023-06-07T08:00:00Z,0.51,20.0,84.0,11.0
2023-06-07T09:00:00Z,0.5,16.0,97.0,11.0
2023-06-07T10:00:00Z,0.49,14.0,114.0,10.0
2023-06-07T11:00:00Z,0.49,11.0,132.0,10.0
2023-06-07T12:00:00Z,0.43,10.0,151.0,10.0
2023-06-07T13:00:00Z,0.45,11.0,160.0,10.0
2023-06-07T14:00:00Z,0.41,12.0,159.0,10.0
2023-06-07T15:00:00Z,0.43,15.0,155.0,10.0
2023-06-07T16:00:00Z,0.43,15.0,155.0,10.0
2023-06-07T17:00:00Z,0.43,15.0,157.0,9.0
2023-06-07T18:00:00Z,0.43,15.0,150.0,8.0
2023-06-07T19:00:00Z,0.47,15.0,146.0,10.0
2023-06-07T20:00:00Z,0.57,18.0,135.0,10.0
2023-06-07T21:00:00Z,0.51,18.0,121.0,10.0
2023-06-07T22:00:00Z,0.46,17.0,109.0,9.0
2023-06-07T23:00:00Z,0.45,18.0,96.0,10.0
2023-06-08T00:00:00Z,0.46,21.0,85.0,11.0
2023-06-08T01:00:00Z,0.42,18.0,87.0,11.0
2023-06-08T02:00:00Z,0.4,16.0,89.0,10.0
2023-06-08T03:00:00Z,0.37,16.0,86.0,10.0
2023-06-08T04:00:00Z,0.37,15.0,84.0,11.0
2023-06-08T05:00:00Z,0.37,16.0,82.0,10.0
2023-06-08T06:00:00Z,0.4,18.0,76.0,14.0
2023-06-08T07:00:00Z,0.42,18.0,78.0,10.0
2023-06-08T08:00:00Z,0.45,17.0,81.0,10.0
2023-06-08T09:00:00Z,0.47,14.0,86.0,11.0
2023-06-08T10:00:00Z,0.5,14.0,104.0,11.0
2023-06-08T11:00:00Z,0.53,13.0,136.0,12.0
2023-06-08T12:00:00Z,0.51,12.0,173.0,11.0
2023-06-08T13:00:00Z,0.46,9.0,191.0,11.0
2023-06-08T14:00:00Z,0.37,8.0,182.0,10.0
2023-06-08T15:00:00Z,0.35,8.0,181.0,9.0
2023-06-08T16:00:00Z,0.3,9.0,174.0,8.0
2023-06-08T17:00:00Z,0.31,12.0,166.0,8.0
2023-06-08T18:00:00Z,0.3,12.0,154.0,7.0
2023-06-08T19:00:00Z,0.32,16.0,141.0,8.0
2023-06-08T20:00:00Z,0.36,27.0,120.0,9.0
2023-06-08T21:00:00Z,0.46,36.0,84.0,9.0
2023-06-08T22:00:00Z,0.6,49.0,51.0,9.0
2023-06-08T23:00:00Z,0.64,57.0,33.0,9.0
2023-06-09T00:00:00Z,0.63,62.0,42.0,14.0
2023-06-09T01:00:00Z,0.49,51.0,76.0,14.0
2023-06-09T02:00:00Z,0.44,31.0,101.0,13.0
2023-06-09T03:00:00Z,0.42,23.0,106.0,11.0
2023-06-09T04:00:00Z,0.46,21.0,106.0,11.0
2023-06-09T05:00:00Z,0.46,20.0,110.0,10.0
2023-06-09T06:00:00Z,0.46,25.0,105.0,11.0
2023-06-09T07:00:00Z,0.54,32.0,92.0,12.0
2023-06-09T08:00:00Z,0.61,37.0,89.0,13.0
2023-06-09T09:00:00Z,0.61,27.0,114.0,12.0
2023-06-09T10:00:00Z,0.6,18.0,149.0,12.0
2023-06-09T11:00:00Z,0.55,13.0,174.0,11.0
2023-06-09T12:00:00Z,0.5,9.0,189.0,11.0
2023-06-09T13:00:00Z,0.42,7.0,191.0,10.0
2023-06-09T14:00:00Z,0.37,6.0,187.0,10.0
2023-06-09T15:00:00Z,0.35,7.0,189.0,10.0
2023-06-09T16:00:00Z,0.32,7.0,188.0,9.0
2023-06-09T17:00:00Z,0.34,8.0,192.0,9.0
2023-06-09T18:00:00Z,0.35,10.0,191.0,9.0
2023-06-09T19:00:00Z,0.41,18.0,176.0,10.0
2023-06-09T20:00:00Z,0.5,33.0,141.0,10.0
2023-06-09T21:00:00Z,0.75,59.0,77.0,10.0
2023-06-09T22:00:00Z,0.75,63.0,60.0,12.0
2023-06-09T23:00:00Z,0.64,66.0,62.0,12.0
2023-06-10T00:00:00Z,0.61,54.0,69.0,13.0
2023-06-10T01:00:00Z,0.6,57.0,56.0,13.0
2023-06-10T02:00:00Z,0.66,80.0,25.0,12.0
2023-06-10T03:00:00Z,0.65,66.0,32.0,11.0
2023-06-10T04:00:00Z,0.58,40.0,44.0,10.0
2023-06-10T05:00:00Z,0.64,42.0,38.0,10.0
2023-06-10T06:00:00Z,0.71,54.0,26.0,12.0
2023-06-10T07:00:00Z,0.75,51.0,31.0,12.0
2023-06-10T08:00:00Z,0.81,43.0,52.0,13.0
2023-06-10T09:00:00Z,0.8,29.0,89.0,14.0
2023-06-10T10:00:00Z,0.7,23.0,130.0,14.0
2023-06-10T11:00:00Z,0.69,21.0,160.0,14.0
2023-06-10T12:00:00Z,0.74,18.0,192.0,14.0
2023-06-10T13:00:00Z,0.81,17.0,210.0,15.0
2023-06-10T14:00:00Z,0.86,15.0,227.0,13.0
2023-06-10T15:00:00Z,0.84,15.0,244.0,13.0
2023-06-10T16:00:00Z,0.74,13.0,241.0,12.0
2023-06-10T17:00:00Z,0.56,12.0,228.0,11.0
2023-06-10T18:00:00Z,0.49,12.0,221.0,11.0
2023-06-10T19:00:00Z,0.5,17.0,204.0,10.0
2023-06-10T20:00:00Z,0.49,22.0,181.0,10.0
2023-06-10T21:00:00Z,0.53,26.0,160.0,11.0
2023-06-10T22:00:00Z,0.51,22.0,151.0,14.0
2023-06-10T23:00:00Z,0.53,25.0,122.0,11.0
2023-06-11T00:00:00Z,0.5,24.0,105.0,11.0
2023-06-11T01:00:00Z,0.44,18.0,109.0,13.0
2023-06-11T02:00:00Z,0.45,16.0,111.0,10.0
2023-06-11T03:00:00Z,0.44,20.0,97.0,10.0
2023-06-11T04:00:00Z,0.45,20.0,88.0,10.0
2023-06-11T05:00:00Z,0.46,30.0,64.0,9.0
2023-06-11T06:00:00Z,0.47,31.0,56.0,10.0
2023-06-11T07:00:00Z,0.5,31.0,58.0,12.0
2023-06-11T08:00:00Z,0.5,24.0,81.0,13.0
2023-06-11T09:00:00Z,0.51,25.0,103.0,11.0
2023-06-11T10:00:00Z,0.5,23.0,133.0,11.0
2023-06-11T11:00:00Z,0.44,15.0,171.0,10.0
2023-06-11T12:00:00Z,0.34,8.0,168.0,8.0
2023-06-11T13:00:00Z,0.31,7.0,177.0,8.0
2023-06-11T14:00:00Z,0.3,7.0,180.0,8.0
2023-06-11T15:00:00Z,0.32,8.0,187.0,8.0
2023-06-11T16:00:00Z,0.36,9.0,195.0,9.0
2023-06-11T17:00:00Z,0.36,9.0,199.0,9.0
2023-06-11T18:00:00Z,0.39,13.0,190.0,9.0
2023-06-11T19:00:00Z,0.39,18.0,179.0,10.0
2023-06-11T20:00:00Z,0.37,17.0,157.0,8.0
2023-06-11T21:00:00Z,0.35,15.0,138.0,7.0
2023-06-11T22:00:00Z,0.35,17.0,128.0,8.0
2023-06-11T23:00:00Z,0.4,16.0,129.0,8.0
2023-06-12T00:00:00Z,0.42,14.0,131.0,8.0
2023-06-12T01:00:00Z,0.41,9.0,140.0,7.0
2023-06-12T02:00:00Z,0.41,9.0,130.0,7.0
2023-06-12T03:00:00Z,0.45,10.0,124.0,7.0
2023-06-12T04:00:00Z,0.49,9.0,120.0,7.0
2023-06-12T05:00:00Z,0.44,9.0,114.0,7.0
2023-06-12T06:00:00Z,0.42,11.0,106.0,7.0
2023-06-12T07:00:00Z,0.42,15.0,95.0,7.0
2023-06-12T08:00:00Z,0.47,18.0,93.0,9.0
2023-06-12T09:00:00Z,0.51,20.0,96.0,10.0
2023-06-12T10:00:00Z,0.51,17.0,107.0,10.0
2023-06-12T11:00:00Z,0.42,13.0,123.0,9.0
2023-06-12T12:00:00Z,0.34,10.0,142.0,8.0
2023-06-12T13:00:00Z,0.34,9.0,157.0,7.0
2023-06-12T14:00:00Z,0.36,9.0,164.0,7.0
2023-06-12T15:00:00Z,0.36,8.0,169.0,7.0
2023-06-12T16:00:00Z,0.33,9.0,171.0,7.0
2023-06-12T17:00:00Z,0.33,11.0,172.0,8.0
2023-06-12T18:00:00Z,0.33,16.0,165.0,8.0
2023-06-12T19:00:00Z,0.33,12.0,162.0,8.0
2023-06-12T20:00:00Z,0.36,23.0,145.0,8.0
2023-06-12T21:00:00Z,0.4,29.0,137.0,10.0
2023-06-12T22:00:00Z,0.46,28.0,139.0,10.0
2023-06-12T23:00:00Z,0.44,25.0,123.0,13.0
2023-06-13T00:00:00Z,0.4,22.0,110.0,11.0
2023-06-13T01:00:00Z,0.42,20.0,100.0,10.0
2023-06-13T02:00:00Z,0.49,19.0,90.0,10.0
2023-06-13T03:00:00Z,0.42,25.0,74.0,9.0
2023-06-13T04:00:00Z,0.45,29.0,65.0,9.0
2023-06-13T05:00:00Z,0.44,36.0,52.0,8.0
2023-06-13T06:00:00Z,0.5,53.0,31.0,9.0
2023-06-13T07:00:00Z,0.56,58.0,35.0,11.0
2023-06-13T08:00:00Z,0.53,46.0,68.0,18.0
2023-06-13T09:00:00Z,0.54,23.0,118.0,15.0
2023-06-13T10:00:00Z,0.49,14.0,149.0,12.0
2023-06-13T11:00:00Z,0.49,12.0,186.0,12.0
2023-06-13T12:00:00Z,0.45,12.0,202.0,11.0
2023-06-13T13:00:00Z,0.41,10.0,204.0,10.0
2023-06-13T14:00:00Z,0.44,9.0,210.0,10.0
2023-06-13T15:00:00Z,0.44,9.0,213.0,10.0
2023-06-13T16:00:00Z,0.42,11.0,210.0,9.0
2023-06-13T17:00:00Z,0.42,15.0,195.0,8.0
2023-06-13T18:00:00Z,0.4,20.0,182.0,8.0
2023-06-13T19:00:00Z,0.42,25.0,166.0,8.0
2023-06-13T20:00:00Z,0.42,31.0,139.0,8.0
2023-06-13T21:00:00Z,0.44,38.0,113.0,8.0
2023-06-13T22:00:00Z,0.49,35.0,111.0,10.0
2023-06-13T23:00:00Z,0.55,36.0,100.0,10.0
2023-06-14T00:00:00Z,0.63,34.0,95.0,11.0
2023-06-14T01:00:00Z,0.66,36.0,84.0,11.0
2023-06-14T02:00:00Z,0.69,36.0,74.0,11.0
2023-06-14T03:00:00Z,0.71,37.0,68.0,11.0
2023-06-14T04:00:00Z,0.76,38.0,57.0,11.0
2023-06-14T05:00:00Z,0.75,38.0,52.0,11.0
2023-06-14T06:00:00Z,0.85,48.0,45.0,11.0
2023-06-14T07:00:00Z,1.11,48.0,57.0,15.0
2023-06-14T08:00:00Z,0.93,38.0,94.0,17.0
2023-06-14T09:00:00Z,0.85,29.0,132.0,18.0
2023-06-14T10:00:00Z,0.84,25.0,171.0,17.0
2023-06-14T11:00:00Z,0.76,18.0,198.0,14.0
2023-06-14T12:00:00Z,0.55,10.0,193.0,11.0
2023-06-14T13:00:00Z,0.47,9.0,197.0,10.0
2023-06-14T14:00:00Z,0.42,8.0,194.0,9.0
2023-06-14T15:00:00Z,0.4,9.0,201.0,9.0
2023-06-14T16:00:00Z,0.39,11.0,207.0,9.0
2023-06-14T17:00:00Z,0.37,12.0,211.0,9.0
2023-06-14T18:00:00Z,0.4,11.0,210.0,9.0
2023-06-14T19:00:00Z,0.45,16.0,206.0,9.0
2023-06-14T20:00:00Z,0.49,21.0,203.0,11.0
2023-06-14T21:00:00Z,0.47,18.0,187.0,12.0
2023-06-14T22:00:00Z,0.46,19.0,173.0,11.0
2023-06-14T23:00:00Z,0.46,20.0,159.0,10.0
2023-06-15T00:00:00Z,0.47,19.0,144.0,10.0
2023-06-15T01:00:00Z,0.51,17.0,136.0,10.0
2023-06-15T02:00:00Z,0.51,16.0,129.0,9.0
2023-06-15T03:00:00Z,0.5,15.0,127.0,9.0
2023-06-15T04:00:00Z,0.49,15.0,125.0,9.0
2023-06-15T05:00:00Z,0.51,17.0,116.0,10.0
2023-06-15T06:00:00Z,0.54,22.0,109.0,10.0
2023-06-15T07:00:00Z,0.59,25.0,110.0,12.0
2023-06-15T08:00:00Z,0.66,26.0,120.0,13.0
2023-06-15T09:00:00Z,0.65,26.0,138.0,14.0
2023-06-15T10:00:00Z,0.64,24.0,170.0,15.0
2023-06-15T11:00:00Z,0.57,16.0,203.0,12.0
2023-06-15T12:00:00Z,0.54,11.0,222.0,11.0
2023-06-15T13:00:00Z,0.46,8.0,223.0,9.0
2023-06-15T14:00:00Z,0.4,7.0,219.0,8.0
2023-06-15T15:00:00Z,0.39,7.0,227.0,8.0
2023-06-15T16:00:00Z,0.39,9.0,227.0,8.0
2023-06-15T17:00:00Z,0.38,9.0,226.0,8.0
2023-06-15T18:00:00Z,0.4,11.0,222.0,8.0
2023-06-15T19:00:00Z,0.47,17.0,200.0,8.0
2023-06-15T20:00:00Z,0.51,24.0,183.0,9.0
2023-06-15T21:00:00Z,0.54,18.0,197.0,9.0
2023-06-15T22:00:00Z,0.54,18.0,174.0,9.0
2023-06-15T23:00:00Z,0.55,29.0,141.0,9.0
2023-06-16T00:00:00Z,0.59,34.0,116.0,12.0
2023-06-16T01:00:00Z,0.55,32.0,105.0,14.0
2023-06-16T02:00:00Z,0.57,36.0,90.0,15.0
2023-06-16T03:00:00Z,0.66,37.0,81.0,13.0
2023-06-16T04:00:00Z,0.69,38.0,71.0,14.0
2023-06-16T05:00:00Z,0.7,45.0,50.0,12.0
2023-06-16T06:00:00Z,0.7,47.0,44.0,11.0
2023-06-16T07:00:00Z,0.69,44.0,56.0,11.0
2023-06-16T08:00:00Z,0.7,44.0,69.0,11.0
2023-06-16T09:00:00Z,0.71,38.0,91.0,12.0
2023-06-16T10:00:00Z,0.67,32.0,119.0,12.0
2023-06-16T11:00:00Z,0.67,31.0,135.0,11.0
2023-06-16T12:00:00Z,0.61,22.0,170.0,11.0
2023-06-16T13:00:00Z,0.55,12.0,208.0,10.0
2023-06-16T14:00:00Z,0.54,10.0,209.0,10.0
2023-06-16T15:00:00Z,0.51,12.0,209.0,10.0
2023-06-16T16:00:00Z,0.53,16.0,211.0,10.0
2023-06-16T17:00:00Z,0.54,16.0,216.0,9.0
2023-06-16T18:00:00Z,0.56,18.0,204.0,9.0
2023-06-16T19:00:00Z,0.57,20.0,196.0,9.0
2023-06-16T20:00:00Z,0.59,20.0,190.0,8.0
2023-06-16T21:00:00Z,0.59,19.0,181.0,9.0
2023-06-16T22:00:00Z,0.6,18.0,173.0,8.0
2023-06-16T23:00:00Z,0.61,21.0,165.0,8.0
2023-06-17T00:00:00Z,0.61,20.0,159.0,8.0
2023-06-17T01:00:00Z,0.61,20.0,158.0,9.0
2023-06-17T02:00:00Z,0.61,19.0,149.0,9.0
2023-06-17T03:00:00Z,0.61,19.0,136.0,9.0
2023-06-17T04:00:00Z,0.61,19.0,129.0,10.0
2023-06-17T05:00:00Z,0.61,20.0,123.0,9.0
2023-06-17T06:00:00Z,0.62,22.0,124.0,10.0
2023-06-17T07:00:00Z,0.66,28.0,120.0,14.0
2023-06-17T08:00:00Z,0.69,27.0,131.0,12.0
2023-06-17T09:00:00Z,0.7,24.0,140.0,13.0
2023-06-17T10:00:00Z,0.69,25.0,134.0,11.0
2023-06-17T11:00:00Z,0.62,24.0,135.0,10.0
2023-06-17T12:00:00Z,0.65,20.0,148.0,10.0
2023-06-17T13:00:00Z,0.61,16.0,157.0,10.0
2023-06-17T14:00:00Z,0.57,13.0,155.0,9.0
2023-06-17T15:00:00Z,0.49,10.0,148.0,8.0
2023-06-17T16:00:00Z,0.5,11.0,139.0,8.0
2023-06-17T17:00:00Z,0.5,13.0,129.0,7.0
2023-06-17T18:00:00Z,0.45,11.0,113.0,7.0
2023-06-17T19:00:00Z,0.45,11.0,102.0,7.0
2023-06-17T20:00:00Z,0.42,8.0,100.0,6.0
2023-06-17T21:00:00Z,0.36,7.0,92.0,6.0
2023-06-17T22:00:00Z,0.36,8.0,77.0,6.0
2023-06-17T23:00:00Z,0.35,7.0,75.0,7.0
2023-06-18T00:00:00Z,0.38,7.0,68.0,6.0
2023-06-18T01:00:00Z,0.36,8.0,64.0,6.0
2023-06-18T02:00:00Z,0.36,7.0,64.0,6.0
2023-06-18T03:00:00Z,0.35,6.0,62.0,6.0
2023-06-18T04:00:00Z,0.35,6.0,60.0,6.0
2023-06-18T05:00:00Z,0.36,6.0,59.0,6.0
2023-06-18T06:00:00Z,0.35,6.0,61.0,6.0
2023-06-18T07:00:00Z,0.35,8.0,60.0,6.0
2023-06-18T08:00:00Z,0.36,9.0,60.0,6.0
2023-06-18T09:00:00Z,0.36,9.0,60.0,6.0
2023-06-18T10:00:00Z,0.36,9.0,61.0,6.0
2023-06-18T11:00:00Z,0.35,8.0,64.0,6.0
2023-06-18T12:00:00Z,0.35,7.0,69.0,6.0
2023-06-18T13:00:00Z,0.34,6.0,73.0,6.0
2023-06-18T14:00:00Z,0.34,6.0,73.0,6.0
2023-06-18T15:00:00Z,0.36,7.0,73.0,6.0
2023-06-18T16:00:00Z,0.37,8.0,71.0,6.0
2023-06-18T17:00:00Z,0.41,10.0,66.0,6.0
2023-06-18T18:00:00Z,0.4,11.0,64.0,6.0
2023-06-18T19:00:00Z,0.39,11.0,63.0,6.0
2023-06-18T20:00:00Z,0.39,10.0,62.0,6.0
2023-06-18T21:00:00Z,0.35,9.0,63.0,6.0
2023-06-18T22:00:00Z,0.35,8.0,65.0,6.0
2023-06-18T23:00:00Z,0.34,8.0,65.0,6.0
2023-06-19T00:00:00Z,0.34,8.0,65.0,7.0
2023-06-19T01:00:00Z,0.34,9.0,63.0,7.0
2023-06-19T02:00:00Z,0.34,8.0,62.0,7.0
2023-06-19T03:00:00Z,0.35,7.0,62.0,6.0
2023-06-19T04:00:00Z,0.38,7.0,59.0,6.0
2023-06-19T05:00:00Z,0.38,6.0,58.0,6.0
2023-06-19T06:00:00Z,0.38,6.0,59.0,6.0
2023-06-19T07:00:00Z,0.39,7.0,62.0,6.0
2023-06-19T08:00:00Z,0.4,9.0,63.0,6.0
2023-06-19T09:00:00Z,0.42,11.0,63.0,6.0
2023-06-19T10:00:00Z,0.42,12.0,63.0,6.0
2023-06-19T11:00:00Z,0.42,10.0,70.0,6.0
2023-06-19T12:00:00Z,0.41,9.0,77.0,6.0
2023-06-19T13:00:00Z,0.42,7.0,83.0,6.0
2023-06-19T14:00:00Z,0.42,7.0,85.0,6.0
2023-06-19T15:00:00Z,0.42,8.0,86.0,6.0
2023-06-19T16:00:00Z,0.45,10.0,84.0,6.0
2023-06-19T17:00:00Z,0.45,11.0,84.0,6.0
2023-06-19T18:00:00Z,0.51,13.0,86.0,6.0
2023-06-19T19:00:00Z,0.51,13.0,82.0,7.0
2023-06-19T20:00:00Z,0.53,13.0,76.0,7.0
2023-06-19T21:00:00Z,0.59,16.0,67.0,6.0
2023-06-19T22:00:00Z,0.6,16.0,62.0,6.0
2023-06-19T23:00:00Z,0.64,16.0,52.0,6.0
2023-06-20T00:00:00Z,0.66,17.0,44.0,6.0
2023-06-20T01:00:00Z,0.63,16.0,44.0,7.0
2023-06-20T02:00:00Z,0.56,13.0,48.0,7.0
2023-06-20T03:00:00Z,0.56,11.0,52.0,6.0
2023-06-20T04:00:00Z,0.55,12.0,47.0,7.0
2023-06-20T05:00:00Z,0.59,11.0,47.0,8.0
2023-06-20T06:00:00Z,0.56,11.0,45.0,7.0
2023-06-20T07:00:00Z,0.62,12.0,49.0,7.0
2023-06-20T08:00:00Z,0.72,12.0,59.0,8.0
2023-06-20T09:00:00Z,0.7,9.0,75.0,9.0
2023-06-20T10:00:00Z,0.66,9.0,89.0,9.0
2023-06-20T11:00:00Z,0.64,10.0,105.0,7.0
2023-06-20T12:00:00Z,0.6,7.0,124.0,7.0
2023-06-20T13:00:00Z,0.57,6.0,142.0,7.0
2023-06-20T14:00:00Z,0.57,6.0,157.0,7.0
2023-06-20T15:00:00Z,0.56,8.0,166.0,7.0
2023-06-20T16:00:00Z,0.59,19.0,166.0,7.0
2023-06-20T17:00:00Z,0.61,17.0,167.0,8.0
2023-06-20T18:00:00Z,0.6,19.0,171.0,8.0
2023-06-20T19:00:00Z,0.61,16.0,161.0,8.0
2023-06-20T20:00:00Z,0.61,19.0,143.0,7.0
2023-06-20T21:00:00Z,0.64,17.0,134.0,7.0
2023-06-20T22:00:00Z,0.66,17.0,127.0,7.0
2023-06-20T23:00:00Z,0.69,22.0,113.0,7.0
2023-06-21T00:00:00Z,0.7,20.0,99.0,7.0
2023-06-21T01:00:00Z,0.76,21.0,101.0,9.0
2023-06-21T02:00:00Z,0.76,25.0,92.0,10.0
2023-06-21T03:00:00Z,0.8,23.0,86.0,11.0
2023-06-21T04:00:00Z,0.77,26.0,81.0,9.0
2023-06-21T05:00:00Z,0.74,23.0,86.0,9.0
2023-06-21T06:00:00Z,0.74,27.0,85.0,9.0
2023-06-21T07:00:00Z,0.8,34.0,78.0,10.0
2023-06-21T08:00:00Z,0.81,34.0,88.0,12.0
2023-06-21T09:00:00Z,0.89,33.0,117.0,15.0
2023-06-21T10:00:00Z,0.81,26.0,159.0,14.0
2023-06-21T11:00:00Z,0.71,24.0,189.0,13.0
2023-06-21T12:00:00Z,0.64,19.0,202.0,12.0
2023-06-21T13:00:00Z,0.54,13.0,205.0,11.0
2023-06-21T14:00:00Z,0.49,9.0,198.0,10.0
2023-06-21T15:00:00Z,0.45,9.0,195.0,9.0
2023-06-21T16:00:00Z,0.47,11.0,200.0,9.0
2023-06-21T17:00:00Z,0.47,12.0,198.0,9.0
2023-06-21T18:00:00Z,0.49,14.0,191.0,9.0
2023-06-21T19:00:00Z,0.59,23.0,179.0,11.0
2023-06-21T20:00:00Z,0.67,30.0,158.0,14.0
2023-06-21T21:00:00Z,0.74,37.0,127.0,15.0
2023-06-21T22:00:00Z,0.65,35.0,114.0,12.0
2023-06-21T23:00:00Z,0.66,29.0,115.0,10.0
2023-06-22T00:00:00Z,0.71,26.0,111.0,9.0
2023-06-22T01:00:00Z,0.64,25.0,101.0,9.0
2023-06-22T02:00:00Z,0.65,27.0,92.0,9.0
2023-06-22T03:00:00Z,0.65,33.0,75.0,9.0
2023-06-22T04:00:00Z,0.65,42.0,66.0,10.0
2023-06-22T05:00:00Z,0.66,39.0,57.0,10.0
2023-06-22T06:00:00Z,0.69,39.0,51.0,9.0
2023-06-22T07:00:00Z,0.79,39.0,56.0,10.0
2023-06-22T08:00:00Z,0.72,31.0,94.0,12.0
2023-06-22T09:00:00Z,0.68,19.0,134.0,11.0
2023-06-22T10:00:00Z,0.69,12.0,168.0,11.0
2023-06-22T11:00:00Z,0.7,10.0,193.0,11.0
2023-06-22T12:00:00Z,0.65,7.0,210.0,10.0
2023-06-22T13:00:00Z,0.6,6.0,217.0,9.0
2023-06-22T14:00:00Z,0.55,6.0,223.0,9.0
2023-06-22T15:00:00Z,0.5,6.0,219.0,9.0
2023-06-22T16:00:00Z,0.46,6.0,217.0,8.0
2023-06-22T17:00:00Z,0.45,7.0,215.0,8.0
2023-06-22T18:00:00Z,0.46,9.0,215.0,8.0
2023-06-22T19:00:00Z,0.49,13.0,208.0,7.0
2023-06-22T20:00:00Z,0.54,21.0,185.0,8.0
2023-06-22T21:00:00Z,0.56,24.0,163.0,9.0
2023-06-22T22:00:00Z,0.56,26.0,143.0,9.0
2023-06-22T23:00:00Z,0.54,21.0,137.0,10.0
2023-06-23T00:00:00Z,0.59,21.0,133.0,11.0
2023-06-23T01:00:00Z,0.71,23.0,127.0,14.0
2023-06-23T02:00:00Z,0.71,19.0,122.0,11.0
2023-06-23T03:00:00Z,0.69,20.0,108.0,10.0
2023-06-23T04:00:00Z,0.7,25.0,90.0,10.0
2023-06-23T05:00:00Z,0.7,29.0,72.0,10.0
2023-06-23T06:00:00Z,0.75,34.0,62.0,10.0
2023-06-23T07:00:00Z,0.79,39.0,53.0,10.0
2023-06-23T08:00:00Z,0.8,34.0,85.0,10.0
2023-06-23T09:00:00Z,0.78,24.0,118.0,10.0
2023-06-23T10:00:00Z,0.82,22.0,143.0,12.0
2023-06-23T11:00:00Z,0.59,15.0,179.0,11.0
2023-06-23T12:00:00Z,0.56,10.0,204.0,10.0
2023-06-23T13:00:00Z,0.5,7.0,207.0,9.0
2023-06-23T14:00:00Z,0.49,7.0,208.0,9.0
2023-06-23T15:00:00Z,0.52,8.0,216.0,9.0
2023-06-23T16:00:00Z,0.5,9.0,209.0,9.0
2023-06-23T17:00:00Z,0.45,9.0,196.0,8.0
2023-06-23T18:00:00Z,0.46,10.0,201.0,8.0
2023-06-23T19:00:00Z,0.5,12.0,197.0,8.0
2023-06-23T20:00:00Z,0.51,16.0,176.0,9.0
2023-06-23T21:00:00Z,0.52,17.0,152.0,9.0
2023-06-23T22:00:00Z,0.51,18.0,136.0,11.0
2023-06-23T23:00:00Z,0.53,17.0,133.0,10.0
2023-06-24T00:00:00Z,0.51,16.0,134.0,9.0
2023-06-24T01:00:00Z,0.49,15.0,132.0,8.0
2023-06-24T02:00:00Z,0.53,15.0,120.0,8.0
2023-06-24T03:00:00Z,0.47,17.0,106.0,8.0
2023-06-24T04:00:00Z,0.44,21.0,93.0,9.0
2023-06-24T05:00:00Z,0.44,25.0,78.0,8.0
2023-06-24T06:00:00Z,0.45,26.0,75.0,11.0
2023-06-24T07:00:00Z,0.47,25.0,79.0,14.0
2023-06-24T08:00:00Z,0.49,20.0,96.0,12.0
2023-06-24T09:00:00Z,0.46,17.0,114.0,10.0
2023-06-24T10:00:00Z,0.46,11.0,142.0,9.0
2023-06-24T11:00:00Z,0.45,9.0,159.0,9.0
2023-06-24T12:00:00Z,0.41,7.0,170.0,8.0
2023-06-24T13:00:00Z,0.42,6.0,178.0,8.0
2023-06-24T14:00:00Z,0.44,6.0,182.0,8.0
2023-06-24T15:00:00Z,0.46,6.0,184.0,8.0
2023-06-24T16:00:00Z,0.46,8.0,191.0,8.0
2023-06-24T17:00:00Z,0.45,9.0,190.0,8.0
2023-06-24T18:00:00Z,0.44,12.0,175.0,8.0
2023-06-24T19:00:00Z,0.41,13.0,162.0,7.0
2023-06-24T20:00:00Z,0.35,10.0,139.0,7.0
2023-06-24T21:00:00Z,0.34,10.0,121.0,8.0
2023-06-24T22:00:00Z,0.3,10.0,108.0,8.0
2023-06-24T23:00:00Z,0.31,8.0,100.0,8.0
2023-06-25T00:00:00Z,0.27,7.0,85.0,8.0
2023-06-25T01:00:00Z,0.3,5.0,76.0,7.0
2023-06-25T02:00:00Z,0.33,6.0,70.0,7.0
2023-06-25T03:00:00Z,0.33,5.0,69.0,7.0
2023-06-25T04:00:00Z,0.38,6.0,73.0,7.0
2023-06-25T05:00:00Z,0.35,6.0,70.0,7.0
2023-06-25T06:00:00Z,0.36,7.0,69.0,6.0
2023-06-25T07:00:00Z,0.38,9.0,67.0,6.0
2023-06-25T08:00:00Z,0.39,11.0,70.0,6.0
2023-06-25T09:00:00Z,0.39,12.0,72.0,6.0
2023-06-25T10:00:00Z,0.36,13.0,69.0,6.0
2023-06-25T11:00:00Z,0.38,9.0,67.0,6.0
2023-06-25T12:00:00Z,0.4,8.0,67.0,6.0
2023-06-25T13:00:00Z,0.36,6.0,72.0,6.0
2023-06-25T14:00:00Z,0.39,6.0,76.0,6.0
2023-06-25T15:00:00Z,0.42,9.0,79.0,6.0
2023-06-25T16:00:00Z,0.49,10.0,82.0,6.0
2023-06-25T17:00:00Z,0.45,11.0,82.0,6.0
2023-06-25T18:00:00Z,0.45,11.0,82.0,6.0
2023-06-25T19:00:00Z,0.41,11.0,78.0,6.0
2023-06-25T20:00:00Z,0.39,10.0,76.0,6.0
2023-06-25T21:00:00Z,0.38,8.0,78.0,6.0
2023-06-25T22:00:00Z,0.41,8.0,73.0,6.0
2023-06-25T23:00:00Z,0.42,8.0,72.0,6.0
2023-06-26T00:00:00Z,0.42,7.0,71.0,6.0
2023-06-26T01:00:00Z,0.45,7.0,69.0,6.0
2023-06-26T02:00:00Z,0.44,7.0,66.0,6.0
2023-06-26T03:00:00Z,0.45,7.0,60.0,6.0
2023-06-26T04:00:00Z,0.44,6.0,61.0,6.0
2023-06-26T05:00:00Z,0.38,7.0,55.0,6.0
2023-06-26T06:00:00Z,0.38,8.0,52.0,6.0
2023-06-26T07:00:00Z,0.38,10.0,51.0,6.0
2023-06-26T08:00:00Z,0.44,12.0,51.0,6.0
2023-06-26T09:00:00Z,0.55,10.0,59.0,7.0
2023-06-26T10:00:00Z,0.54,9.0,69.0,8.0
2023-06-26T11:00:00Z,0.44,7.0,81.0,7.0
2023-06-26T12:00:00Z,0.39,5.0,94.0,7.0
2023-06-26T13:00:00Z,0.39,5.0,97.0,7.0
2023-06-26T14:00:00Z,0.42,5.0,99.0,7.0
2023-06-26T15:00:00Z,0.39,4.0,108.0,7.0
2023-06-26T16:00:00Z,0.34,4.0,114.0,7.0
2023-06-26T17:00:00Z,0.37,5.0,116.0,7.0
2023-06-26T18:00:00Z,0.35,6.0,111.0,7.0
2023-06-26T19:00:00Z,0.38,8.0,104.0,7.0
2023-06-26T20:00:00Z,0.45,13.0,91.0,7.0
2023-06-26T21:00:00Z,0.47,18.0,74.0,7.0
2023-06-26T22:00:00Z,0.45,24.0,63.0,7.0
2023-06-26T23:00:00Z,0.44,25.0,64.0,7.0
2023-06-27T00:00:00Z,0.41,18.0,76.0,7.0
2023-06-27T01:00:00Z,0.44,20.0,68.0,7.0
2023-06-27T02:00:00Z,0.46,25.0,56.0,7.0
2023-06-27T03:00:00Z,0.51,27.0,47.0,8.0
2023-06-27T04:00:00Z,0.5,29.0,40.0,8.0
2023-06-27T05:00:00Z,0.5,28.0,34.0,8.0
2023-06-27T06:00:00Z,0.51,27.0,32.0,8.0
2023-06-27T07:00:00Z,0.53,27.0,39.0,9.0
2023-06-27T08:00:00Z,0.59,25.0,56.0,10.0
2023-06-27T09:00:00Z,0.56,21.0,78.0,10.0
2023-06-27T10:00:00Z,0.5,15.0,111.0,9.0
2023-06-27T11:00:00Z,0.53,10.0,145.0,8.0
2023-06-27T12:00:00Z,0.5,6.0,167.0,7.0
2023-06-27T13:00:00Z,0.44,7.0,184.0,8.0
2023-06-27T14:00:00Z,0.44,6.0,194.0,8.0
2023-06-27T15:00:00Z,0.43,7.0,200.0,8.0
2023-06-27T16:00:00Z,0.41,6.0,203.0,8.0
2023-06-27T17:00:00Z,0.42,8.0,205.0,8.0
2023-06-27T18:00:00Z,0.41,9.0,205.0,7.0
2023-06-27T19:00:00Z,0.46,13.0,191.0,7.0
2023-06-27T20:00:00Z,0.47,18.0,165.0,7.0
2023-06-27T21:00:00Z,0.42,15.0,139.0,7.0
2023-06-27T22:00:00Z,0.45,21.0,106.0,7.0
2023-06-27T23:00:00Z,0.42,23.0,89.0,7.0
2023-06-28T00:00:00Z,0.44,25.0,76.0,8.0
2023-06-28T01:00:00Z,0.47,28.0,64.0,8.0
2023-06-28T02:00:00Z,0.5,28.0,57.0,8.0
2023-06-28T03:00:00Z,0.47,28.0,51.0,8.0
2023-06-28T04:00:00Z,0.47,29.0,41.0,8.0
2023-06-28T05:00:00Z,0.49,30.0,33.0,8.0
2023-06-28T06:00:00Z,0.47,31.0,27.0,8.0
2023-06-28T07:00:00Z,0.47,30.0,28.0,8.0
2023-06-28T08:00:00Z,0.51,28.0,34.0,8.0
2023-06-28T09:00:00Z,0.55,25.0,45.0,8.0
2023-06-28T10:00:00Z,0.49,20.0,68.0,8.0
2023-06-28T11:00:00Z,0.47,17.0,83.0,8.0
2023-06-28T12:00:00Z,0.4,10.0,107.0,8.0
2023-06-28T13:00:00Z,0.38,6.0,115.0,8.0
2023-06-28T14:00:00Z,0.35,5.0,122.0,7.0
2023-06-28T15:00:00Z,0.34,5.0,121.0,7.0
2023-06-28T16:00:00Z,0.33,5.0,113.0,7.0
2023-06-28T17:00:00Z,0.34,6.0,106.0,7.0
2023-06-28T18:00:00Z,0.35,10.0,96.0,7.0
2023-06-28T19:00:00Z,0.36,12.0,86.0,7.0
2023-06-28T20:00:00Z,0.36,14.0,76.0,8.0
2023-06-28T21:00:00Z,0.39,13.0,73.0,7.0
2023-06-28T22:00:00Z,0.4,12.0,71.0,7.0
2023-06-28T23:00:00Z,0.42,13.0,68.0,7.0
2023-06-29T00:00:00Z,0.4,12.0,66.0,7.0
2023-06-29T01:00:00Z,0.35,11.0,63.0,7.0
2023-06-29T02:00:00Z,0.35,9.0,65.0,7.0
2023-06-29T03:00:00Z,0.35,9.0,62.0,7.0
2023-06-29T04:00:00Z,0.4,10.0,58.0,8.0
2023-06-29T05:00:00Z,0.41,9.0,62.0,8.0
2023-06-29T06:00:00Z,0.45,7.0,79.0,8.0
2023-06-29T07:00:00Z,0.47,7.0,77.0,7.0
2023-06-29T08:00:00Z,0.47,8.0,85.0,6.0
2023-06-29T09:00:00Z,0.51,9.0,84.0,6.0
2023-06-29T10:00:00Z,0.56,9.0,77.0,7.0
2023-06-29T11:00:00Z,0.51,9.0,81.0,7.0
2023-06-29T12:00:00Z,0.52,10.0,87.0,7.0
2023-06-29T13:00:00Z,0.54,10.0,90.0,7.0
2023-06-29T14:00:00Z,0.56,8.0,98.0,7.0
2023-06-29T15:00:00Z,0.59,8.0,109.0,7.0
2023-06-29T16:00:00Z,0.57,7.0,124.0,7.0
2023-06-29T17:00:00Z,0.6,8.0,120.0,7.0
2023-06-29T18:00:00Z,0.54,9.0,123.0,7.0
2023-06-29T19:00:00Z,0.52,9.0,124.0,7.0
2023-06-29T20:00:00Z,0.55,11.0,114.0,7.0
2023-06-29T21:00:00Z,0.59,15.0,90.0,7.0
2023-06-29T22:00:00Z,0.63,16.0,77.0,7.0
2023-06-29T23:00:00Z,0.65,20.0,59.0,7.0
2023-06-30T00:00:00Z,0.69,18.0,52.0,7.0
2023-06-30T01:00:00Z,0.65,13.0,55.0,6.0
2023-06-30T02:00:00Z,0.61,12.0,60.0,6.0
2023-06-30T03:00:00Z,0.57,8.0,73.0,6.0
2023-06-30T04:00:00Z,0.56,6.0,75.0,6.0
2023-06-30T05:00:00Z,0.53,6.0,72.0,6.0
2023-06-30T06:00:00Z,0.55,8.0,63.0,6.0
2023-06-30T07:00:00Z,0.57,12.0,62.0,7.0
2023-06-30T08:00:00Z,0.64,14.0,80.0,8.0
2023-06-30T09:00:00Z,0.65,13.0,112.0,10.0
2023-06-30T10:00:00Z,0.62,12.0,140.0,10.0
2023-06-30T11:00:00Z,0.62,9.0,165.0,9.0
2023-06-30T12:00:00Z,0.59,9.0,182.0,9.0
2023-06-30T13:00:00Z,0.54,8.0,190.0,8.0
2023-06-30T14:00:00Z,0.54,7.0,197.0,8.0
2023-06-30T15:00:00Z,0.46,10.0,186.0,8.0
2023-06-30T16:00:00Z,0.45,10.0,191.0,8.0
2023-06-30T17:00:00Z,0.44,8.0,201.0,9.0
2023-06-30T18:00:00Z,0.5,10.0,202.0,8.0
2023-06-30T19:00:00Z,0.52,12.0,188.0,7.0
2023-06-30T20:00:00Z,0.54,14.0,176.0,7.0
2023-06-30T21:00:00Z,0.52,16.0,157.0,8.0
2023-06-30T22:00:00Z,0.54,17.0,143.0,9.0
2023-06-30T23:00:00Z,0.55,22.0,118.0,9.0
2023-07-01T00:00:00Z,0.59,21.0,114.0,9.0
2023-07-01T01:00:00Z,0.56,17.0,109.0,8.0
2023-07-01T02:00:00Z,0.56,17.0,95.0,7.0
2023-07-01T03:00:00Z,0.57,21.0,77.0,7.0
2023-07-01T04:00:00Z,0.6,27.0,58.0,7.0
2023-07-01T05:00:00Z,0.64,33.0,42.0,7.0
2023-07-01T06:00:00Z,0.64,32.0,40.0,7.0
2023-07-01T07:00:00Z,0.65,26.0,60.0,7.0
2023-07-01T08:00:00Z,0.64,17.0,90.0,8.0
2023-07-01T09:00:00Z,0.65,15.0,110.0,8.0
2023-07-01T10:00:00Z,0.61,9.0,147.0,8.0
2023-07-01T11:00:00Z,0.52,6.0,162.0,7.0
2023-07-01T12:00:00Z,0.49,5.0,157.0,7.0
2023-07-01T13:00:00Z,0.49,4.0,157.0,7.0
2023-07-01T14:00:00Z,0.45,5.0,154.0,7.0
2023-07-01T15:00:00Z,0.44,6.0,152.0,7.0
2023-07-01T16:00:00Z,0.4,6.0,151.0,7.0
2023-07-01T17:00:00Z,0.4,5.0,153.0,7.0
2023-07-01T18:00:00Z,0.38,8.0,150.0,7.0
2023-07-01T19:00:00Z,0.39,10.0,152.0,8.0
2023-07-01T20:00:00Z,0.4,13.0,143.0,7.0
2023-07-01T21:00:00Z,0.41,12.0,128.0,7.0
2023-07-01T22:00:00Z,0.39,11.0,120.0,8.0
2023-07-01T23:00:00Z,0.42,12.0,116.0,8.0
2023-07-02T00:00:00Z,0.45,13.0,109.0,8.0
2023-07-02T01:00:00Z,0.44,14.0,98.0,8.0
2023-07-02T02:00:00Z,0.45,13.0,90.0,8.0
2023-07-02T03:00:00Z,0.46,16.0,78.0,8.0
2023-07-02T04:00:00Z,0.46,18.0,66.0,8.0
2023-07-02T05:00:00Z,0.47,17.0,56.0,7.0
2023-07-02T06:00:00Z,0.49,21.0,38.0,7.0
2023-07-02T07:00:00Z,0.54,24.0,30.0,7.0
2023-07-02T08:00:00Z,0.55,21.0,33.0,7.0
2023-07-02T09:00:00Z,0.52,16.0,45.0,7.0
2023-07-02T10:00:00Z,0.54,13.0,53.0,7.0
2023-07-02T11:00:00Z,0.61,11.0,62.0,7.0
2023-07-02T12:00:00Z,0.69,9.0,79.0,6.0
2023-07-02T13:00:00Z,0.64,6.0,87.0,6.0
2023-07-02T14:00:00Z,0.51,5.0,90.0,6.0
2023-07-02T15:00:00Z,0.47,5.0,88.0,6.0
2023-07-02T16:00:00Z,0.44,5.0,88.0,6.0
2023-07-02T17:00:00Z,0.46,4.0,90.0,6.0
2023-07-02T18:00:00Z,0.5,7.0,81.0,6.0
2023-07-02T19:00:00Z,0.53,8.0,75.0,6.0
2023-07-02T20:00:00Z,0.55,9.0,71.0,6.0
2023-07-02T21:00:00Z,0.57,9.0,65.0,6.0
2023-07-02T22:00:00Z,0.54,10.0,58.0,6.0
2023-07-02T23:00:00Z,0.56,12.0,54.0,6.0
2023-07-03T00:00:00Z,0.57,10.0,52.0,6.0
2023-07-03T01:00:00Z,0.55,11.0,45.0,6.0
2023-07-03T02:00:00Z,0.49,10.0,47.0,6.0
2023-07-03T03:00:00Z,0.47,8.0,51.0,6.0
2023-07-03T04:00:00Z,0.45,9.0,49.0,6.0
2023-07-03T05:00:00Z,0.42,7.0,56.0,6.0
2023-07-03T06:00:00Z,0.42,8.0,49.0,6.0
2023-07-03T07:00:00Z,0.44,12.0,44.0,6.0
2023-07-03T08:00:00Z,0.42,11.0,47.0,6.0
2023-07-03T09:00:00Z,0.41,10.0,56.0,6.0
2023-07-03T10:00:00Z,0.42,7.0,60.0,6.0
2023-07-03T11:00:00Z,0.45,6.0,68.0,6.0
2023-07-03T12:00:00Z,0.47,5.0,81.0,6.0
2023-07-03T13:00:00Z,0.44,4.0,101.0,6.0
2023-07-03T14:00:00Z,0.45,4.0,94.0,6.0
2023-07-03T15:00:00Z,0.41,4.0,90.0,6.0
2023-07-03T16:00:00Z,0.33,7.0,79.0,6.0
2023-07-03T17:00:00Z,0.38,9.0,73.0,6.0
2023-07-03T18:00:00Z,0.42,9.0,69.0,6.0
2023-07-03T19:00:00Z,0.47,8.0,72.0,6.0
2023-07-03T20:00:00Z,0.49,11.0,65.0,6.0
2023-07-03T21:00:00Z,0.53,11.0,61.0,6.0
2023-07-03T22:00:00Z,0.55,13.0,57.0,7.0
2023-07-03T23:00:00Z,0.55,12.0,55.0,6.0
2023-07-04T00:00:00Z,0.55,9.0,58.0,6.0
2023-07-04T01:00:00Z,0.45,7.0,60.0,6.0
2023-07-04T02:00:00Z,0.33,4.0,78.0,6.0
2023-07-04T03:00:00Z,0.36,5.0,77.0,6.0
2023-07-04T04:00:00Z,0.34,5.0,78.0,6.0
2023-07-04T05:00:00Z,0.4,5.0,74.0,7.0
2023-07-04T06:00:00Z,0.63,5.0,71.0,7.0
2023-07-04T07:00:00Z,0.71,6.0,63.0,7.0
2023-07-04T08:00:00Z,0.71,8.0,58.0,7.0
2023-07-04T09:00:00Z,0.65,9.0,62.0,7.0
2023-07-04T10:00:00Z,0.54,8.0,77.0,8.0
2023-07-04T11:00:00Z,0.51,8.0,87.0,8.0
2023-07-04T12:00:00Z,0.44,8.0,83.0,7.0
2023-07-04T13:00:00Z,0.47,8.0,83.0,7.0
2023-07-04T14:00:00Z,0.46,7.0,102.0,7.0
2023-07-04T15:00:00Z,0.5,7.0,117.0,8.0
2023-07-04T16:00:00Z,0.49,6.0,122.0,7.0
2023-07-04T17:00:00Z,0.51,7.0,125.0,8.0
2023-07-04T18:00:00Z,0.54,8.0,128.0,7.0
2023-07-04T19:00:00Z,0.54,10.0,123.0,8.0
2023-07-04T20:00:00Z,0.57,12.0,114.0,8.0
2023-07-04T21:00:00Z,0.64,12.0,109.0,8.0
2023-07-04T22:00:00Z,0.6,13.0,101.0,8.0
2023-07-04T23:00:00Z,0.51,13.0,95.0,7.0
2023-07-05T00:00:00Z,0.46,12.0,93.0,7.0
2023-07-05T01:00:00Z,0.47,11.0,92.0,7.0
2023-07-05T02:00:00Z,0.47,12.0,86.0,8.0
2023-07-05T03:00:00Z,0.44,11.0,79.0,8.0
2023-07-05T04:00:00Z,0.45,11.0,77.0,8.0
2023-07-05T05:00:00Z,0.49,14.0,71.0,10.0
2023-07-05T06:00:00Z,0.51,17.0,64.0,10.0
2023-07-05T07:00:00Z,0.5,18.0,70.0,10.0
2023-07-05T08:00:00Z,0.49,17.0,87.0,9.0
2023-07-05T09:00:00Z,0.45,15.0,107.0,10.0
2023-07-05T10:00:00Z,0.42,15.0,131.0,11.0
2023-07-05T11:00:00Z,0.43,13.0,155.0,10.0
2023-07-05T12:00:00Z,0.39,11.0,170.0,10.0
2023-07-05T13:00:00Z,0.33,10.0,172.0,9.0
2023-07-05T14:00:00Z,0.31,9.0,173.0,8.0
2023-07-05T15:00:00Z,0.26,10.0,170.0,9.0
2023-07-05T16:00:00Z,0.26,12.0,167.0,8.0
2023-07-05T17:00:00Z,0.25,16.0,168.0,7.0
2023-07-05T19:00:00Z,0.24,17.0,157.0,8.0
2023-07-05T20:00:00Z,0.34,21.0,141.0,8.0
2023-07-05T21:00:00Z,0.38,27.0,121.0,9.0
2023-07-05T22:00:00Z,0.44,32.0,107.0,11.0
2023-07-05T23:00:00Z,0.45,32.0,99.0,10.0
2023-07-06T00:00:00Z,0.45,31.0,95.0,10.0
2023-07-06T01:00:00Z,0.42,22.0,93.0,10.0
2023-07-06T02:00:00Z,0.44,19.0,88.0,9.0
2023-07-06T03:00:00Z,0.46,20.0,80.0,9.0
2023-07-06T04:00:00Z,0.46,22.0,72.0,9.0
2023-07-06T05:00:00Z,0.46,22.0,76.0,10.0
2023-07-06T06:00:00Z,0.46,21.0,78.0,9.0
2023-07-06T07:00:00Z,0.49,26.0,66.0,9.0
2023-07-06T08:00:00Z,0.51,31.0,60.0,10.0
2023-07-06T09:00:00Z,0.54,28.0,73.0,11.0
2023-07-06T10:00:00Z,0.53,23.0,101.0,11.0
2023-07-06T11:00:00Z,0.56,15.0,133.0,10.0
2023-07-06T12:00:00Z,0.51,15.0,130.0,10.0
2023-07-06T13:00:00Z,0.52,14.0,115.0,9.0
2023-07-06T14:00:00Z,0.51,15.0,103.0,8.0
2023-07-06T15:00:00Z,0.51,15.0,105.0,8.0
2023-07-06T16:00:00Z,0.5,14.0,101.0,7.0
2023-07-06T17:00:00Z,0.42,10.0,90.0,7.0
2023-07-06T18:00:00Z,0.36,8.0,87.0,7.0
2023-07-06T19:00:00Z,0.34,8.0,87.0,7.0
2023-07-06T20:00:00Z,0.31,8.0,89.0,6.0
2023-07-06T21:00:00Z,0.34,9.0,85.0,6.0
2023-07-06T22:00:00Z,0.35,11.0,78.0,6.0
2023-07-06T23:00:00Z,0.39,10.0,74.0,6.0
2023-07-07T00:00:00Z,0.37,9.0,67.0,6.0
2023-07-07T01:00:00Z,0.39,10.0,60.0,6.0
2023-07-07T02:00:00Z,0.36,12.0,58.0,7.0
2023-07-07T03:00:00Z,0.34,10.0,60.0,6.0
2023-07-07T04:00:00Z,0.39,10.0,59.0,7.0
2023-07-07T05:00:00Z,0.38,11.0,54.0,7.0
2023-07-07T06:00:00Z,0.4,13.0,48.0,7.0
2023-07-07T07:00:00Z,0.4,12.0,52.0,7.0
2023-07-07T08:00:00Z,0.46,14.0,53.0,8.0
2023-07-07T09:00:00Z,0.47,15.0,70.0,10.0
2023-07-07T10:00:00Z,0.4,11.0,103.0,9.0
2023-07-07T11:00:00Z,0.38,7.0,132.0,8.0
2023-07-07T12:00:00Z,0.4,6.0,140.0,8.0
2023-07-07T13:00:00Z,0.4,5.0,142.0,8.0
2023-07-07T14:00:00Z,0.4,9.0,142.0,8.0
2023-07-07T15:00:00Z,0.41,7.0,142.0,8.0
2023-07-07T16:00:00Z,0.41,6.0,136.0,7.0
2023-07-07T17:00:00Z,0.41,5.0,133.0,7.0
2023-07-07T18:00:00Z,0.42,6.0,131.0,7.0
2023-07-07T19:00:00Z,0.41,8.0,123.0,8.0
2023-07-07T20:00:00Z,0.4,10.0,112.0,7.0
2023-07-07T21:00:00Z,0.45,12.0,98.0,8.0
2023-07-07T22:00:00Z,0.46,13.0,82.0,8.0
2023-07-07T23:00:00Z,0.49,13.0,69.0,8.0
2023-07-08T00:00:00Z,0.55,15.0,57.0,8.0
2023-07-08T01:00:00Z,0.51,14.0,50.0,8.0
2023-07-08T02:00:00Z,0.53,14.0,38.0,7.0
2023-07-08T03:00:00Z,0.5,14.0,36.0,8.0
2023-07-08T04:00:00Z,0.51,16.0,31.0,8.0
2023-07-08T05:00:00Z,0.53,17.0,24.0,8.0
2023-07-08T06:00:00Z,0.53,17.0,22.0,8.0
2023-07-08T07:00:00Z,0.55,17.0,26.0,8.0
2023-07-08T08:00:00Z,0.55,16.0,38.0,8.0
2023-07-08T09:00:00Z,0.52,12.0,69.0,8.0
2023-07-08T10:00:00Z,0.51,9.0,105.0,9.0
2023-07-08T11:00:00Z,0.51,8.0,144.0,9.0
2023-07-08T12:00:00Z,0.5,7.0,173.0,9.0
2023-07-08T13:00:00Z,0.54,7.0,195.0,10.0
2023-07-08T14:00:00Z,0.55,6.0,208.0,10.0
2023-07-08T15:00:00Z,0.53,5.0,213.0,10.0
2023-07-08T16:00:00Z,0.52,5.0,210.0,9.0
2023-07-08T17:00:00Z,0.49,6.0,204.0,9.0
2023-07-08T18:00:00Z,0.49,6.0,194.0,8.0
2023-07-08T19:00:00Z,0.51,8.0,184.0,8.0
2023-07-08T20:00:00Z,0.61,12.0,165.0,8.0
2023-07-08T21:00:00Z,0.7,19.0,141.0,10.0
2023-07-08T22:00:00Z,0.69,23.0,121.0,11.0
2023-07-08T23:00:00Z,0.64,26.0,104.0,10.0
2023-07-09T00:00:00Z,0.65,23.0,92.0,9.0
2023-07-09T01:00:00Z,0.63,20.0,80.0,9.0
2023-07-09T02:00:00Z,0.61,15.0,71.0,8.0
2023-07-09T03:00:00Z,0.59,13.0,64.0,8.0
2023-07-09T04:00:00Z,0.55,12.0,59.0,8.0
2023-07-09T05:00:00Z,0.55,13.0,52.0,8.0
2023-07-09T06:00:00Z,0.56,14.0,47.0,8.0
2023-07-09T07:00:00Z,0.56,12.0,48.0,8.0
2023-07-09T08:00:00Z,0.52,11.0,54.0,8.0
2023-07-09T09:00:00Z,0.56,12.0,59.0,8.0
2023-07-09T10:00:00Z,0.56,11.0,76.0,8.0
2023-07-09T11:00:00Z,0.54,6.0,107.0,7.0
2023-07-09T12:00:00Z,0.56,4.0,138.0,7.0
2023-07-09T13:00:00Z,0.56,4.0,159.0,7.0
2023-07-09T14:00:00Z,0.56,5.0,173.0,8.0
2023-07-09T15:00:00Z,0.57,8.0,180.0,8.0
2023-07-09T16:00:00Z,0.55,13.0,182.0,9.0
2023-07-09T17:00:00Z,0.54,12.0,181.0,8.0
2023-07-09T18:00:00Z,0.55,13.0,176.0,9.0
2023-07-09T19:00:00Z,0.54,18.0,159.0,9.0
2023-07-09T20:00:00Z,0.5,14.0,145.0,9.0
2023-07-09T21:00:00Z,0.51,15.0,127.0,9.0
2023-07-09T22:00:00Z,0.5,16.0,110.0,9.0
2023-07-09T23:00:00Z,0.55,15.0,90.0,9.0
2023-07-10T00:00:00Z,0.58,14.0,77.0,9.0
2023-07-10T01:00:00Z,0.57,12.0,71.0,8.0
2023-07-10T02:00:00Z,0.56,12.0,71.0,8.0
2023-07-10T03:00:00Z,0.57,10.0,74.0,8.0
2023-07-10T04:00:00Z,0.58,11.0,70.0,8.0
2023-07-10T05:00:00Z,0.56,14.0,61.0,9.0
2023-07-10T06:00:00Z,0.59,17.0,51.0,9.0
2023-07-10T07:00:00Z,0.55,15.0,54.0,8.0
2023-07-10T08:00:00Z,0.56,12.0,61.0,8.0
2023-07-10T09:00:00Z,0.54,10.0,75.0,9.0
2023-07-10T10:00:00Z,0.47,8.0,99.0,9.0
2023-07-10T11:00:00Z,0.44,5.0,118.0,8.0
2023-07-10T12:00:00Z,0.42,4.0,124.0,7.0
2023-07-10T13:00:00Z,0.42,3.0,132.0,7.0
2023-07-10T14:00:00Z,0.41,3.0,132.0,7.0
2023-07-10T15:00:00Z,0.44,4.0,137.0,7.0
2023-07-10T16:00:00Z,0.46,4.0,141.0,7.0
2023-07-10T17:00:00Z,0.44,5.0,140.0,7.0
2023-07-10T18:00:00Z,0.45,6.0,128.0,7.0
2023-07-10T19:00:00Z,0.36,5.0,105.0,6.0
2023-07-10T20:00:00Z,0.41,7.0,99.0,7.0
2023-07-10T21:00:00Z,0.46,10.0,87.0,7.0
2023-07-10T22:00:00Z,0.48,13.0,76.0,7.0
2023-07-10T23:00:00Z,0.53,10.0,84.0,7.0
2023-07-11T00:00:00Z,0.44,6.0,81.0,7.0
2023-07-11T01:00:00Z,0.42,7.0,88.0,7.0
2023-07-11T02:00:00Z,0.44,5.0,86.0,6.0
2023-07-11T03:00:00Z,0.39,5.0,78.0,6.0
2023-07-11T04:00:00Z,0.38,4.0,75.0,7.0
2023-07-11T05:00:00Z,0.36,5.0,75.0,7.0
2023-07-11T06:00:00Z,0.38,5.0,73.0,7.0
2023-07-11T07:00:00Z,0.4,7.0,72.0,6.0
2023-07-11T08:00:00Z,0.41,8.0,69.0,6.0
2023-07-11T09:00:00Z,0.44,9.0,69.0,7.0
2023-07-11T10:00:00Z,0.48,9.0,78.0,7.0
2023-07-11T11:00:00Z,0.49,11.0,86.0,7.0
2023-07-11T12:00:00Z,0.5,10.0,93.0,7.0
2023-07-11T13:00:00Z,0.49,8.0,83.0,7.0
2023-07-11T14:00:00Z,0.5,7.0,92.0,7.0
2023-07-11T15:00:00Z,0.46,6.0,114.0,6.0
2023-07-11T16:00:00Z,0.44,4.0,122.0,6.0
2023-07-11T17:00:00Z,0.41,5.0,119.0,6.0
2023-07-11T18:00:00Z,0.39,5.0,109.0,6.0
2023-07-11T19:00:00Z,0.39,7.0,101.0,6.0
2023-07-11T20:00:00Z,0.41,10.0,94.0,7.0
2023-07-11T21:00:00Z,0.41,11.0,85.0,7.0
2023-07-11T22:00:00Z,0.41,13.0,77.0,7.0
2023-07-11T23:00:00Z,0.44,15.0,68.0,6.0
2023-07-12T00:00:00Z,0.45,13.0,65.0,7.0
2023-07-12T01:00:00Z,0.44,13.0,61.0,7.0
2023-07-12T02:00:00Z,0.44,14.0,60.0,7.0
2023-07-12T03:00:00Z,0.49,13.0,57.0,7.0
2023-07-12T04:00:00Z,0.5,15.0,52.0,7.0
2023-07-12T05:00:00Z,0.53,14.0,49.0,7.0
2023-07-12T06:00:00Z,0.54,15.0,43.0,7.0
2023-07-12T07:00:00Z,0.57,16.0,41.0,7.0
2023-07-12T08:00:00Z,0.6,16.0,44.0,7.0
2023-07-12T09:00:00Z,0.59,17.0,44.0,7.0
2023-07-12T10:00:00Z,0.59,20.0,36.0,7.0
2023-07-12T11:00:00Z,0.47,14.0,51.0,7.0
2023-07-12T12:00:00Z,0.43,10.0,61.0,6.0
2023-07-12T13:00:00Z,0.41,9.0,64.0,6.0
2023-07-12T14:00:00Z,0.4,9.0,65.0,6.0
2023-07-12T15:00:00Z,0.45,11.0,65.0,7.0
2023-07-12T16:00:00Z,0.44,13.0,58.0,7.0
2023-07-12T17:00:00Z,0.44,14.0,54.0,7.0
2023-07-12T18:00:00Z,0.54,15.0,62.0,6.0
2023-07-12T19:00:00Z,0.57,18.0,61.0,6.0
2023-07-12T20:00:00Z,0.64,18.0,56.0,6.0
2023-07-12T21:00:00Z,0.63,17.0,53.0,6.0
2023-07-12T22:00:00Z,0.61,12.0,64.0,6.0
2023-07-12T23:00:00Z,0.55,9.0,73.0,6.0
2023-07-13T00:00:00Z,0.5,9.0,73.0,6.0
2023-07-13T01:00:00Z,0.55,11.0,63.0,6.0
2023-07-13T02:00:00Z,0.55,10.0,58.0,6.0
2023-07-13T03:00:00Z,0.59,13.0,50.0,6.0
2023-07-13T04:00:00Z,0.63,14.0,44.0,6.0
2023-07-13T05:00:00Z,0.6,11.0,49.0,6.0
2023-07-13T06:00:00Z,0.48,4.0,64.0,6.0
2023-07-13T07:00:00Z,0.47,6.0,66.0,6.0
2023-07-13T08:00:00Z,0.53,10.0,57.0,6.0
2023-07-13T09:00:00Z,0.56,11.0,55.0,6.0
2023-07-13T10:00:00Z,0.53,12.0,58.0,6.0
2023-07-13T11:00:00Z,0.47,8.0,70.0,6.0
2023-07-13T12:00:00Z,0.5,7.0,86.0,6.0
2023-07-13T13:00:00Z,0.47,5.0,86.0,6.0
2023-07-13T14:00:00Z,0.42,5.0,86.0,6.0
2023-07-13T15:00:00Z,0.47,7.0,94.0,6.0
2023-07-13T16:00:00Z,0.54,8.0,109.0,7.0
2023-07-13T17:00:00Z,0.54,4.0,111.0,7.0
2023-07-13T18:00:00Z,0.49,5.0,106.0,7.0
2023-07-13T19:00:00Z,0.5,8.0,96.0,7.0
2023-07-13T20:00:00Z,0.54,9.0,82.0,7.0
2023-07-13T21:00:00Z,0.53,9.0,69.0,7.0
2023-07-13T22:00:00Z,0.53,9.0,68.0,7.0
2023-07-13T23:00:00Z,0.5,8.0,61.0,6.0
2023-07-14T00:00:00Z,0.53,9.0,56.0,6.0
2023-07-14T01:00:00Z,0.54,12.0,49.0,6.0
2023-07-14T02:00:00Z,0.55,11.0,48.0,7.0
2023-07-14T03:00:00Z,0.56,10.0,51.0,7.0
2023-07-14T04:00:00Z,0.54,8.0,55.0,7.0
2023-07-14T05:00:00Z,0.54,7.0,61.0,7.0
2023-07-14T06:00:00Z,0.56,7.0,56.0,7.0
2023-07-14T07:00:00Z,0.58,9.0,51.0,7.0
2023-07-14T08:00:00Z,0.59,9.0,55.0,7.0
2023-07-14T09:00:00Z,0.56,8.0,73.0,8.0
2023-07-14T10:00:00Z,0.54,9.0,91.0,9.0
2023-07-14T11:00:00Z,0.51,8.0,114.0,9.0
2023-07-14T12:00:00Z,0.54,7.0,133.0,9.0
2023-07-14T13:00:00Z,0.55,6.0,144.0,9.0
2023-07-14T14:00:00Z,0.64,8.0,151.0,9.0
2023-07-14T15:00:00Z,0.74,7.0,157.0,9.0
2023-07-14T16:00:00Z,0.67,6.0,155.0,9.0
2023-07-14T17:00:00Z,0.63,7.0,156.0,9.0
2023-07-14T18:00:00Z,0.54,11.0,148.0,9.0
2023-07-14T19:00:00Z,0.54,12.0,147.0,9.0
2023-07-14T20:00:00Z,0.56,12.0,145.0,9.0
2023-07-14T21:00:00Z,0.53,13.0,137.0,8.0
2023-07-14T22:00:00Z,0.55,16.0,124.0,9.0
2023-07-14T23:00:00Z,0.59,22.0,101.0,9.0
2023-07-15T00:00:00Z,0.59,26.0,88.0,10.0
2023-07-15T01:00:00Z,0.54,23.0,81.0,10.0
2023-07-15T02:00:00Z,0.5,20.0,78.0,10.0
2023-07-15T03:00:00Z,0.44,18.0,77.0,10.0
2023-07-15T04:00:00Z,0.46,19.0,71.0,10.0
2023-07-15T05:00:00Z,0.47,18.0,68.0,11.0
2023-07-15T06:00:00Z,0.46,18.0,65.0,10.0
2023-07-15T07:00:00Z,0.45,20.0,60.0,11.0
2023-07-15T08:00:00Z,0.48,21.0,57.0,11.0
2023-07-15T09:00:00Z,0.47,19.0,62.0,11.0
2023-07-15T10:00:00Z,0.55,19.0,77.0,11.0
2023-07-15T11:00:00Z,0.59,17.0,119.0,12.0
2023-07-15T12:00:00Z,0.56,13.0,158.0,14.0
2023-07-15T13:00:00Z,0.53,10.0,179.0,13.0
2023-07-15T14:00:00Z,0.39,10.0,167.0,11.0
2023-07-15T15:00:00Z,0.36,10.0,162.0,11.0
2023-07-15T16:00:00Z,0.36,9.0,174.0,10.0
2023-07-15T17:00:00Z,0.35,15.0,168.0,9.0
2023-07-15T18:00:00Z,0.36,17.0,149.0,9.0
2023-07-15T19:00:00Z,0.36,15.0,136.0,9.0
2023-07-15T20:00:00Z,0.38,20.0,114.0,10.0
2023-07-15T21:00:00Z,0.39,19.0,102.0,10.0
2023-07-15T22:00:00Z,0.4,22.0,89.0,10.0
2023-07-15T23:00:00Z,0.45,27.0,79.0,11.0
2023-07-16T00:00:00Z,0.46,23.0,83.0,13.0
2023-07-16T01:00:00Z,0.54,22.0,80.0,14.0
2023-07-16T02:00:00Z,0.46,23.0,74.0,15.0
2023-07-16T03:00:00Z,0.5,28.0,60.0,13.0
2023-07-16T04:00:00Z,0.61,31.0,61.0,11.0
2023-07-16T05:00:00Z,0.67,32.0,62.0,11.0
2023-07-16T06:00:00Z,0.69,36.0,57.0,10.0
2023-07-16T07:00:00Z,0.7,32.0,67.0,11.0
2023-07-16T08:00:00Z,0.61,21.0,97.0,11.0
2023-07-16T09:00:00Z,0.55,14.0,126.0,11.0
2023-07-16T10:00:00Z,0.61,12.0,139.0,11.0
2023-07-16T11:00:00Z,0.56,10.0,160.0,11.0
2023-07-16T12:00:00Z,0.5,10.0,176.0,10.0
2023-07-16T13:00:00Z,0.41,9.0,182.0,9.0
2023-07-16T14:00:00Z,0.44,8.0,187.0,9.0
2023-07-16T15:00:00Z,0.46,13.0,187.0,8.0
2023-07-16T16:00:00Z,0.42,12.0,186.0,8.0
2023-07-16T17:00:00Z,0.47,13.0,183.0,8.0
2023-07-16T18:00:00Z,0.41,13.0,175.0,8.0
2023-07-16T19:00:00Z,0.43,11.0,168.0,8.0
2023-07-16T20:00:00Z,0.44,12.0,156.0,8.0
2023-07-16T21:00:00Z,0.44,15.0,141.0,8.0
2023-07-16T22:00:00Z,0.44,15.0,133.0,8.0
2023-07-16T23:00:00Z,0.41,13.0,125.0,8.0
2023-07-17T00:00:00Z,0.42,15.0,111.0,8.0
2023-07-17T01:00:00Z,0.42,22.0,90.0,7.0
2023-07-17T02:00:00Z,0.42,24.0,80.0,7.0
2023-07-17T03:00:00Z,0.4,21.0,80.0,8.0
2023-07-17T04:00:00Z,0.46,19.0,73.0,7.0
2023-07-17T05:00:00Z,0.46,23.0,58.0,7.0
2023-07-17T06:00:00Z,0.5,24.0,56.0,8.0
2023-07-17T07:00:00Z,0.5,22.0,66.0,11.0
2023-07-17T08:00:00Z,0.44,18.0,89.0,12.0
2023-07-17T09:00:00Z,0.39,14.0,105.0,11.0
2023-07-17T10:00:00Z,0.34,11.0,119.0,9.0
2023-07-17T11:00:00Z,0.36,10.0,139.0,9.0
2023-07-17T12:00:00Z,0.49,9.0,159.0,9.0
2023-07-17T13:00:00Z,0.73,9.0,171.0,10.0
2023-07-17T14:00:00Z,0.53,10.0,158.0,11.0
2023-07-17T15:00:00Z,0.36,10.0,148.0,8.0
2023-07-17T16:00:00Z,0.34,8.0,147.0,8.0
2023-07-17T17:00:00Z,0.35,8.0,144.0,7.0
2023-07-17T18:00:00Z,0.35,8.0,137.0,7.0
2023-07-17T19:00:00Z,0.35,8.0,128.0,7.0
2023-07-17T20:00:00Z,0.38,10.0,116.0,8.0
2023-07-17T21:00:00Z,0.39,9.0,106.0,8.0
2023-07-17T22:00:00Z,0.4,8.0,102.0,8.0
2023-07-17T23:00:00Z,0.42,9.0,95.0,9.0
2023-07-18T00:00:00Z,0.44,9.0,92.0,9.0
2023-07-18T01:00:00Z,0.44,9.0,88.0,8.0
2023-07-18T02:00:00Z,0.41,9.0,84.0,8.0
2023-07-18T03:00:00Z,0.42,9.0,82.0,9.0
2023-07-18T04:00:00Z,0.4,8.0,79.0,10.0
2023-07-18T05:00:00Z,0.38,8.0,75.0,9.0
2023-07-18T06:00:00Z,0.38,7.0,69.0,8.0
2023-07-18T07:00:00Z,0.38,8.0,63.0,7.0
2023-07-18T08:00:00Z,0.41,9.0,65.0,7.0
2023-07-18T09:00:00Z,0.44,10.0,69.0,7.0
2023-07-18T10:00:00Z,0.41,10.0,72.0,7.0
2023-07-18T11:00:00Z,0.44,9.0,89.0,7.0
2023-07-18T12:00:00Z,0.41,7.0,101.0,7.0
2023-07-18T13:00:00Z,0.41,5.0,97.0,7.0
2023-07-18T14:00:00Z,0.39,4.0,93.0,6.0
2023-07-18T15:00:00Z,0.36,5.0,93.0,7.0
2023-07-18T16:00:00Z,0.37,5.0,91.0,6.0
2023-07-18T17:00:00Z,0.37,5.0,95.0,7.0
2023-07-18T18:00:00Z,0.35,6.0,93.0,7.0
2023-07-18T19:00:00Z,0.34,7.0,88.0,7.0
2023-07-18T20:00:00Z,0.3,9.0,78.0,7.0
2023-07-18T21:00:00Z,0.29,7.0,71.0,6.0
2023-07-18T22:00:00Z,0.27,9.0,67.0,6.0
2023-07-18T23:00:00Z,0.29,11.0,61.0,7.0
2023-07-19T00:00:00Z,0.31,13.0,55.0,7.0
2023-07-19T01:00:00Z,0.31,13.0,49.0,7.0
2023-07-19T02:00:00Z,0.31,13.0,41.0,7.0
2023-07-19T03:00:00Z,0.31,13.0,35.0,7.0
2023-07-19T04:00:00Z,0.34,17.0,26.0,7.0
2023-07-19T05:00:00Z,0.34,20.0,20.0,7.0
2023-07-19T06:00:00Z,0.35,20.0,16.0,7.0
2023-07-19T07:00:00Z,0.36,17.0,20.0,7.0
2023-07-19T08:00:00Z,0.39,15.0,24.0,7.0
2023-07-19T09:00:00Z,0.41,15.0,25.0,7.0
2023-07-19T10:00:00Z,0.4,10.0,32.0,7.0
2023-07-19T11:00:00Z,0.37,6.0,49.0,7.0
2023-07-19T12:00:00Z,0.33,4.0,65.0,7.0
2023-07-19T13:00:00Z,0.33,4.0,71.0,7.0
2023-07-19T14:00:00Z,0.33,3.0,76.0,7.0
2023-07-19T15:00:00Z,0.35,5.0,71.0,6.0
2023-07-19T16:00:00Z,0.32,6.0,56.0,7.0
2023-07-19T17:00:00Z,0.34,6.0,47.0,6.0
2023-07-19T18:00:00Z,0.31,8.0,42.0,6.0
2023-07-19T19:00:00Z,0.29,7.0,42.0,6.0
2023-07-19T20:00:00Z,0.29,7.0,38.0,6.0
2023-07-19T21:00:00Z,0.33,7.0,37.0,6.0
2023-07-19T22:00:00Z,0.34,8.0,36.0,7.0
2023-07-19T23:00:00Z,0.4,8.0,34.0,7.0
2023-07-20T00:00:00Z,0.41,8.0,30.0,7.0
2023-07-20T01:00:00Z,0.35,13.0,24.0,7.0
2023-07-20T02:00:00Z,0.3,17.0,19.0,7.0
2023-07-20T03:00:00Z,0.29,17.0,18.0,7.0
2023-07-20T04:00:00Z,0.3,19.0,16.0,7.0
2023-07-20T05:00:00Z,0.31,15.0,21.0,7.0
2023-07-20T06:00:00Z,0.32,17.0,19.0,7.0
2023-07-20T07:00:00Z,0.4,17.0,19.0,8.0
2023-07-20T08:00:00Z,0.47,17.0,28.0,8.0
2023-07-20T09:00:00Z,0.53,14.0,39.0,8.0
2023-07-20T10:00:00Z,0.46,11.0,48.0,7.0
2023-07-20T11:00:00Z,0.49,7.0,55.0,7.0
2023-07-20T12:00:00Z,0.46,6.0,72.0,7.0
2023-07-20T13:00:00Z,0.44,5.0,81.0,6.0
2023-07-20T14:00:00Z,0.41,4.0,85.0,6.0
2023-07-20T15:00:00Z,0.37,5.0,83.0,6.0
2023-07-20T16:00:00Z,0.41,7.0,74.0,6.0
2023-07-20T17:00:00Z,0.44,12.0,65.0,6.0
2023-07-20T18:00:00Z,0.41,11.0,73.0,6.0
2023-07-20T19:00:00Z,0.4,10.0,79.0,6.0
2023-07-20T20:00:00Z,0.43,14.0,66.0,6.0
2023-07-20T21:00:00Z,0.42,13.0,58.0,6.0
2023-07-20T22:00:00Z,0.4,11.0,61.0,7.0
2023-07-20T23:00:00Z,0.41,9.0,63.0,7.0
2023-07-21T00:00:00Z,0.43,11.0,56.0,7.0
2023-07-21T01:00:00Z,0.4,12.0,50.0,6.0
2023-07-21T02:00:00Z,0.4,13.0,43.0,7.0
2023-07-21T03:00:00Z,0.39,14.0,35.0,7.0
2023-07-21T04:00:00Z,0.34,13.0,30.0,6.0
2023-07-21T05:00:00Z,0.33,13.0,26.0,7.0
2023-07-21T06:00:00Z,0.36,13.0,26.0,7.0
2023-07-21T07:00:00Z,0.36,13.0,27.0,7.0
2023-07-21T08:00:00Z,0.4,12.0,33.0,7.0
2023-07-21T09:00:00Z,0.37,8.0,44.0,6.0
2023-07-21T10:00:00Z,0.34,5.0,58.0,6.0
2023-07-21T11:00:00Z,0.32,4.0,69.0,6.0
2023-07-21T12:00:00Z,0.32,4.0,81.0,6.0
2023-07-21T13:00:00Z,0.32,3.0,89.0,6.0
2023-07-21T14:00:00Z,0.29,4.0,90.0,6.0
2023-07-21T15:00:00Z,0.3,5.0,88.0,6.0
2023-07-21T16:00:00Z,0.31,6.0,86.0,7.0
2023-07-21T17:00:00Z,0.31,8.0,86.0,6.0
2023-07-21T18:00:00Z,0.34,8.0,88.0,7.0
2023-07-21T19:00:00Z,0.34,8.0,90.0,6.0
2023-07-21T20:00:00Z,0.35,10.0,85.0,6.0
2023-07-21T21:00:00Z,0.36,12.0,77.0,6.0
2023-07-21T22:00:00Z,0.36,13.0,69.0,6.0
2023-07-21T23:00:00Z,0.38,16.0,57.0,7.0
2023-07-22T00:00:00Z,0.39,14.0,56.0,7.0
2023-07-22T01:00:00Z,0.4,12.0,52.0,7.0
2023-07-22T02:00:00Z,0.44,12.0,44.0,7.0
2023-07-22T03:00:00Z,0.38,4.0,77.0,6.0
2023-07-22T04:00:00Z,0.36,3.0,76.0,6.0
2023-07-22T05:00:00Z,0.38,5.0,61.0,6.0
2023-07-22T06:00:00Z,0.39,10.0,48.0,7.0
2023-07-22T07:00:00Z,0.4,10.0,54.0,7.0
2023-07-22T08:00:00Z,0.38,9.0,58.0,7.0
2023-07-22T09:00:00Z,0.4,6.0,61.0,6.0
2023-07-22T10:00:00Z,0.4,6.0,71.0,6.0
2023-07-22T11:00:00Z,0.39,5.0,86.0,6.0
2023-07-22T12:00:00Z,0.38,5.0,109.0,7.0
2023-07-22T13:00:00Z,0.38,4.0,120.0,7.0
2023-07-22T14:00:00Z,0.38,3.0,123.0,7.0
2023-07-22T15:00:00Z,0.36,4.0,120.0,7.0
2023-07-22T16:00:00Z,0.35,4.0,117.0,7.0
2023-07-22T17:00:00Z,0.36,4.0,116.0,7.0
2023-07-22T18:00:00Z,0.38,5.0,113.0,7.0
2023-07-22T19:00:00Z,0.38,6.0,108.0,7.0
2023-07-22T20:00:00Z,0.41,9.0,99.0,7.0
2023-07-22T21:00:00Z,0.46,16.0,80.0,7.0
2023-07-22T22:00:00Z,0.49,23.0,62.0,7.0
2023-07-22T23:00:00Z,0.5,25.0,52.0,8.0
2023-07-23T00:00:00Z,0.5,30.0,46.0,7.0
2023-07-23T01:00:00Z,0.53,37.0,41.0,7.0
2023-07-23T02:00:00Z,0.53,32.0,41.0,8.0
2023-07-23T03:00:00Z,0.53,29.0,30.0,7.0
2023-07-23T04:00:00Z,0.53,30.0,29.0,7.0
2023-07-23T05:00:00Z,0.59,33.0,26.0,8.0
2023-07-23T06:00:00Z,0.59,33.0,23.0,9.0
2023-07-23T07:00:00Z,0.65,31.0,29.0,9.0
2023-07-23T08:00:00Z,0.59,23.0,48.0,10.0
2023-07-23T09:00:00Z,0.55,16.0,75.0,9.0
2023-07-23T10:00:00Z,0.54,10.0,101.0,8.0
2023-07-23T11:00:00Z,0.5,7.0,119.0,8.0
2023-07-23T12:00:00Z,0.49,7.0,130.0,7.0
2023-07-23T13:00:00Z,0.45,4.0,139.0,7.0
2023-07-23T14:00:00Z,0.45,5.0,147.0,7.0
2023-07-23T15:00:00Z,0.45,5.0,147.0,7.0
2023-07-23T16:00:00Z,0.4,6.0,147.0,7.0
2023-07-23T17:00:00Z,0.41,9.0,140.0,7.0
2023-07-23T18:00:00Z,0.42,12.0,130.0,7.0
2023-07-23T19:00:00Z,0.44,14.0,119.0,7.0
2023-07-23T20:00:00Z,0.46,12.0,121.0,6.0
2023-07-23T21:00:00Z,0.46,11.0,119.0,6.0
2023-07-23T22:00:00Z,0.42,12.0,115.0,6.0
2023-07-23T23:00:00Z,0.4,15.0,102.0,6.0
2023-07-24T00:00:00Z,0.4,14.0,104.0,6.0
2023-07-24T01:00:00Z,0.45,12.0,96.0,7.0
2023-07-24T02:00:00Z,0.46,10.0,93.0,7.0
2023-07-24T03:00:00Z,0.44,9.0,90.0,7.0
2023-07-24T04:00:00Z,0.5,11.0,81.0,7.0
2023-07-24T05:00:00Z,0.53,17.0,61.0,7.0
2023-07-24T06:00:00Z,0.53,28.0,43.0,7.0
2023-07-24T07:00:00Z,0.54,33.0,38.0,7.0
2023-07-24T08:00:00Z,0.54,25.0,63.0,7.0
2023-07-24T09:00:00Z,0.55,19.0,88.0,7.0
2023-07-24T10:00:00Z,0.56,16.0,107.0,8.0
2023-07-24T11:00:00Z,0.57,11.0,138.0,8.0
2023-07-24T12:00:00Z,0.56,8.0,163.0,8.0
2023-07-24T13:00:00Z,0.55,8.0,169.0,7.0
2023-07-24T14:00:00Z,0.55,8.0,174.0,7.0
2023-07-24T15:00:00Z,0.53,9.0,176.0,7.0
2023-07-24T16:00:00Z,0.54,11.0,171.0,7.0
2023-07-24T17:00:00Z,0.56,15.0,158.0,7.0
2023-07-24T18:00:00Z,0.55,17.0,151.0,6.0
2023-07-24T19:00:00Z,0.56,14.0,144.0,6.0
2023-07-24T20:00:00Z,0.59,14.0,130.0,6.0
2023-07-24T21:00:00Z,0.59,16.0,117.0,7.0
2023-07-24T22:00:00Z,0.56,15.0,108.0,6.0
2023-07-24T23:00:00Z,0.55,12.0,102.0,6.0
2023-07-25T00:00:00Z,0.54,10.0,99.0,6.0
2023-07-25T01:00:00Z,0.51,9.0,98.0,6.0
2023-07-25T02:00:00Z,0.5,9.0,89.0,7.0
2023-07-25T03:00:00Z,0.51,11.0,78.0,7.0
2023-07-25T04:00:00Z,0.53,15.0,65.0,7.0
2023-07-25T05:00:00Z,0.55,22.0,48.0,7.0
2023-07-25T06:00:00Z,0.55,26.0,39.0,7.0
2023-07-25T07:00:00Z,0.56,26.0,39.0,7.0
2023-07-25T08:00:00Z,0.59,26.0,49.0,7.0
2023-07-25T09:00:00Z,0.54,12.0,109.0,7.0
2023-07-25T10:00:00Z,0.54,14.0,107.0,6.0
2023-07-25T11:00:00Z,0.6,23.0,87.0,7.0
2023-07-25T12:00:00Z,0.57,19.0,100.0,7.0
2023-07-25T13:00:00Z,0.56,13.0,131.0,7.0
2023-07-25T14:00:00Z,0.54,7.0,150.0,6.0
2023-07-25T15:00:00Z,0.5,6.0,160.0,7.0
2023-07-25T16:00:00Z,0.49,7.0,161.0,7.0
2023-07-25T17:00:00Z,0.52,9.0,160.0,7.0
2023-07-25T18:00:00Z,0.56,17.0,152.0,7.0
2023-07-25T19:00:00Z,0.57,19.0,139.0,7.0
2023-07-25T20:00:00Z,0.55,22.0,117.0,7.0
2023-07-25T21:00:00Z,0.54,15.0,100.0,7.0
2023-07-25T22:00:00Z,0.4,11.0,115.0,7.0
2023-07-25T23:00:00Z,0.44,15.0,89.0,7.0
2023-07-26T00:00:00Z,0.5,16.0,84.0,7.0
2023-07-26T01:00:00Z,0.46,8.0,110.0,6.0
2023-07-26T02:00:00Z,0.38,5.0,118.0,6.0
2023-07-26T03:00:00Z,0.41,7.0,113.0,6.0
2023-07-26T04:00:00Z,0.42,9.0,101.0,6.0
2023-07-26T05:00:00Z,0.4,11.0,94.0,8.0
2023-07-26T06:00:00Z,0.41,13.0,94.0,8.0
2023-07-26T07:00:00Z,0.41,13.0,92.0,7.0
2023-07-26T08:00:00Z,0.45,17.0,81.0,7.0
2023-07-26T09:00:00Z,0.46,19.0,80.0,7.0
2023-07-26T10:00:00Z,0.49,16.0,101.0,7.0
2023-07-26T11:00:00Z,0.56,12.0,106.0,8.0
2023-07-26T12:00:00Z,0.51,10.0,116.0,7.0
2023-07-26T13:00:00Z,0.47,8.0,117.0,7.0
2023-07-26T14:00:00Z,0.42,6.0,115.0,7.0
2023-07-26T15:00:00Z,0.39,5.0,116.0,7.0
2023-07-26T16:00:00Z,0.38,6.0,120.0,7.0
2023-07-26T17:00:00Z,0.38,6.0,120.0,7.0
2023-07-26T18:00:00Z,0.41,7.0,117.0,7.0
2023-07-26T19:00:00Z,0.4,8.0,108.0,7.0
2023-07-26T20:00:00Z,0.38,10.0,98.0,7.0
2023-07-26T21:00:00Z,0.36,10.0,93.0,7.0
2023-07-26T22:00:00Z,0.34,11.0,82.0,7.0
2023-07-26T23:00:00Z,0.34,11.0,70.0,7.0
2023-07-27T00:00:00Z,0.36,12.0,60.0,7.0
2023-07-27T01:00:00Z,0.36,15.0,52.0,7.0
2023-07-27T02:00:00Z,0.35,15.0,47.0,7.0
2023-07-27T03:00:00Z,0.37,15.0,42.0,7.0
2023-07-27T04:00:00Z,0.39,18.0,34.0,7.0
2023-07-27T05:00:00Z,0.45,18.0,31.0,7.0
2023-07-27T06:00:00Z,0.46,17.0,27.0,8.0
2023-07-27T07:00:00Z,0.49,17.0,25.0,7.0
2023-07-27T08:00:00Z,0.46,14.0,31.0,7.0
2023-07-27T09:00:00Z,0.44,11.0,38.0,7.0
2023-07-27T10:00:00Z,0.42,11.0,50.0,7.0
2023-07-27T11:00:00Z,0.37,10.0,58.0,7.0
2023-07-27T12:00:00Z,0.4,9.0,78.0,6.0
2023-07-27T13:00:00Z,0.39,7.0,99.0,7.0
2023-07-27T14:00:00Z,0.36,6.0,110.0,7.0
2023-07-27T15:00:00Z,0.35,6.0,112.0,7.0
2023-07-27T16:00:00Z,0.34,5.0,111.0,7.0
2023-07-27T17:00:00Z,0.33,5.0,109.0,6.0
2023-07-27T18:00:00Z,0.34,7.0,106.0,6.0
2023-07-27T19:00:00Z,0.33,8.0,96.0,6.0
2023-07-27T20:00:00Z,0.3,10.0,72.0,7.0
2023-07-27T21:00:00Z,0.31,11.0,58.0,7.0
2023-07-27T22:00:00Z,0.3,11.0,49.0,7.0
2023-07-27T23:00:00Z,0.29,11.0,49.0,7.0
2023-07-28T00:00:00Z,0.29,12.0,40.0,7.0
2023-07-28T01:00:00Z,0.33,13.0,29.0,7.0
2023-07-28T02:00:00Z,0.33,15.0,20.0,7.0
2023-07-28T03:00:00Z,0.33,13.0,18.0,7.0
2023-07-28T04:00:00Z,0.33,12.0,18.0,7.0
2023-07-28T05:00:00Z,0.33,12.0,16.0,7.0
2023-07-28T06:00:00Z,0.33,11.0,16.0,7.0
2023-07-28T07:00:00Z,0.3,10.0,18.0,7.0
2023-07-28T08:00:00Z,0.3,8.0,23.0,7.0
2023-07-28T09:00:00Z,0.29,6.0,30.0,7.0
2023-07-28T10:00:00Z,0.27,5.0,39.0,7.0
2023-07-28T11:00:00Z,0.29,5.0,47.0,7.0
2023-07-28T12:00:00Z,0.3,5.0,54.0,7.0
2023-07-28T13:00:00Z,0.31,4.0,64.0,7.0
2023-07-28T14:00:00Z,0.26,4.0,62.0,7.0
2023-07-28T15:00:00Z,0.29,6.0,53.0,6.0
2023-07-28T16:00:00Z,0.3,9.0,52.0,7.0
2023-07-28T17:00:00Z,0.29,6.0,56.0,6.0
2023-07-28T18:00:00Z,0.29,7.0,54.0,7.0
2023-07-28T19:00:00Z,0.3,9.0,47.0,6.0
2023-07-28T20:00:00Z,0.29,9.0,38.0,7.0
2023-07-28T21:00:00Z,0.3,9.0,32.0,7.0
2023-07-28T22:00:00Z,0.29,10.0,28.0,7.0
2023-07-28T23:00:00Z,0.29,9.0,24.0,7.0
2023-07-29T00:00:00Z,0.29,10.0,21.0,6.0
2023-07-29T01:00:00Z,0.29,10.0,19.0,7.0
2023-07-29T02:00:00Z,0.31,9.0,18.0,6.0
2023-07-29T03:00:00Z,0.3,9.0,19.0,6.0
2023-07-29T04:00:00Z,0.26,7.0,20.0,6.0
2023-07-29T05:00:00Z,0.26,5.0,20.0,7.0
2023-07-29T06:00:00Z,0.28,6.0,17.0,7.0
2023-07-29T07:00:00Z,0.28,6.0,17.0,7.0
2023-07-29T08:00:00Z,0.3,6.0,17.0,6.0
2023-07-29T09:00:00Z,0.3,6.0,20.0,6.0
2023-07-29T10:00:00Z,0.3,5.0,24.0,7.0
2023-07-29T11:00:00Z,0.3,5.0,36.0,7.0
2023-07-29T12:00:00Z,0.3,5.0,45.0,7.0
2023-07-29T13:00:00Z,0.3,5.0,52.0,7.0
2023-07-29T14:00:00Z,0.3,4.0,64.0,7.0
2023-07-29T15:00:00Z,0.3,5.0,70.0,6.0
2023-07-29T16:00:00Z,0.3,5.0,81.0,7.0
2023-07-29T17:00:00Z,0.3,5.0,85.0,7.0
2023-07-29T18:00:00Z,0.31,6.0,84.0,7.0
2023-07-29T19:00:00Z,0.3,7.0,80.0,7.0
2023-07-29T20:00:00Z,0.33,7.0,80.0,7.0
2023-07-29T21:00:00Z,0.33,7.0,79.0,7.0
2023-07-29T22:00:00Z,0.31,6.0,74.0,7.0
2023-07-29T23:00:00Z,0.32,5.0,64.0,6.0
2023-07-30T00:00:00Z,0.29,5.0,58.0,6.0
2023-07-30T01:00:00Z,0.3,5.0,55.0,6.0
2023-07-30T02:00:00Z,0.32,7.0,46.0,7.0
2023-07-30T03:00:00Z,0.3,10.0,31.0,7.0
2023-07-30T04:00:00Z,0.31,11.0,24.0,7.0
2023-07-30T05:00:00Z,0.31,11.0,21.0,7.0
2023-07-30T06:00:00Z,0.36,11.0,20.0,7.0
2023-07-30T07:00:00Z,0.4,10.0,23.0,7.0
2023-07-30T08:00:00Z,0.44,10.0,28.0,7.0
2023-07-30T09:00:00Z,0.36,9.0,37.0,7.0
2023-07-30T10:00:00Z,0.36,8.0,44.0,7.0
2023-07-30T11:00:00Z,0.42,8.0,53.0,7.0
2023-07-30T12:00:00Z,0.4,7.0,72.0,7.0
2023-07-30T13:00:00Z,0.39,5.0,85.0,7.0
2023-07-30T14:00:00Z,0.38,5.0,78.0,7.0
2023-07-30T15:00:00Z,0.38,7.0,71.0,7.0
2023-07-30T16:00:00Z,0.39,6.0,70.0,7.0
2023-07-30T17:00:00Z,0.39,7.0,72.0,6.0
2023-07-30T18:00:00Z,0.4,7.0,69.0,7.0
2023-07-30T19:00:00Z,0.4,7.0,66.0,6.0
2023-07-30T20:00:00Z,0.4,8.0,64.0,6.0
2023-07-30T21:00:00Z,0.39,8.0,61.0,7.0
2023-07-30T22:00:00Z,0.39,8.0,59.0,7.0
2023-07-30T23:00:00Z,0.39,8.0,59.0,7.0
2023-07-31T00:00:00Z,0.43,8.0,58.0,7.0
2023-07-31T01:00:00Z,0.41,9.0,55.0,7.0
2023-07-31T02:00:00Z,0.41,9.0,49.0,7.0
2023-07-31T03:00:00Z,0.41,9.0,44.0,7.0
2023-07-31T04:00:00Z,0.39,10.0,39.0,7.0
2023-07-31T05:00:00Z,0.4,11.0,36.0,7.0
2023-07-31T06:00:00Z,0.39,12.0,36.0,7.0
2023-07-31T07:00:00Z,0.43,13.0,35.0,8.0
2023-07-31T08:00:00Z,0.44,13.0,38.0,8.0
2023-07-31T09:00:00Z,0.41,11.0,47.0,8.0
2023-07-31T10:00:00Z,0.44,11.0,58.0,8.0
2023-07-31T11:00:00Z,0.44,9.0,77.0,8.0
2023-07-31T12:00:00Z,0.42,7.0,96.0,7.0
2023-07-31T13:00:00Z,0.39,5.0,108.0,7.0
2023-07-31T14:00:00Z,0.38,4.0,113.0,7.0
2023-07-31T15:00:00Z,0.36,4.0,113.0,7.0
2023-07-31T16:00:00Z,0.38,6.0,112.0,7.0
2023-07-31T17:00:00Z,0.38,5.0,108.0,7.0
2023-07-31T18:00:00Z,0.38,7.0,105.0,7.0
2023-07-31T19:00:00Z,0.4,10.0,95.0,7.0
2023-07-31T20:00:00Z,0.39,11.0,98.0,7.0
2023-07-31T21:00:00Z,0.41,10.0,92.0,7.0
2023-07-31T22:00:00Z,0.4,13.0,81.0,7.0
2023-07-31T23:00:00Z,0.44,15.0,70.0,7.0
2023-08-01T00:00:00Z,0.4,13.0,64.0,7.0
2023-08-01T01:00:00Z,0.34,10.0,50.0,7.0
2023-08-01T02:00:00Z,0.3,9.0,40.0,7.0
2023-08-01T03:00:00Z,0.29,9.0,32.0,7.0
2023-08-01T04:00:00Z,0.29,9.0,28.0,7.0
2023-08-01T05:00:00Z,0.28,10.0,24.0,7.0
2023-08-01T06:00:00Z,0.29,10.0,22.0,7.0
2023-08-01T07:00:00Z,0.29,10.0,23.0,7.0
2023-08-01T08:00:00Z,0.29,8.0,31.0,7.0
2023-08-01T09:00:00Z,0.29,7.0,43.0,8.0
2023-08-01T10:00:00Z,0.27,5.0,55.0,8.0
2023-08-01T11:00:00Z,0.24,4.0,61.0,7.0
2023-08-01T12:00:00Z,0.24,4.0,68.0,7.0
2023-08-01T13:00:00Z,0.25,4.0,73.0,7.0
2023-08-01T14:00:00Z,0.25,4.0,77.0,7.0
2023-08-01T15:00:00Z,0.25,4.0,75.0,7.0
2023-08-01T16:00:00Z,0.28,5.0,78.0,7.0
2023-08-01T17:00:00Z,0.25,5.0,78.0,7.0
2023-08-01T18:00:00Z,0.26,6.0,77.0,7.0
2023-08-01T19:00:00Z,0.28,8.0,72.0,7.0
2023-08-01T20:00:00Z,0.28,9.0,61.0,7.0
2023-08-01T21:00:00Z,0.28,11.0,48.0,7.0
2023-08-01T22:00:00Z,0.29,11.0,41.0,7.0
2023-08-01T23:00:00Z,0.29,14.0,36.0,7.0
2023-08-02T00:00:00Z,0.28,14.0,31.0,7.0
2023-08-02T01:00:00Z,0.28,15.0,25.0,7.0
2023-08-02T02:00:00Z,0.3,13.0,25.0,7.0
2023-08-02T03:00:00Z,0.28,12.0,24.0,7.0
2023-08-02T04:00:00Z,0.28,13.0,20.0,7.0
2023-08-02T05:00:00Z,0.28,13.0,19.0,7.0
2023-08-02T06:00:00Z,0.28,13.0,17.0,7.0
2023-08-02T07:00:00Z,0.29,12.0,18.0,7.0
2023-08-02T08:00:00Z,0.3,10.0,25.0,8.0
2023-08-02T09:00:00Z,0.34,9.0,32.0,7.0
2023-08-02T10:00:00Z,0.36,7.0,47.0,7.0
2023-08-02T11:00:00Z,0.36,6.0,61.0,7.0
2023-08-02T12:00:00Z,0.34,5.0,74.0,7.0
2023-08-02T13:00:00Z,0.31,4.0,81.0,7.0
2023-08-02T14:00:00Z,0.29,4.0,83.0,7.0
2023-08-02T15:00:00Z,0.32,4.0,86.0,7.0
2023-08-02T16:00:00Z,0.33,4.0,87.0,7.0
2023-08-02T17:00:00Z,0.34,5.0,84.0,7.0
2023-08-02T18:00:00Z,0.32,5.0,79.0,7.0
2023-08-02T19:00:00Z,0.34,6.0,74.0,7.0
2023-08-02T20:00:00Z,0.34,9.0,67.0,7.0
2023-08-02T21:00:00Z,0.34,12.0,59.0,7.0
2023-08-02T22:00:00Z,0.34,13.0,52.0,7.0
2023-08-02T23:00:00Z,0.35,13.0,48.0,7.0
2023-08-03T00:00:00Z,0.32,14.0,47.0,7.0
2023-08-03T01:00:00Z,0.31,15.0,45.0,7.0
2023-08-03T02:00:00Z,0.33,14.0,43.0,7.0
2023-08-03T03:00:00Z,0.3,14.0,39.0,8.0
2023-08-03T04:00:00Z,0.3,13.0,35.0,8.0
2023-08-03T05:00:00Z,0.29,13.0,33.0,8.0
2023-08-03T06:00:00Z,0.29,13.0,28.0,8.0
2023-08-03T07:00:00Z,0.29,12.0,26.0,9.0
2023-08-03T08:00:00Z,0.33,10.0,30.0,9.0
2023-08-03T09:00:00Z,0.42,10.0,41.0,9.0
2023-08-03T10:00:00Z,0.43,10.0,65.0,9.0
2023-08-03T11:00:00Z,0.49,9.0,97.0,9.0
2023-08-03T12:00:00Z,0.45,7.0,120.0,8.0
2023-08-03T13:00:00Z,0.45,5.0,130.0,7.0
2023-08-03T14:00:00Z,0.44,5.0,134.0,7.0
2023-08-03T15:00:00Z,0.44,5.0,136.0,7.0
2023-08-03T16:00:00Z,0.4,6.0,135.0,7.0
2023-08-03T17:00:00Z,0.42,6.0,134.0,7.0
2023-08-03T18:00:00Z,0.41,7.0,127.0,7.0
2023-08-03T19:00:00Z,0.4,8.0,114.0,7.0
2023-08-03T20:00:00Z,0.4,11.0,93.0,7.0
2023-08-03T21:00:00Z,0.34,10.0,69.0,7.0
2023-08-03T22:00:00Z,0.3,11.0,57.0,7.0
2023-08-03T23:00:00Z,0.29,12.0,49.0,7.0
2023-08-04T00:00:00Z,0.38,13.0,44.0,8.0
2023-08-04T01:00:00Z,0.33,17.0,41.0,8.0
2023-08-04T02:00:00Z,0.46,15.0,45.0,10.0
2023-08-04T03:00:00Z,0.38,16.0,43.0,9.0
2023-08-04T04:00:00Z,0.35,17.0,39.0,9.0
2023-08-04T05:00:00Z,0.36,17.0,35.0,8.0
2023-08-04T06:00:00Z,0.4,17.0,28.0,8.0
2023-08-04T07:00:00Z,0.44,16.0,27.0,8.0
2023-08-04T08:00:00Z,0.36,13.0,35.0,8.0
2023-08-04T09:00:00Z,0.33,11.0,49.0,9.0
2023-08-04T10:00:00Z,0.31,10.0,76.0,8.0
2023-08-04T11:00:00Z,0.33,7.0,111.0,8.0
2023-08-04T12:00:00Z,0.33,6.0,127.0,8.0
2023-08-04T13:00:00Z,0.34,6.0,130.0,7.0
2023-08-04T14:00:00Z,0.31,5.0,129.0,7.0
2023-08-04T15:00:00Z,0.3,5.0,122.0,7.0
2023-08-04T16:00:00Z,0.3,5.0,117.0,7.0
2023-08-04T17:00:00Z,0.29,6.0,108.0,7.0
2023-08-04T18:00:00Z,0.28,6.0,104.0,7.0
2023-08-04T19:00:00Z,0.29,8.0,97.0,7.0
2023-08-04T20:00:00Z,0.3,10.0,84.0,7.0
2023-08-04T21:00:00Z,0.31,12.0,72.0,7.0
2023-08-04T22:00:00Z,0.29,13.0,60.0,8.0
2023-08-04T23:00:00Z,0.31,13.0,55.0,8.0
2023-08-05T00:00:00Z,0.3,14.0,49.0,9.0
2023-08-05T01:00:00Z,0.33,16.0,44.0,9.0
2023-08-05T02:00:00Z,0.34,15.0,42.0,8.0
2023-08-05T03:00:00Z,0.31,16.0,40.0,8.0
2023-08-05T04:00:00Z,0.33,18.0,34.0,8.0
2023-08-05T05:00:00Z,0.34,23.0,25.0,8.0
2023-08-05T06:00:00Z,0.38,25.0,23.0,8.0
2023-08-05T07:00:00Z,0.4,23.0,28.0,8.0
2023-08-05T08:00:00Z,0.4,19.0,41.0,10.0
2023-08-05T09:00:00Z,0.42,16.0,64.0,10.0
2023-08-05T10:00:00Z,0.42,11.0,100.0,9.0
2023-08-05T11:00:00Z,0.41,8.0,132.0,9.0
2023-08-05T12:00:00Z,0.41,6.0,149.0,8.0
2023-08-05T13:00:00Z,0.4,5.0,150.0,8.0
2023-08-05T14:00:00Z,0.41,5.0,149.0,7.0
2023-08-05T15:00:00Z,0.42,6.0,144.0,7.0
2023-08-05T16:00:00Z,0.41,6.0,139.0,7.0
2023-08-05T17:00:00Z,0.41,7.0,140.0,7.0
2023-08-05T18:00:00Z,0.42,9.0,134.0,7.0
2023-08-05T19:00:00Z,0.51,12.0,117.0,7.0
2023-08-05T20:00:00Z,0.49,12.0,115.0,7.0
2023-08-05T21:00:00Z,0.4,7.0,108.0,7.0
2023-08-05T22:00:00Z,0.41,13.0,90.0,7.0
2023-08-05T23:00:00Z,0.46,16.0,75.0,7.0
2023-08-06T00:00:00Z,0.53,13.0,64.0,8.0
2023-08-06T01:00:00Z,0.57,13.0,56.0,8.0
2023-08-06T02:00:00Z,0.56,14.0,49.0,8.0
2023-08-06T03:00:00Z,0.52,14.0,47.0,9.0
2023-08-06T04:00:00Z,0.52,15.0,41.0,9.0
2023-08-06T05:00:00Z,0.55,15.0,38.0,9.0
2023-08-06T06:00:00Z,0.6,14.0,31.0,9.0
2023-08-06T07:00:00Z,0.66,16.0,23.0,8.0
2023-08-06T08:00:00Z,0.75,17.0,25.0,8.0
2023-08-06T09:00:00Z,0.65,15.0,34.0,8.0
2023-08-06T10:00:00Z,0.66,13.0,56.0,8.0
2023-08-06T11:00:00Z,0.68,12.0,88.0,9.0
2023-08-06T12:00:00Z,0.65,10.0,124.0,8.0
2023-08-06T13:00:00Z,0.6,7.0,151.0,8.0
2023-08-06T14:00:00Z,0.57,7.0,161.0,8.0
2023-08-06T15:00:00Z,0.5,7.0,154.0,8.0
2023-08-06T16:00:00Z,0.44,13.0,144.0,8.0
2023-08-06T17:00:00Z,0.46,10.0,131.0,7.0
2023-08-06T18:00:00Z,0.44,9.0,122.0,7.0
2023-08-06T19:00:00Z,0.44,12.0,113.0,7.0
2023-08-06T20:00:00Z,0.47,16.0,95.0,7.0
2023-08-06T21:00:00Z,0.47,16.0,86.0,7.0
2023-08-06T22:00:00Z,0.47,14.0,85.0,8.0
2023-08-06T23:00:00Z,0.47,12.0,82.0,8.0
2023-08-07T00:00:00Z,0.47,12.0,77.0,8.0
2023-08-07T01:00:00Z,0.45,14.0,72.0,8.0
2023-08-07T02:00:00Z,0.44,17.0,66.0,8.0
2023-08-07T03:00:00Z,0.37,16.0,61.0,8.0
2023-08-07T04:00:00Z,0.36,15.0,60.0,8.0
2023-08-07T05:00:00Z,0.36,17.0,54.0,9.0
2023-08-07T06:00:00Z,0.35,18.0,53.0,8.0
2023-08-07T07:00:00Z,0.36,18.0,57.0,9.0
2023-08-07T08:00:00Z,0.35,17.0,66.0,9.0
2023-08-07T09:00:00Z,0.35,15.0,78.0,9.0
2023-08-07T10:00:00Z,0.34,13.0,92.0,9.0
2023-08-07T11:00:00Z,0.34,11.0,110.0,9.0
2023-08-07T12:00:00Z,0.35,11.0,126.0,9.0
2023-08-07T13:00:00Z,0.34,9.0,136.0,8.0
2023-08-07T14:00:00Z,0.35,9.0,142.0,9.0
2023-08-07T15:00:00Z,0.36,10.0,143.0,9.0
2023-08-07T16:00:00Z,0.4,10.0,151.0,9.0
2023-08-07T17:00:00Z,0.42,11.0,160.0,10.0
2023-08-07T18:00:00Z,0.44,12.0,165.0,10.0
2023-08-07T19:00:00Z,0.41,15.0,157.0,9.0
2023-08-07T20:00:00Z,0.4,17.0,145.0,8.0
2023-08-07T21:00:00Z,0.41,20.0,136.0,8.0
2023-08-07T22:00:00Z,0.42,23.0,123.0,8.0
2023-08-07T23:00:00Z,0.42,21.0,110.0,8.0
2023-08-08T00:00:00Z,0.44,21.0,98.0,8.0
2023-08-08T01:00:00Z,0.46,24.0,82.0,9.0
2023-08-08T02:00:00Z,0.49,25.0,68.0,9.0
2023-08-08T03:00:00Z,0.47,25.0,58.0,9.0
2023-08-08T04:00:00Z,0.46,22.0,52.0,9.0
2023-08-08T05:00:00Z,0.44,27.0,42.0,10.0
2023-08-08T06:00:00Z,0.51,29.0,37.0,10.0
2023-08-08T07:00:00Z,0.49,27.0,41.0,11.0
2023-08-08T08:00:00Z,0.52,19.0,57.0,10.0
2023-08-08T09:00:00Z,0.44,17.0,72.0,10.0
2023-08-08T10:00:00Z,0.44,16.0,96.0,10.0
2023-08-08T11:00:00Z,0.45,14.0,121.0,10.0
2023-08-08T12:00:00Z,0.47,12.0,143.0,10.0
2023-08-08T13:00:00Z,0.46,11.0,149.0,10.0
2023-08-08T14:00:00Z,0.49,12.0,163.0,12.0
2023-08-08T15:00:00Z,0.51,14.0,170.0,13.0
2023-08-08T16:00:00Z,0.52,19.0,176.0,13.0
2023-08-08T17:00:00Z,0.5,21.0,170.0,11.0
2023-08-08T18:00:00Z,0.53,22.0,177.0,12.0
2023-08-08T19:00:00Z,0.54,29.0,158.0,11.0
2023-08-08T20:00:00Z,0.51,24.0,129.0,10.0
2023-08-08T21:00:00Z,0.54,20.0,113.0,11.0
2023-08-08T22:00:00Z,0.45,20.0,102.0,9.0
2023-08-08T23:00:00Z,0.45,21.0,92.0,9.0
2023-08-09T00:00:00Z,0.5,21.0,84.0,9.0
2023-08-09T01:00:00Z,0.5,25.0,72.0,9.0
2023-08-09T02:00:00Z,0.53,31.0,59.0,9.0
2023-08-09T03:00:00Z,0.58,32.0,53.0,9.0
2023-08-09T04:00:00Z,0.63,36.0,42.0,9.0
2023-08-09T05:00:00Z,0.7,44.0,33.0,10.0
2023-08-09T06:00:00Z,0.74,42.0,39.0,12.0
2023-08-09T07:00:00Z,0.79,34.0,57.0,16.0
2023-08-09T08:00:00Z,0.56,23.0,78.0,14.0
2023-08-09T09:00:00Z,0.47,16.0,103.0,11.0
2023-08-09T10:00:00Z,0.44,14.0,126.0,10.0
2023-08-09T11:00:00Z,0.43,13.0,147.0,9.0
2023-08-09T12:00:00Z,0.46,10.0,166.0,9.0
2023-08-09T13:00:00Z,0.5,10.0,182.0,11.0
2023-08-09T14:00:00Z,0.61,14.0,189.0,12.0
2023-08-09T15:00:00Z,0.57,14.0,194.0,12.0
2023-08-09T16:00:00Z,0.56,20.0,191.0,11.0
2023-08-09T17:00:00Z,0.56,21.0,197.0,11.0
2023-08-09T18:00:00Z,0.61,21.0,194.0,11.0
2023-08-09T19:00:00Z,0.5,18.0,182.0,10.0
2023-08-09T20:00:00Z,0.51,21.0,161.0,10.0
2023-08-09T21:00:00Z,0.51,20.0,156.0,11.0
2023-08-09T22:00:00Z,0.59,25.0,128.0,9.0
2023-08-09T23:00:00Z,0.53,29.0,111.0,10.0
2023-08-10T00:00:00Z,0.54,26.0,106.0,10.0
2023-08-10T01:00:00Z,0.51,28.0,101.0,10.0
2023-08-10T02:00:00Z,0.51,27.0,90.0,9.0
2023-08-10T03:00:00Z,0.5,25.0,85.0,9.0
2023-08-10T04:00:00Z,0.49,27.0,78.0,9.0
2023-08-10T05:00:00Z,0.51,31.0,71.0,9.0
2023-08-10T06:00:00Z,0.55,36.0,60.0,9.0
2023-08-10T07:00:00Z,0.61,41.0,58.0,9.0
2023-08-10T08:00:00Z,0.57,34.0,83.0,10.0
2023-08-10T09:00:00Z,0.57,25.0,118.0,12.0
2023-08-10T10:00:00Z,0.64,20.0,164.0,13.0
2023-08-10T11:00:00Z,0.63,16.0,202.0,13.0
2023-08-10T12:00:00Z,0.66,13.0,224.0,13.0
2023-08-10T13:00:00Z,0.66,11.0,230.0,13.0
2023-08-10T14:00:00Z,0.63,10.0,227.0,12.0
2023-08-10T15:00:00Z,0.63,9.0,226.0,13.0
2023-08-10T16:00:00Z,0.65,10.0,228.0,13.0
2023-08-10T17:00:00Z,0.61,10.0,222.0,11.0
2023-08-10T18:00:00Z,0.61,10.0,210.0,11.0
2023-08-10T19:00:00Z,0.65,11.0,209.0,11.0
2023-08-10T20:00:00Z,0.63,15.0,195.0,11.0
2023-08-10T21:00:00Z,0.64,17.0,171.0,10.0
2023-08-10T22:00:00Z,0.69,23.0,140.0,12.0
2023-08-10T23:00:00Z,0.68,22.0,125.0,11.0
2023-08-11T00:00:00Z,0.68,22.0,114.0,10.0
2023-08-11T01:00:00Z,0.68,24.0,104.0,10.0
2023-08-11T02:00:00Z,0.63,24.0,105.0,11.0
2023-08-11T03:00:00Z,0.65,24.0,100.0,12.0
2023-08-11T04:00:00Z,0.63,21.0,99.0,12.0
2023-08-11T05:00:00Z,0.6,28.0,84.0,13.0
2023-08-11T06:00:00Z,0.61,27.0,74.0,15.0
2023-08-11T07:00:00Z,0.57,31.0,57.0,12.0
2023-08-11T08:00:00Z,0.54,32.0,60.0,12.0
2023-08-11T09:00:00Z,0.64,30.0,90.0,13.0
2023-08-11T10:00:00Z,0.7,20.0,148.0,12.0
2023-08-11T11:00:00Z,0.71,14.0,188.0,11.0
2023-08-11T12:00:00Z,0.69,10.0,201.0,10.0
2023-08-11T13:00:00Z,0.72,9.0,205.0,9.0
2023-08-11T14:00:00Z,0.75,8.0,213.0,9.0
2023-08-11T15:00:00Z,0.66,8.0,206.0,9.0
2023-08-11T16:00:00Z,0.61,8.0,199.0,8.0
2023-08-11T17:00:00Z,0.59,8.0,193.0,8.0
2023-08-11T18:00:00Z,0.56,9.0,185.0,8.0
2023-08-11T19:00:00Z,0.6,9.0,178.0,8.0
2023-08-11T20:00:00Z,0.66,12.0,162.0,8.0
2023-08-11T21:00:00Z,0.74,13.0,143.0,9.0
2023-08-11T22:00:00Z,0.71,16.0,131.0,9.0
2023-08-11T23:00:00Z,0.71,15.0,126.0,8.0
2023-08-12T00:00:00Z,0.7,17.0,112.0,9.0
2023-08-12T01:00:00Z,0.74,16.0,110.0,9.0
2023-08-12T02:00:00Z,0.65,14.0,114.0,9.0
2023-08-12T03:00:00Z,0.69,14.0,103.0,9.0
2023-08-12T04:00:00Z,0.68,14.0,100.0,9.0
2023-08-12T05:00:00Z,0.65,14.0,100.0,9.0
2023-08-12T06:00:00Z,0.71,16.0,85.0,9.0
2023-08-12T07:00:00Z,0.74,20.0,81.0,9.0
2023-08-12T08:00:00Z,0.81,20.0,98.0,10.0
2023-08-12T09:00:00Z,0.75,18.0,126.0,11.0
2023-08-12T10:00:00Z,0.63,12.0,149.0,10.0
2023-08-12T11:00:00Z,0.53,7.0,162.0,9.0
2023-08-12T12:00:00Z,0.51,6.0,175.0,9.0
2023-08-12T13:00:00Z,0.49,6.0,173.0,8.0
2023-08-12T14:00:00Z,0.46,7.0,172.0,8.0
2023-08-12T15:00:00Z,0.49,11.0,164.0,8.0
2023-08-12T16:00:00Z,0.46,12.0,152.0,8.0
2023-08-12T17:00:00Z,0.5,10.0,140.0,9.0
2023-08-12T18:00:00Z,0.54,8.0,137.0,9.0
2023-08-12T19:00:00Z,0.63,9.0,112.0,9.0
2023-08-12T20:00:00Z,0.64,11.0,96.0,10.0
2023-08-12T21:00:00Z,0.53,11.0,87.0,11.0
2023-08-12T22:00:00Z,0.5,11.0,81.0,9.0
2023-08-12T23:00:00Z,0.5,11.0,78.0,10.0
2023-08-13T00:00:00Z,0.43,10.0,85.0,10.0
2023-08-13T01:00:00Z,0.4,11.0,89.0,10.0
2023-08-13T02:00:00Z,0.39,9.0,90.0,11.0
2023-08-13T03:00:00Z,0.39,5.0,100.0,9.0
2023-08-13T04:00:00Z,0.43,7.0,86.0,7.0
2023-08-13T05:00:00Z,0.5,9.0,71.0,9.0
2023-08-13T06:00:00Z,0.56,11.0,58.0,10.0
2023-08-13T07:00:00Z,0.54,13.0,49.0,10.0
2023-08-13T08:00:00Z,0.54,13.0,43.0,9.0
2023-08-13T09:00:00Z,0.55,14.0,42.0,8.0
2023-08-13T10:00:00Z,0.59,14.0,50.0,9.0
2023-08-13T11:00:00Z,0.64,13.0,64.0,10.0
2023-08-13T12:00:00Z,0.64,11.0,90.0,9.0
2023-08-13T13:00:00Z,0.64,10.0,111.0,9.0
2023-08-13T14:00:00Z,0.57,8.0,118.0,8.0
2023-08-13T15:00:00Z,0.53,8.0,137.0,8.0
2023-08-13T16:00:00Z,0.51,8.0,147.0,8.0
2023-08-13T17:00:00Z,0.53,9.0,148.0,8.0
2023-08-13T18:00:00Z,0.53,11.0,142.0,8.0
2023-08-13T19:00:00Z,0.51,12.0,135.0,8.0
2023-08-13T20:00:00Z,0.54,16.0,121.0,8.0
2023-08-13T21:00:00Z,0.51,18.0,103.0,8.0
2023-08-13T22:00:00Z,0.5,19.0,94.0,8.0
2023-08-13T23:00:00Z,0.51,19.0,83.0,8.0
2023-08-14T00:00:00Z,0.56,19.0,73.0,9.0
2023-08-14T01:00:00Z,0.63,19.0,64.0,11.0
2023-08-14T02:00:00Z,0.64,21.0,56.0,11.0
2023-08-14T03:00:00Z,0.65,26.0,47.0,11.0
2023-08-14T04:00:00Z,0.62,27.0,45.0,11.0
2023-08-14T05:00:00Z,0.69,30.0,39.0,11.0
2023-08-14T06:00:00Z,0.71,28.0,37.0,11.0
2023-08-14T07:00:00Z,0.74,29.0,40.0,12.0
2023-08-14T08:00:00Z,0.91,24.0,60.0,16.0
2023-08-14T09:00:00Z,0.86,17.0,98.0,14.0
2023-08-14T10:00:00Z,0.78,13.0,127.0,12.0
2023-08-14T11:00:00Z,0.7,12.0,140.0,12.0
2023-08-14T12:00:00Z,0.6,10.0,152.0,10.0
2023-08-14T13:00:00Z,0.56,9.0,160.0,10.0
2023-08-14T14:00:00Z,0.56,10.0,170.0,9.0
2023-08-14T15:00:00Z,0.51,13.0,164.0,9.0
2023-08-14T16:00:00Z,0.47,12.0,163.0,8.0
2023-08-14T17:00:00Z,0.43,16.0,159.0,8.0
2023-08-14T18:00:00Z,0.4,19.0,159.0,8.0
2023-08-14T19:00:00Z,0.4,19.0,157.0,8.0
2023-08-14T20:00:00Z,0.42,19.0,143.0,8.0
2023-08-14T21:00:00Z,0.51,21.0,118.0,9.0
2023-08-14T22:00:00Z,0.57,21.0,102.0,9.0
2023-08-14T23:00:00Z,0.6,21.0,94.0,9.0
2023-08-15T00:00:00Z,0.57,20.0,87.0,9.0
2023-08-15T01:00:00Z,0.58,18.0,80.0,9.0
2023-08-15T02:00:00Z,0.55,16.0,77.0,8.0
2023-08-15T03:00:00Z,0.5,20.0,69.0,8.0
2023-08-15T04:00:00Z,0.54,23.0,55.0,8.0
2023-08-15T05:00:00Z,0.58,30.0,38.0,8.0
2023-08-15T06:00:00Z,0.61,32.0,28.0,9.0
2023-08-15T07:00:00Z,0.65,33.0,30.0,10.0
2023-08-15T08:00:00Z,0.68,29.0,50.0,12.0
2023-08-15T09:00:00Z,0.69,21.0,85.0,13.0
2023-08-15T10:00:00Z,0.65,16.0,117.0,13.0
2023-08-15T11:00:00Z,0.6,11.0,151.0,12.0
2023-08-15T12:00:00Z,0.57,9.0,169.0,10.0
2023-08-15T13:00:00Z,0.57,8.0,180.0,9.0
2023-08-15T14:00:00Z,0.65,8.0,193.0,9.0
2023-08-15T15:00:00Z,0.7,8.0,196.0,9.0
2023-08-15T16:00:00Z,0.66,9.0,195.0,9.0
2023-08-15T17:00:00Z,0.64,11.0,186.0,9.0
2023-08-15T18:00:00Z,0.59,13.0,186.0,9.0
2023-08-15T19:00:00Z,0.65,15.0,189.0,8.0
2023-08-15T20:00:00Z,0.69,20.0,171.0,8.0
2023-08-15T21:00:00Z,0.71,20.0,155.0,8.0
2023-08-15T22:00:00Z,0.74,18.0,138.0,9.0
2023-08-15T23:00:00Z,0.71,21.0,110.0,9.0
2023-08-16T00:00:00Z,0.6,15.0,85.0,8.0
2023-08-16T01:00:00Z,0.54,13.0,75.0,8.0
2023-08-16T02:00:00Z,0.54,15.0,68.0,8.0
2023-08-16T03:00:00Z,0.54,20.0,54.0,8.0
2023-08-16T04:00:00Z,0.57,24.0,38.0,8.0
2023-08-16T05:00:00Z,0.57,26.0,31.0,8.0
2023-08-16T06:00:00Z,0.6,35.0,20.0,8.0
2023-08-16T07:00:00Z,0.63,36.0,22.0,8.0
2023-08-16T08:00:00Z,0.59,28.0,53.0,9.0
2023-08-16T09:00:00Z,0.54,18.0,96.0,9.0
2023-08-16T10:00:00Z,0.54,12.0,128.0,9.0
2023-08-16T11:00:00Z,0.5,9.0,147.0,9.0
2023-08-16T12:00:00Z,0.49,7.0,154.0,8.0
2023-08-16T13:00:00Z,0.47,7.0,154.0,8.0
2023-08-16T14:00:00Z,0.46,7.0,145.0,8.0
2023-08-16T15:00:00Z,0.46,6.0,146.0,8.0
2023-08-16T16:00:00Z,0.45,7.0,146.0,8.0
2023-08-16T17:00:00Z,0.45,8.0,145.0,8.0
2023-08-16T18:00:00Z,0.44,9.0,140.0,8.0
2023-08-16T19:00:00Z,0.46,11.0,126.0,7.0
2023-08-16T20:00:00Z,0.47,13.0,109.0,7.0
2023-08-16T21:00:00Z,0.46,16.0,94.0,7.0
2023-08-16T22:00:00Z,0.46,18.0,88.0,8.0
2023-08-16T23:00:00Z,0.47,18.0,87.0,8.0
2023-08-17T00:00:00Z,0.5,15.0,82.0,8.0
2023-08-17T01:00:00Z,0.54,15.0,76.0,9.0
2023-08-17T02:00:00Z,0.51,16.0,67.0,9.0
2023-08-17T03:00:00Z,0.49,18.0,56.0,8.0
2023-08-17T04:00:00Z,0.49,22.0,44.0,9.0
2023-08-17T05:00:00Z,0.5,22.0,43.0,9.0
2023-08-17T06:00:00Z,0.49,21.0,43.0,9.0
2023-08-17T07:00:00Z,0.53,22.0,49.0,11.0
2023-08-17T08:00:00Z,0.55,18.0,73.0,11.0
2023-08-17T09:00:00Z,0.56,17.0,91.0,10.0
2023-08-17T10:00:00Z,0.5,12.0,123.0,9.0
2023-08-17T11:00:00Z,0.47,9.0,156.0,8.0
2023-08-17T12:00:00Z,0.46,9.0,170.0,8.0
2023-08-17T13:00:00Z,0.47,7.0,175.0,8.0
2023-08-17T14:00:00Z,0.45,6.0,175.0,8.0
2023-08-17T15:00:00Z,0.46,7.0,175.0,8.0
2023-08-17T16:00:00Z,0.42,8.0,181.0,8.0
2023-08-17T17:00:00Z,0.48,9.0,178.0,8.0
2023-08-17T18:00:00Z,0.47,12.0,162.0,7.0
2023-08-17T19:00:00Z,0.47,13.0,157.0,7.0
2023-08-17T20:00:00Z,0.51,15.0,148.0,8.0
2023-08-17T21:00:00Z,0.51,17.0,129.0,8.0
2023-08-17T22:00:00Z,0.53,18.0,114.0,8.0
2023-08-17T23:00:00Z,0.55,16.0,100.0,8.0
2023-08-18T00:00:00Z,0.55,13.0,90.0,8.0
2023-08-18T01:00:00Z,0.54,12.0,80.0,7.0
2023-08-18T02:00:00Z,0.55,16.0,62.0,7.0
2023-08-18T03:00:00Z,0.56,23.0,47.0,7.0
2023-08-18T04:00:00Z,0.53,29.0,40.0,7.0
2023-08-18T05:00:00Z,0.54,27.0,49.0,8.0
2023-08-18T06:00:00Z,0.55,25.0,42.0,9.0
2023-08-18T07:00:00Z,0.55,25.0,39.0,8.0
2023-08-18T08:00:00Z,0.56,23.0,60.0,9.0
2023-08-18T09:00:00Z,0.59,15.0,93.0,9.0
2023-08-18T10:00:00Z,0.53,10.0,112.0,8.0
2023-08-18T11:00:00Z,0.46,6.0,132.0,8.0
2023-08-18T12:00:00Z,0.44,6.0,146.0,8.0
2023-08-18T13:00:00Z,0.46,5.0,154.0,8.0
2023-08-18T14:00:00Z,0.44,5.0,159.0,8.0
2023-08-18T15:00:00Z,0.46,6.0,164.0,8.0
2023-08-18T16:00:00Z,0.45,7.0,165.0,8.0
2023-08-18T17:00:00Z,0.46,9.0,156.0,8.0
2023-08-18T18:00:00Z,0.44,11.0,141.0,8.0
2023-08-18T19:00:00Z,0.46,11.0,132.0,8.0
2023-08-18T20:00:00Z,0.47,14.0,121.0,8.0
2023-08-18T21:00:00Z,0.46,17.0,112.0,8.0
2023-08-18T22:00:00Z,0.5,17.0,109.0,9.0
2023-08-18T23:00:00Z,0.51,18.0,99.0,8.0
2023-08-19T00:00:00Z,0.51,17.0,98.0,8.0
2023-08-19T01:00:00Z,0.49,15.0,104.0,8.0
2023-08-19T02:00:00Z,0.49,15.0,99.0,8.0
2023-08-19T03:00:00Z,0.49,15.0,93.0,10.0
2023-08-19T04:00:00Z,0.51,15.0,88.0,10.0
2023-08-19T05:00:00Z,0.51,21.0,69.0,9.0
2023-08-19T06:00:00Z,0.54,24.0,53.0,9.0
2023-08-19T07:00:00Z,0.51,24.0,51.0,8.0
2023-08-19T08:00:00Z,0.54,21.0,63.0,9.0
2023-08-19T09:00:00Z,0.51,13.0,86.0,9.0
2023-08-19T10:00:00Z,0.5,10.0,107.0,9.0
2023-08-19T11:00:00Z,0.49,7.0,120.0,8.0
2023-08-19T12:00:00Z,0.44,5.0,125.0,8.0
2023-08-19T13:00:00Z,0.42,5.0,124.0,8.0
2023-08-19T14:00:00Z,0.4,4.0,119.0,8.0
2023-08-19T15:00:00Z,0.39,4.0,117.0,7.0
2023-08-19T16:00:00Z,0.4,5.0,122.0,8.0
2023-08-19T17:00:00Z,0.39,6.0,128.0,8.0
2023-08-19T18:00:00Z,0.39,8.0,122.0,8.0
2023-08-19T19:00:00Z,0.4,10.0,112.0,8.0
2023-08-19T20:00:00Z,0.39,13.0,100.0,8.0
2023-08-19T21:00:00Z,0.39,14.0,99.0,8.0
2023-08-19T22:00:00Z,0.45,15.0,100.0,8.0
2023-08-19T23:00:00Z,0.45,16.0,90.0,8.0
2023-08-20T00:00:00Z,0.47,16.0,73.0,8.0
2023-08-20T01:00:00Z,0.45,15.0,62.0,8.0
2023-08-20T02:00:00Z,0.42,13.0,56.0,8.0
2023-08-20T03:00:00Z,0.44,13.0,51.0,8.0
2023-08-20T04:00:00Z,0.41,13.0,45.0,8.0
2023-08-20T05:00:00Z,0.47,16.0,37.0,8.0
2023-08-20T06:00:00Z,0.46,17.0,31.0,9.0
2023-08-20T07:00:00Z,0.47,16.0,30.0,10.0
2023-08-20T08:00:00Z,0.46,15.0,37.0,10.0
2023-08-20T09:00:00Z,0.46,13.0,49.0,10.0
2023-08-20T10:00:00Z,0.46,11.0,77.0,9.0
2023-08-20T11:00:00Z,0.44,9.0,110.0,9.0
2023-08-20T12:00:00Z,0.39,7.0,123.0,8.0
2023-08-20T13:00:00Z,0.38,5.0,125.0,8.0
2023-08-20T14:00:00Z,0.34,5.0,121.0,8.0
2023-08-20T15:00:00Z,0.33,5.0,121.0,8.0
2023-08-20T16:00:00Z,0.33,6.0,122.0,8.0
2023-08-20T17:00:00Z,0.35,6.0,119.0,8.0
2023-08-20T18:00:00Z,0.39,7.0,116.0,8.0
2023-08-20T19:00:00Z,0.41,9.0,114.0,8.0
2023-08-20T20:00:00Z,0.44,12.0,105.0,8.0
2023-08-20T21:00:00Z,0.44,13.0,90.0,8.0
2023-08-20T22:00:00Z,0.45,14.0,77.0,8.0
2023-08-20T23:00:00Z,0.44,14.0,63.0,8.0
2023-08-21T00:00:00Z,0.39,13.0,54.0,8.0
2023-08-21T01:00:00Z,0.38,12.0,49.0,8.0
2023-08-21T02:00:00Z,0.36,12.0,46.0,8.0
2023-08-21T03:00:00Z,0.37,11.0,49.0,8.0
2023-08-21T04:00:00Z,0.39,11.0,56.0,8.0
2023-08-21T05:00:00Z,0.4,9.0,62.0,8.0
2023-08-21T06:00:00Z,0.39,8.0,61.0,8.0
2023-08-21T07:00:00Z,0.42,10.0,58.0,9.0
2023-08-21T08:00:00Z,0.45,12.0,61.0,9.0
2023-08-21T09:00:00Z,0.5,13.0,71.0,9.0
2023-08-21T10:00:00Z,0.56,10.0,95.0,9.0
2023-08-21T11:00:00Z,0.5,9.0,112.0,9.0
2023-08-21T12:00:00Z,0.46,8.0,123.0,10.0
2023-08-21T13:00:00Z,0.42,7.0,131.0,9.0
2023-08-21T14:00:00Z,0.4,7.0,124.0,9.0
2023-08-21T15:00:00Z,0.4,8.0,111.0,8.0
2023-08-21T16:00:00Z,0.39,9.0,110.0,8.0
2023-08-21T17:00:00Z,0.38,12.0,110.0,8.0
2023-08-21T18:00:00Z,0.44,13.0,108.0,9.0
2023-08-21T19:00:00Z,0.47,13.0,104.0,9.0
2023-08-21T20:00:00Z,0.45,13.0,92.0,9.0
2023-08-21T21:00:00Z,0.47,14.0,82.0,9.0
2023-08-21T22:00:00Z,0.46,14.0,80.0,9.0
2023-08-21T23:00:00Z,0.45,15.0,78.0,9.0
2023-08-22T00:00:00Z,0.45,13.0,75.0,9.0
2023-08-22T01:00:00Z,0.45,14.0,71.0,9.0
2023-08-22T02:00:00Z,0.45,15.0,66.0,9.0
2023-08-22T03:00:00Z,0.44,13.0,68.0,10.0
2023-08-22T04:00:00Z,0.46,12.0,69.0,10.0
2023-08-22T05:00:00Z,0.49,13.0,62.0,10.0
2023-08-22T06:00:00Z,0.54,15.0,57.0,11.0
2023-08-22T07:00:00Z,0.57,18.0,54.0,13.0
2023-08-22T08:00:00Z,0.64,18.0,64.0,14.0
2023-08-22T09:00:00Z,0.63,13.0,99.0,14.0
2023-08-22T10:00:00Z,0.6,10.0,130.0,13.0
2023-08-22T11:00:00Z,0.59,10.0,148.0,21.0
2023-08-22T12:00:00Z,0.53,9.0,170.0,12.0
2023-08-22T13:00:00Z,0.57,8.0,185.0,12.0
2023-08-22T14:00:00Z,0.57,8.0,193.0,11.0
2023-08-22T15:00:00Z,0.56,9.0,197.0,11.0
2023-08-22T16:00:00Z,0.55,10.0,201.0,11.0
2023-08-22T17:00:00Z,0.64,11.0,201.0,11.0
2023-08-22T18:00:00Z,0.6,11.0,195.0,11.0
2023-08-22T19:00:00Z,0.49,12.0,176.0,9.0
2023-08-22T20:00:00Z,0.47,16.0,161.0,10.0
2023-08-22T21:00:00Z,0.53,21.0,145.0,12.0
2023-08-22T22:00:00Z,0.55,22.0,136.0,12.0
2023-08-22T23:00:00Z,0.53,28.0,116.0,13.0
2023-08-23T00:00:00Z,0.54,31.0,96.0,14.0
2023-08-23T01:00:00Z,0.53,30.0,88.0,13.0
2023-08-23T02:00:00Z,0.55,26.0,83.0,12.0
2023-08-23T03:00:00Z,0.56,28.0,75.0,12.0
2023-08-23T04:00:00Z,0.56,32.0,60.0,13.0
2023-08-23T05:00:00Z,0.57,33.0,47.0,12.0
2023-08-23T06:00:00Z,0.62,44.0,26.0,11.0
2023-08-23T07:00:00Z,0.7,43.0,27.0,10.0
2023-08-23T08:00:00Z,0.84,41.0,56.0,14.0
2023-08-23T09:00:00Z,0.8,29.0,109.0,15.0
2023-08-23T10:00:00Z,0.64,20.0,159.0,13.0
2023-08-23T11:00:00Z,0.54,13.0,185.0,10.0
2023-08-23T12:00:00Z,0.4,9.0,188.0,9.0
2023-08-23T13:00:00Z,0.43,9.0,187.0,8.0
2023-08-23T14:00:00Z,0.37,9.0,187.0,8.0
2023-08-23T15:00:00Z,0.4,9.0,192.0,8.0
2023-08-23T16:00:00Z,0.45,11.0,199.0,9.0
2023-08-23T17:00:00Z,0.54,13.0,206.0,9.0
2023-08-23T18:00:00Z,0.53,15.0,199.0,9.0
2023-08-23T19:00:00Z,0.53,17.0,191.0,9.0
2023-08-23T20:00:00Z,0.6,22.0,177.0,10.0
2023-08-23T21:00:00Z,0.63,24.0,155.0,9.0
2023-08-23T22:00:00Z,0.6,19.0,149.0,9.0
2023-08-23T23:00:00Z,0.56,17.0,140.0,9.0
2023-08-24T00:00:00Z,0.54,17.0,127.0,9.0
2023-08-24T01:00:00Z,0.5,21.0,110.0,9.0
2023-08-24T02:00:00Z,0.46,23.0,95.0,9.0
2023-08-24T03:00:00Z,0.45,26.0,80.0,9.0
2023-08-24T04:00:00Z,0.46,29.0,74.0,9.0
2023-08-24T05:00:00Z,0.46,27.0,70.0,9.0
2023-08-24T06:00:00Z,0.49,29.0,60.0,9.0
2023-08-24T07:00:00Z,0.5,31.0,63.0,10.0
2023-08-24T08:00:00Z,0.54,28.0,77.0,10.0
2023-08-24T09:00:00Z,0.53,25.0,98.0,11.0
2023-08-24T10:00:00Z,0.46,18.0,127.0,10.0
2023-08-24T11:00:00Z,0.43,13.0,162.0,9.0
2023-08-24T12:00:00Z,0.39,11.0,182.0,9.0
2023-08-24T13:00:00Z,0.36,10.0,192.0,9.0
2023-08-24T14:00:00Z,0.35,9.0,191.0,9.0
2023-08-24T15:00:00Z,0.36,10.0,189.0,8.0
2023-08-24T16:00:00Z,0.36,11.0,192.0,9.0
2023-08-24T17:00:00Z,0.45,12.0,197.0,9.0
2023-08-24T18:00:00Z,0.46,14.0,187.0,9.0
2023-08-24T19:00:00Z,0.49,16.0,167.0,10.0
2023-08-24T20:00:00Z,0.57,19.0,147.0,15.0
2023-08-24T21:00:00Z,0.67,21.0,142.0,12.0
2023-08-24T22:00:00Z,0.67,22.0,135.0,10.0
2023-08-24T23:00:00Z,0.71,30.0,119.0,15.0
2023-08-25T00:00:00Z,0.81,28.0,114.0,18.0
2023-08-25T01:00:00Z,0.84,24.0,114.0,20.0
2023-08-25T02:00:00Z,0.76,25.0,110.0,18.0
2023-08-25T03:00:00Z,0.8,24.0,102.0,16.0
2023-08-25T04:00:00Z,0.85,27.0,89.0,17.0
2023-08-25T05:00:00Z,0.84,31.0,74.0,16.0
2023-08-25T06:00:00Z,0.85,30.0,62.0,16.0
2023-08-25T07:00:00Z,0.83,30.0,57.0,17.0
2023-08-25T08:00:00Z,0.88,31.0,63.0,16.0
2023-08-25T09:00:00Z,1.0,30.0,98.0,16.0
2023-08-25T10:00:00Z,0.94,25.0,152.0,17.0
2023-08-25T11:00:00Z,0.79,19.0,195.0,14.0
2023-08-25T12:00:00Z,0.75,16.0,215.0,13.0
2023-08-25T13:00:00Z,0.66,12.0,218.0,11.0
2023-08-25T14:00:00Z,0.6,10.0,209.0,10.0
2023-08-25T15:00:00Z,0.59,10.0,199.0,9.0
2023-08-25T16:00:00Z,0.59,12.0,192.0,9.0
2023-08-25T17:00:00Z,0.55,13.0,179.0,10.0
2023-08-25T18:00:00Z,0.59,16.0,176.0,11.0
2023-08-25T19:00:00Z,0.59,18.0,164.0,10.0
2023-08-25T20:00:00Z,0.61,21.0,150.0,10.0
2023-08-25T21:00:00Z,0.66,29.0,127.0,10.0
2023-08-25T22:00:00Z,0.65,45.0,93.0,10.0
2023-08-25T23:00:00Z,0.55,29.0,105.0,9.0
2023-08-26T00:00:00Z,0.54,18.0,111.0,9.0
2023-08-26T01:00:00Z,0.54,18.0,111.0,9.0
2023-08-26T02:00:00Z,0.55,20.0,99.0,9.0
2023-08-26T03:00:00Z,0.57,21.0,88.0,9.0
2023-08-26T04:00:00Z,0.56,18.0,92.0,10.0
2023-08-26T05:00:00Z,0.55,16.0,100.0,10.0
2023-08-26T06:00:00Z,0.55,15.0,104.0,10.0
2023-08-26T07:00:00Z,0.56,15.0,102.0,9.0
2023-08-26T08:00:00Z,0.64,18.0,98.0,10.0
2023-08-26T09:00:00Z,0.61,16.0,104.0,10.0
2023-08-26T10:00:00Z,0.55,12.0,113.0,9.0
2023-08-26T11:00:00Z,0.51,12.0,116.0,9.0
2023-08-26T12:00:00Z,0.44,11.0,116.0,8.0
2023-08-26T13:00:00Z,0.42,9.0,118.0,8.0
2023-08-26T14:00:00Z,0.41,8.0,126.0,8.0
2023-08-26T15:00:00Z,0.42,10.0,121.0,8.0
2023-08-26T16:00:00Z,0.44,14.0,102.0,7.0
2023-08-26T17:00:00Z,0.4,15.0,98.0,7.0
2023-08-26T18:00:00Z,0.3,14.0,108.0,7.0
2023-08-26T19:00:00Z,0.39,21.0,101.0,7.0
2023-08-26T20:00:00Z,0.45,17.0,106.0,7.0
2023-08-26T21:00:00Z,0.46,12.0,123.0,7.0
2023-08-26T22:00:00Z,0.49,14.0,114.0,7.0
2023-08-26T23:00:00Z,0.54,14.0,105.0,8.0
2023-08-27T00:00:00Z,0.64,15.0,93.0,8.0
2023-08-27T01:00:00Z,0.65,13.0,88.0,8.0
2023-08-27T02:00:00Z,0.77,13.0,85.0,8.0
2023-08-27T03:00:00Z,0.8,12.0,81.0,8.0
2023-08-27T04:00:00Z,0.6,11.0,86.0,7.0
2023-08-27T05:00:00Z,0.54,8.0,94.0,7.0
2023-08-27T06:00:00Z,0.42,8.0,98.0,6.0
2023-08-27T07:00:00Z,0.4,8.0,100.0,7.0
2023-08-27T08:00:00Z,0.41,8.0,102.0,6.0
2023-08-27T09:00:00Z,0.39,9.0,106.0,6.0
2023-08-27T10:00:00Z,0.39,9.0,108.0,6.0
2023-08-27T11:00:00Z,0.37,10.0,106.0,7.0
2023-08-27T12:00:00Z,0.39,12.0,102.0,7.0
2023-08-27T13:00:00Z,0.39,12.0,102.0,6.0
2023-08-27T14:00:00Z,0.39,13.0,98.0,7.0
2023-08-27T15:00:00Z,0.4,13.0,96.0,7.0
2023-08-27T16:00:00Z,0.4,12.0,97.0,7.0
2023-08-27T17:00:00Z,0.4,12.0,96.0,6.0
2023-08-27T18:00:00Z,0.36,11.0,98.0,7.0
2023-08-27T19:00:00Z,0.37,12.0,97.0,7.0
2023-08-27T20:00:00Z,0.37,12.0,91.0,7.0
2023-08-27T21:00:00Z,0.41,10.0,77.0,7.0
2023-08-27T22:00:00Z,0.42,11.0,80.0,7.0
2023-08-27T23:00:00Z,0.44,11.0,84.0,7.0
2023-08-28T00:00:00Z,0.41,11.0,81.0,7.0
2023-08-28T01:00:00Z,0.42,11.0,80.0,7.0
2023-08-28T02:00:00Z,0.44,10.0,81.0,7.0
2023-08-28T03:00:00Z,0.47,9.0,80.0,7.0
2023-08-28T04:00:00Z,0.42,10.0,76.0,6.0
2023-08-28T05:00:00Z,0.46,11.0,73.0,6.0
2023-08-28T06:00:00Z,0.5,11.0,72.0,7.0
2023-08-28T07:00:00Z,0.54,12.0,70.0,7.0
2023-08-28T08:00:00Z,0.6,13.0,66.0,7.0
2023-08-28T09:00:00Z,0.61,13.0,67.0,7.0
2023-08-28T10:00:00Z,0.59,13.0,74.0,8.0
2023-08-28T11:00:00Z,0.53,13.0,88.0,8.0
2023-08-28T12:00:00Z,0.51,12.0,104.0,8.0
2023-08-28T13:00:00Z,0.47,10.0,114.0,7.0
2023-08-28T14:00:00Z,0.49,11.0,120.0,7.0
2023-08-28T15:00:00Z,0.49,12.0,122.0,8.0
2023-08-28T16:00:00Z,0.47,13.0,123.0,9.0
2023-08-28T17:00:00Z,0.51,14.0,126.0,9.0
2023-08-28T18:00:00Z,0.59,16.0,123.0,9.0
2023-08-28T19:00:00Z,0.58,18.0,110.0,8.0
2023-08-28T20:00:00Z,0.53,20.0,92.0,8.0
2023-08-28T21:00:00Z,0.59,25.0,77.0,10.0
2023-08-28T22:00:00Z,0.56,25.0,72.0,11.0
2023-08-28T23:00:00Z,0.53,24.0,68.0,9.0
2023-08-29T00:00:00Z,0.55,24.0,66.0,9.0
2023-08-29T01:00:00Z,0.58,22.0,70.0,9.0
2023-08-29T02:00:00Z,0.55,20.0,69.0,9.0
2023-08-29T03:00:00Z,0.56,21.0,62.0,8.0
2023-08-29T04:00:00Z,0.59,22.0,53.0,9.0
2023-08-29T05:00:00Z,0.54,21.0,53.0,8.0
2023-08-29T06:00:00Z,0.57,21.0,52.0,9.0
2023-08-29T07:00:00Z,0.63,23.0,52.0,9.0
2023-08-29T08:00:00Z,0.64,22.0,60.0,10.0
2023-08-29T09:00:00Z,0.61,17.0,77.0,10.0
2023-08-29T10:00:00Z,0.53,14.0,96.0,10.0
2023-08-29T11:00:00Z,0.47,12.0,112.0,10.0
2023-08-29T12:00:00Z,0.47,12.0,129.0,10.0
2023-08-29T13:00:00Z,0.47,12.0,145.0,10.0
2023-08-29T14:00:00Z,0.46,11.0,152.0,10.0
2023-08-29T15:00:00Z,0.4,11.0,149.0,9.0
2023-08-29T16:00:00Z,0.35,11.0,145.0,9.0
2023-08-29T17:00:00Z,0.33,11.0,150.0,9.0
2023-08-29T18:00:00Z,0.35,15.0,145.0,9.0
2023-08-29T19:00:00Z,0.4,18.0,138.0,11.0
2023-08-29T20:00:00Z,0.44,21.0,125.0,11.0
2023-08-29T21:00:00Z,0.53,27.0,110.0,12.0
2023-08-29T22:00:00Z,0.55,30.0,97.0,12.0
2023-08-29T23:00:00Z,0.57,33.0,82.0,14.0
2023-08-30T00:00:00Z,0.57,36.0,77.0,13.0
2023-08-30T01:00:00Z,0.61,35.0,73.0,13.0
2023-08-30T02:00:00Z,0.55,29.0,74.0,12.0
2023-08-30T03:00:00Z,0.57,30.0,62.0,11.0
2023-08-30T04:00:00Z,0.65,36.0,47.0,12.0
2023-08-30T05:00:00Z,0.7,44.0,32.0,12.0
2023-08-30T06:00:00Z,0.69,50.0,23.0,12.0
2023-08-30T07:00:00Z,0.66,44.0,31.0,13.0
2023-08-30T08:00:00Z,0.65,36.0,52.0,13.0
2023-08-30T09:00:00Z,0.6,25.0,81.0,13.0
2023-08-30T10:00:00Z,0.51,19.0,105.0,12.0
2023-08-30T11:00:00Z,0.49,15.0,130.0,11.0
2023-08-30T12:00:00Z,0.41,13.0,152.0,10.0
2023-08-30T13:00:00Z,0.35,10.0,164.0,9.0
2023-08-30T14:00:00Z,0.35,10.0,172.0,9.0
2023-08-30T15:00:00Z,0.37,11.0,175.0,9.0
2023-08-30T16:00:00Z,0.39,13.0,175.0,9.0
2023-08-30T17:00:00Z,0.39,15.0,171.0,9.0
2023-08-30T18:00:00Z,0.41,24.0,157.0,8.0
2023-08-30T19:00:00Z,0.41,19.0,151.0,8.0
2023-08-30T20:00:00Z,0.51,26.0,131.0,9.0
2023-08-30T21:00:00Z,0.53,22.0,128.0,9.0
2023-08-30T22:00:00Z,0.54,21.0,126.0,10.0
2023-08-30T23:00:00Z,0.54,21.0,117.0,9.0
2023-08-31T00:00:00Z,0.51,20.0,107.0,9.0
2023-08-31T01:00:00Z,0.53,22.0,99.0,9.0
2023-08-31T02:00:00Z,0.53,23.0,86.0,9.0
2023-08-31T03:00:00Z,0.51,20.0,81.0,8.0
2023-08-31T04:00:00Z,0.5,21.0,72.0,8.0
2023-08-31T05:00:00Z,0.54,23.0,63.0,8.0
2023-08-31T06:00:00Z,0.54,24.0,52.0,8.0
2023-08-31T07:00:00Z,0.55,31.0,50.0,9.0
2023-08-31T08:00:00Z,0.59,30.0,75.0,12.0
2023-08-31T09:00:00Z,0.6,23.0,105.0,11.0
2023-08-31T10:00:00Z,0.5,17.0,133.0,10.0
2023-08-31T11:00:00Z,0.43,11.0,164.0,8.0
2023-08-31T12:00:00Z,0.39,8.0,168.0,8.0
2023-08-31T13:00:00Z,0.36,7.0,168.0,8.0
2023-08-31T14:00:00Z,0.34,7.0,165.0,8.0
2023-08-31T15:00:00Z,0.33,8.0,161.0,8.0
2023-08-31T16:00:00Z,0.31,9.0,159.0,8.0
2023-08-31T17:00:00Z,0.31,9.0,156.0,7.0
2023-08-31T18:00:00Z,0.34,10.0,148.0,7.0
2023-08-31T19:00:00Z,0.33,12.0,134.0,7.0
2023-08-31T20:00:00Z,0.35,15.0,111.0,7.0
2023-08-31T21:00:00Z,0.33,18.0,104.0,7.0
2023-08-31T22:00:00Z,0.34,20.0,98.0,8.0
2023-08-31T23:00:00Z,0.36,18.0,98.0,9.0
2023-09-01T00:00:00Z,0.39,17.0,94.0,9.0
2023-09-01T01:00:00Z,0.44,20.0,84.0,9.0
2023-09-01T02:00:00Z,0.39,20.0,74.0,9.0
2023-09-01T03:00:00Z,0.39,20.0,68.0,8.0
2023-09-01T04:00:00Z,0.39,24.0,54.0,8.0
2023-09-01T05:00:00Z,0.4,28.0,41.0,8.0
2023-09-01T06:00:00Z,0.41,30.0,36.0,8.0
2023-09-01T07:00:00Z,0.46,41.0,24.0,8.0
2023-09-01T08:00:00Z,0.53,44.0,49.0,9.0
2023-09-01T09:00:00Z,0.44,27.0,98.0,10.0
2023-09-01T10:00:00Z,0.38,18.0,126.0,9.0
2023-09-01T11:00:00Z,0.38,15.0,149.0,9.0
2023-09-01T12:00:00Z,0.39,14.0,172.0,9.0
2023-09-01T13:00:00Z,0.36,11.0,191.0,9.0
2023-09-01T14:00:00Z,0.4,10.0,197.0,10.0
2023-09-01T15:00:00Z,0.37,11.0,198.0,10.0
2023-09-01T16:00:00Z,0.37,11.0,201.0,10.0
2023-09-01T17:00:00Z,0.36,11.0,198.0,9.0
2023-09-01T18:00:00Z,0.39,14.0,186.0,9.0
2023-09-01T19:00:00Z,0.45,16.0,172.0,9.0
2023-09-01T20:00:00Z,0.51,19.0,155.0,9.0
2023-09-01T21:00:00Z,0.55,21.0,146.0,9.0
2023-09-01T22:00:00Z,0.6,25.0,126.0,9.0
2023-09-01T23:00:00Z,0.63,28.0,112.0,9.0
2023-09-02T00:00:00Z,0.61,38.0,96.0,9.0
2023-09-02T01:00:00Z,0.61,35.0,85.0,9.0
2023-09-02T02:00:00Z,0.59,34.0,72.0,8.0
2023-09-02T03:00:00Z,0.63,41.0,51.0,8.0
2023-09-02T04:00:00Z,0.64,51.0,38.0,8.0
2023-09-02T05:00:00Z,0.65,55.0,37.0,9.0
2023-09-02T06:00:00Z,0.65,56.0,35.0,9.0
2023-09-02T07:00:00Z,0.75,55.0,44.0,10.0
2023-09-02T08:00:00Z,0.75,41.0,88.0,11.0
2023-09-02T09:00:00Z,0.7,26.0,139.0,13.0
2023-09-02T10:00:00Z,0.85,15.0,173.0,16.0
2023-09-02T11:00:00Z,1.04,13.0,187.0,16.0
2023-09-02T12:00:00Z,1.02,12.0,205.0,15.0
2023-09-02T13:00:00Z,0.88,11.0,214.0,13.0
2023-09-02T14:00:00Z,0.81,10.0,217.0,10.0
2023-09-02T15:00:00Z,0.76,11.0,218.0,9.0
2023-09-02T16:00:00Z,0.71,12.0,215.0,8.0
2023-09-02T17:00:00Z,0.69,12.0,211.0,8.0
2023-09-02T18:00:00Z,0.67,13.0,199.0,8.0
2023-09-02T19:00:00Z,0.64,15.0,184.0,8.0
2023-09-02T20:00:00Z,0.64,18.0,167.0,8.0
2023-09-02T21:00:00Z,0.63,20.0,151.0,8.0
2023-09-02T22:00:00Z,0.61,24.0,133.0,8.0
2023-09-02T23:00:00Z,0.56,21.0,129.0,9.0
2023-09-03T00:00:00Z,0.53,19.0,120.0,10.0
2023-09-03T01:00:00Z,0.54,17.0,103.0,9.0
2023-09-03T02:00:00Z,0.54,16.0,92.0,8.0
2023-09-03T03:00:00Z,0.52,17.0,83.0,8.0
2023-09-03T04:00:00Z,0.54,16.0,78.0,8.0
2023-09-03T05:00:00Z,0.55,17.0,75.0,9.0
2023-09-03T06:00:00Z,0.54,20.0,66.0,9.0
2023-09-03T07:00:00Z,0.56,23.0,60.0,10.0
2023-09-03T08:00:00Z,0.56,23.0,65.0,11.0
2023-09-03T09:00:00Z,0.56,17.0,80.0,11.0
2023-09-03T10:00:00Z,0.59,15.0,96.0,10.0
2023-09-03T11:00:00Z,0.56,12.0,119.0,10.0
2023-09-03T12:00:00Z,0.5,10.0,133.0,10.0
2023-09-03T13:00:00Z,0.44,10.0,145.0,10.0
2023-09-03T14:00:00Z,0.46,9.0,162.0,9.0
2023-09-03T15:00:00Z,0.53,11.0,173.0,9.0
2023-09-03T16:00:00Z,0.51,12.0,168.0,9.0
2023-09-03T17:00:00Z,0.46,12.0,146.0,9.0
2023-09-03T18:00:00Z,0.39,14.0,121.0,8.0
2023-09-03T19:00:00Z,0.35,17.0,104.0,8.0
2023-09-03T20:00:00Z,0.33,23.0,89.0,8.0
2023-09-03T21:00:00Z,0.36,28.0,73.0,8.0
2023-09-03T22:00:00Z,0.41,35.0,64.0,9.0
2023-09-03T23:00:00Z,0.42,31.0,75.0,12.0
2023-09-04T00:00:00Z,0.47,28.0,79.0,12.0
2023-09-04T01:00:00Z,0.44,27.0,73.0,11.0
2023-09-04T02:00:00Z,0.42,29.0,63.0,10.0
2023-09-04T03:00:00Z,0.45,29.0,52.0,9.0
2023-09-04T04:00:00Z,0.45,29.0,43.0,9.0
2023-09-04T05:00:00Z,0.46,33.0,32.0,9.0
2023-09-04T06:00:00Z,0.51,33.0,26.0,9.0
2023-09-04T07:00:00Z,0.54,32.0,26.0,10.0
2023-09-04T08:00:00Z,0.54,30.0,34.0,12.0
2023-09-04T09:00:00Z,0.59,26.0,54.0,13.0
2023-09-04T10:00:00Z,0.6,22.0,81.0,14.0
2023-09-04T11:00:00Z,0.49,17.0,110.0,13.0
2023-09-04T12:00:00Z,0.52,15.0,152.0,12.0
2023-09-04T13:00:00Z,0.55,12.0,181.0,12.0
2023-09-04T14:00:00Z,0.49,12.0,194.0,11.0
2023-09-04T15:00:00Z,0.53,12.0,200.0,11.0
2023-09-04T16:00:00Z,0.56,13.0,208.0,10.0
2023-09-04T17:00:00Z,0.59,15.0,196.0,12.0
2023-09-04T18:00:00Z,0.66,16.0,172.0,13.0
2023-09-04T19:00:00Z,0.56,19.0,134.0,13.0
2023-09-04T20:00:00Z,0.49,23.0,112.0,12.0
2023-09-04T21:00:00Z,0.45,26.0,100.0,10.0
2023-09-04T22:00:00Z,0.45,30.0,89.0,10.0
2023-09-04T23:00:00Z,0.47,31.0,81.0,13.0
2023-09-05T00:00:00Z,0.49,33.0,75.0,13.0
2023-09-05T01:00:00Z,0.47,39.0,55.0,10.0
2023-09-05T02:00:00Z,0.5,48.0,37.0,9.0
2023-09-05T03:00:00Z,0.56,45.0,34.0,11.0
2023-09-05T04:00:00Z,0.59,50.0,25.0,11.0
2023-09-05T05:00:00Z,0.57,47.0,24.0,13.0
2023-09-05T06:00:00Z,0.56,40.0,30.0,18.0
2023-09-05T07:00:00Z,0.59,37.0,36.0,20.0
2023-09-05T08:00:00Z,0.61,29.0,61.0,23.0
2023-09-05T09:00:00Z,0.6,20.0,80.0,17.0
2023-09-05T10:00:00Z,0.45,15.0,92.0,12.0
2023-09-05T11:00:00Z,0.43,11.0,114.0,9.0
2023-09-05T12:00:00Z,0.41,11.0,146.0,9.0
2023-09-05T13:00:00Z,0.4,9.0,157.0,9.0
2023-09-05T14:00:00Z,0.39,9.0,166.0,9.0
2023-09-05T15:00:00Z,0.41,10.0,171.0,9.0
2023-09-05T16:00:00Z,0.43,11.0,172.0,10.0
2023-09-05T17:00:00Z,0.43,13.0,166.0,10.0
2023-09-05T18:00:00Z,0.44,15.0,157.0,9.0
2023-09-05T19:00:00Z,0.5,23.0,133.0,10.0
2023-09-05T20:00:00Z,0.53,29.0,111.0,10.0
2023-09-05T21:00:00Z,0.5,38.0,87.0,10.0
2023-09-05T22:00:00Z,0.5,42.0,68.0,10.0
2023-09-05T23:00:00Z,0.46,34.0,70.0,10.0
2023-09-06T00:00:00Z,0.41,28.0,71.0,10.0
2023-09-06T01:00:00Z,0.39,29.0,61.0,10.0
2023-09-06T02:00:00Z,0.42,35.0,48.0,9.0
2023-09-06T03:00:00Z,0.44,35.0,42.0,9.0
2023-09-06T04:00:00Z,0.44,34.0,41.0,9.0
2023-09-06T05:00:00Z,0.44,35.0,39.0,10.0
2023-09-06T06:00:00Z,0.5,37.0,34.0,10.0
2023-09-06T07:00:00Z,0.5,33.0,44.0,14.0
2023-09-06T08:00:00Z,0.53,28.0,58.0,19.0
2023-09-06T09:00:00Z,0.95,21.0,81.0,23.0
2023-09-06T10:00:00Z,0.8,16.0,115.0,17.0
2023-09-06T11:00:00Z,0.48,13.0,142.0,10.0
2023-09-06T12:00:00Z,0.46,11.0,161.0,9.0
2023-09-06T13:00:00Z,0.43,11.0,178.0,9.0
2023-09-06T14:00:00Z,0.41,11.0,189.0,8.0
2023-09-06T15:00:00Z,0.43,12.0,201.0,8.0
2023-09-06T16:00:00Z,0.44,14.0,212.0,8.0
2023-09-06T17:00:00Z,0.47,16.0,217.0,9.0
2023-09-06T18:00:00Z,0.5,16.0,205.0,9.0
2023-09-06T19:00:00Z,0.59,17.0,173.0,9.0
2023-09-06T20:00:00Z,0.61,19.0,145.0,9.0
2023-09-06T21:00:00Z,0.56,22.0,132.0,9.0
2023-09-06T22:00:00Z,0.54,32.0,106.0,9.0
2023-09-06T23:00:00Z,0.54,39.0,87.0,9.0
2023-09-07T00:00:00Z,0.5,39.0,81.0,8.0
2023-09-07T01:00:00Z,0.51,45.0,66.0,10.0
2023-09-07T02:00:00Z,0.53,49.0,61.0,15.0
2023-09-07T03:00:00Z,0.51,41.0,61.0,15.0
2023-09-07T04:00:00Z,0.57,46.0,44.0,11.0
2023-09-07T05:00:00Z,0.66,47.0,38.0,10.0
2023-09-07T06:00:00Z,0.7,44.0,39.0,11.0
2023-09-07T07:00:00Z,0.74,44.0,44.0,13.0
2023-09-07T08:00:00Z,0.78,37.0,62.0,17.0
2023-09-07T09:00:00Z,0.67,27.0,100.0,19.0
2023-09-07T10:00:00Z,0.65,19.0,138.0,19.0
2023-09-07T11:00:00Z,0.62,14.0,163.0,12.0
2023-09-07T12:00:00Z,0.54,12.0,180.0,11.0
2023-09-07T13:00:00Z,0.51,10.0,189.0,10.0
2023-09-07T14:00:00Z,0.5,11.0,192.0,10.0
2023-09-07T15:00:00Z,0.49,11.0,191.0,10.0
2023-09-07T16:00:00Z,0.47,12.0,191.0,10.0
2023-09-07T17:00:00Z,0.47,13.0,185.0,11.0
2023-09-07T18:00:00Z,0.39,14.0,162.0,10.0
2023-09-07T19:00:00Z,0.4,19.0,149.0,8.0
2023-09-07T20:00:00Z,0.43,25.0,140.0,8.0
2023-09-07T21:00:00Z,0.44,24.0,135.0,8.0
2023-09-07T22:00:00Z,0.47,22.0,132.0,8.0
2023-09-07T23:00:00Z,0.49,22.0,113.0,8.0
2023-09-08T00:00:00Z,0.49,21.0,104.0,8.0
2023-09-08T01:00:00Z,0.51,22.0,92.0,8.0
2023-09-08T02:00:00Z,0.5,28.0,75.0,8.0
2023-09-08T03:00:00Z,0.53,31.0,65.0,8.0
2023-09-08T04:00:00Z,0.56,37.0,46.0,9.0
2023-09-08T05:00:00Z,0.55,38.0,38.0,9.0
2023-09-08T06:00:00Z,0.59,40.0,32.0,9.0
2023-09-08T07:00:00Z,0.63,40.0,30.0,9.0
2023-09-08T08:00:00Z,0.66,27.0,59.0,9.0
2023-09-08T09:00:00Z,0.64,16.0,83.0,7.0
2023-09-08T10:00:00Z,0.59,12.0,101.0,7.0
2023-09-08T11:00:00Z,0.58,12.0,118.0,7.0
2023-09-08T12:00:00Z,0.55,10.0,140.0,7.0
2023-09-08T13:00:00Z,0.49,9.0,163.0,8.0
2023-09-08T14:00:00Z,0.45,8.0,170.0,8.0
2023-09-08T15:00:00Z,0.42,10.0,170.0,7.0
2023-09-08T16:00:00Z,0.41,11.0,171.0,8.0
2023-09-08T17:00:00Z,0.39,13.0,168.0,8.0
2023-09-08T18:00:00Z,0.41,14.0,162.0,8.0
2023-09-08T19:00:00Z,0.47,18.0,150.0,8.0
2023-09-08T20:00:00Z,0.51,25.0,135.0,8.0
2023-09-08T21:00:00Z,0.55,25.0,131.0,9.0
2023-09-08T22:00:00Z,0.51,27.0,123.0,9.0
2023-09-08T23:00:00Z,0.49,24.0,120.0,8.0
2023-09-09T00:00:00Z,0.51,24.0,111.0,9.0
2023-09-09T01:00:00Z,0.53,25.0,97.0,9.0
2023-09-09T02:00:00Z,0.54,28.0,85.0,8.0
2023-09-09T03:00:00Z,0.51,31.0,68.0,8.0
2023-09-09T04:00:00Z,0.51,33.0,57.0,8.0
2023-09-09T05:00:00Z,0.52,33.0,46.0,9.0
2023-09-09T06:00:00Z,0.55,39.0,32.0,10.0
2023-09-09T07:00:00Z,0.59,40.0,27.0,11.0
2023-09-09T08:00:00Z,0.6,32.0,33.0,12.0
2023-09-09T09:00:00Z,0.55,24.0,51.0,11.0
2023-09-09T10:00:00Z,0.53,16.0,82.0,10.0
2023-09-09T11:00:00Z,0.54,14.0,118.0,9.0
2023-09-09T12:00:00Z,0.51,11.0,152.0,9.0
2023-09-09T13:00:00Z,0.45,9.0,164.0,8.0
2023-09-09T14:00:00Z,0.42,9.0,170.0,8.0
2023-09-09T15:00:00Z,0.42,10.0,171.0,8.0
2023-09-09T16:00:00Z,0.44,11.0,172.0,7.0
2023-09-09T17:00:00Z,0.42,14.0,170.0,8.0
2023-09-09T18:00:00Z,0.44,18.0,164.0,8.0
2023-09-09T19:00:00Z,0.49,19.0,160.0,8.0
2023-09-09T20:00:00Z,0.53,20.0,150.0,8.0
2023-09-09T21:00:00Z,0.5,19.0,141.0,8.0
2023-09-09T22:00:00Z,0.47,19.0,135.0,8.0
2023-09-09T23:00:00Z,0.45,18.0,128.0,8.0
2023-09-10T00:00:00Z,0.44,18.0,122.0,8.0
2023-09-10T01:00:00Z,0.47,19.0,114.0,8.0
2023-09-10T02:00:00Z,0.49,25.0,96.0,8.0
2023-09-10T03:00:00Z,0.51,27.0,79.0,10.0
2023-09-10T04:00:00Z,0.5,27.0,69.0,10.0
2023-09-10T05:00:00Z,0.54,27.0,59.0,10.0
2023-09-10T06:00:00Z,0.54,26.0,46.0,9.0
2023-09-10T07:00:00Z,0.51,28.0,39.0,10.0
2023-09-10T08:00:00Z,0.51,25.0,47.0,11.0
2023-09-10T09:00:00Z,0.55,20.0,69.0,11.0
2023-09-10T10:00:00Z,0.54,17.0,103.0,11.0
2023-09-10T11:00:00Z,0.5,14.0,142.0,10.0
2023-09-10T12:00:00Z,0.51,12.0,171.0,10.0
2023-09-10T13:00:00Z,0.51,12.0,181.0,10.0
2023-09-10T14:00:00Z,0.46,11.0,187.0,9.0
2023-09-10T15:00:00Z,0.45,11.0,193.0,9.0
2023-09-10T16:00:00Z,0.45,13.0,194.0,9.0
2023-09-10T17:00:00Z,0.42,14.0,187.0,8.0
2023-09-10T18:00:00Z,0.44,18.0,173.0,8.0
2023-09-10T19:00:00Z,0.51,22.0,161.0,8.0
2023-09-10T20:00:00Z,0.54,21.0,154.0,8.0
2023-09-10T21:00:00Z,0.57,20.0,140.0,8.0
2023-09-10T22:00:00Z,0.56,21.0,133.0,9.0
2023-09-10T23:00:00Z,0.53,19.0,135.0,10.0
2023-09-11T00:00:00Z,0.53,18.0,134.0,9.0
2023-09-11T01:00:00Z,0.55,20.0,119.0,9.0
2023-09-11T02:00:00Z,0.56,24.0,106.0,10.0
2023-09-11T03:00:00Z,0.56,24.0,96.0,9.0
2023-09-11T04:00:00Z,0.59,22.0,95.0,10.0
2023-09-11T05:00:00Z,0.59,35.0,71.0,9.0
2023-09-11T06:00:00Z,0.62,41.0,58.0,9.0
2023-09-11T07:00:00Z,0.65,47.0,49.0,9.0
2023-09-11T08:00:00Z,0.64,40.0,81.0,10.0
2023-09-11T09:00:00Z,0.57,30.0,108.0,13.0
2023-09-11T10:00:00Z,0.53,21.0,134.0,11.0
2023-09-11T11:00:00Z,0.47,18.0,143.0,9.0
2023-09-11T12:00:00Z,0.47,15.0,143.0,9.0
2023-09-11T13:00:00Z,0.46,13.0,154.0,10.0
2023-09-11T14:00:00Z,0.45,12.0,169.0,9.0
2023-09-11T15:00:00Z,0.46,13.0,169.0,9.0
2023-09-11T16:00:00Z,0.5,13.0,162.0,9.0
2023-09-11T17:00:00Z,0.49,16.0,148.0,9.0
2023-09-11T18:00:00Z,0.47,22.0,131.0,9.0
2023-09-11T19:00:00Z,0.53,29.0,113.0,9.0
2023-09-11T20:00:00Z,0.56,32.0,102.0,9.0
2023-09-11T21:00:00Z,0.59,26.0,104.0,9.0
2023-09-11T22:00:00Z,0.61,31.0,83.0,8.0
2023-09-11T23:00:00Z,0.65,30.0,72.0,8.0
2023-09-12T00:00:00Z,0.68,31.0,58.0,8.0
2023-09-12T01:00:00Z,0.86,43.0,38.0,9.0
2023-09-12T02:00:00Z,0.79,46.0,35.0,9.0
2023-09-12T03:00:00Z,0.82,48.0,36.0,9.0
2023-09-12T04:00:00Z,1.0,41.0,44.0,9.0
2023-09-12T05:00:00Z,1.18,40.0,43.0,10.0
2023-09-12T06:00:00Z,1.19,42.0,39.0,10.0
2023-09-12T07:00:00Z,1.17,41.0,32.0,9.0
2023-09-12T08:00:00Z,1.07,38.0,36.0,9.0
2023-09-12T09:00:00Z,1.01,38.0,44.0,10.0
2023-09-12T10:00:00Z,1.0,33.0,68.0,13.0
2023-09-12T11:00:00Z,0.92,28.0,90.0,10.0
2023-09-12T12:00:00Z,0.82,22.0,112.0,9.0
2023-09-12T13:00:00Z,0.68,13.0,128.0,7.0
2023-09-12T14:00:00Z,0.69,18.0,119.0,6.0
2023-09-12T15:00:00Z,0.7,22.0,110.0,8.0
2023-09-12T16:00:00Z,0.74,26.0,106.0,8.0
2023-09-12T17:00:00Z,0.76,28.0,95.0,8.0
2023-09-12T18:00:00Z,0.75,31.0,87.0,7.0
2023-09-12T19:00:00Z,0.68,25.0,91.0,7.0
2023-09-12T20:00:00Z,0.64,24.0,83.0,8.0
2023-09-12T21:00:00Z,0.59,21.0,81.0,7.0
2023-09-12T22:00:00Z,0.54,15.0,88.0,7.0
2023-09-12T23:00:00Z,0.51,14.0,89.0,7.0
2023-09-13T00:00:00Z,0.53,13.0,84.0,8.0
2023-09-13T01:00:00Z,0.55,16.0,83.0,7.0
2023-09-13T02:00:00Z,0.59,16.0,76.0,7.0
2023-09-13T03:00:00Z,0.59,18.0,62.0,7.0
2023-09-13T04:00:00Z,0.65,20.0,57.0,7.0
2023-09-13T05:00:00Z,0.64,20.0,54.0,7.0
2023-09-13T06:00:00Z,0.66,21.0,47.0,7.0
2023-09-13T07:00:00Z,0.67,23.0,42.0,7.0
2023-09-13T08:00:00Z,0.71,23.0,45.0,8.0
2023-09-13T09:00:00Z,0.67,18.0,66.0,8.0
2023-09-13T10:00:00Z,0.64,16.0,84.0,8.0
2023-09-13T11:00:00Z,0.48,13.0,104.0,7.0
2023-09-13T12:00:00Z,0.42,11.0,127.0,7.0
2023-09-13T13:00:00Z,0.41,12.0,139.0,7.0
2023-09-13T14:00:00Z,0.41,12.0,143.0,7.0
2023-09-13T15:00:00Z,0.4,12.0,146.0,7.0
2023-09-13T16:00:00Z,0.4,12.0,146.0,7.0
2023-09-13T17:00:00Z,0.4,14.0,146.0,7.0
2023-09-13T18:00:00Z,0.44,16.0,139.0,7.0
2023-09-13T19:00:00Z,0.51,24.0,117.0,7.0
2023-09-13T20:00:00Z,0.56,27.0,101.0,7.0
2023-09-13T21:00:00Z,0.57,29.0,90.0,8.0
2023-09-13T22:00:00Z,0.53,28.0,83.0,8.0
2023-09-13T23:00:00Z,0.51,24.0,81.0,8.0
2023-09-14T00:00:00Z,0.54,22.0,77.0,8.0
2023-09-14T01:00:00Z,0.56,27.0,64.0,9.0
2023-09-14T02:00:00Z,0.53,28.0,52.0,8.0
2023-09-14T03:00:00Z,0.53,33.0,36.0,8.0
2023-09-14T04:00:00Z,0.51,37.0,25.0,7.0
2023-09-14T05:00:00Z,0.5,41.0,22.0,8.0
2023-09-14T06:00:00Z,0.49,42.0,21.0,8.0
2023-09-14T07:00:00Z,0.56,44.0,22.0,9.0
2023-09-14T08:00:00Z,0.64,42.0,42.0,11.0
2023-09-14T09:00:00Z,0.69,30.0,77.0,13.0
2023-09-14T10:00:00Z,0.55,21.0,111.0,12.0
2023-09-14T11:00:00Z,0.5,15.0,142.0,10.0
2023-09-14T12:00:00Z,0.45,15.0,162.0,9.0
2023-09-14T13:00:00Z,0.42,14.0,174.0,9.0
2023-09-14T14:00:00Z,0.42,14.0,177.0,8.0
2023-09-14T15:00:00Z,0.41,13.0,181.0,8.0
2023-09-14T16:00:00Z,0.41,15.0,182.0,8.0
2023-09-14T17:00:00Z,0.41,17.0,189.0,8.0
2023-09-14T18:00:00Z,0.45,19.0,190.0,8.0
2023-09-14T19:00:00Z,0.51,29.0,161.0,8.0
2023-09-14T20:00:00Z,0.54,30.0,139.0,8.0
2023-09-14T21:00:00Z,0.59,29.0,126.0,10.0
2023-09-14T22:00:00Z,0.54,29.0,111.0,10.0
2023-09-14T23:00:00Z,0.51,30.0,103.0,10.0
2023-09-15T00:00:00Z,0.51,29.0,97.0,10.0
2023-09-15T01:00:00Z,0.5,29.0,89.0,10.0
2023-09-15T02:00:00Z,0.5,35.0,69.0,9.0
2023-09-15T03:00:00Z,0.49,40.0,56.0,9.0
2023-09-15T04:00:00Z,0.51,49.0,36.0,9.0
2023-09-15T05:00:00Z,0.53,47.0,33.0,10.0
2023-09-15T06:00:00Z,0.55,49.0,25.0,9.0
2023-09-15T07:00:00Z,0.57,49.0,28.0,9.0
2023-09-15T08:00:00Z,0.59,46.0,58.0,12.0
2023-09-15T09:00:00Z,0.51,30.0,104.0,12.0
2023-09-15T10:00:00Z,0.55,21.0,128.0,12.0
2023-09-15T11:00:00Z,0.46,16.0,145.0,11.0
2023-09-15T12:00:00Z,0.42,13.0,159.0,9.0
2023-09-15T13:00:00Z,0.38,12.0,174.0,10.0
2023-09-15T14:00:00Z,0.39,13.0,186.0,9.0
2023-09-15T15:00:00Z,0.42,17.0,192.0,9.0
2023-09-15T16:00:00Z,0.45,17.0,197.0,10.0
2023-09-15T17:00:00Z,0.42,16.0,179.0,9.0
2023-09-15T18:00:00Z,0.39,18.0,155.0,9.0
2023-09-15T19:00:00Z,0.38,29.0,116.0,8.0
2023-09-15T20:00:00Z,0.39,38.0,87.0,8.0
2023-09-15T21:00:00Z,0.42,30.0,89.0,10.0
2023-09-15T22:00:00Z,0.44,25.0,91.0,8.0
2023-09-15T23:00:00Z,0.46,25.0,83.0,8.0
2023-09-16T00:00:00Z,0.47,24.0,76.0,8.0
2023-09-16T01:00:00Z,0.49,22.0,74.0,9.0
2023-09-16T02:00:00Z,0.5,20.0,70.0,9.0
2023-09-16T03:00:00Z,0.5,24.0,58.0,8.0
2023-09-16T04:00:00Z,0.51,23.0,49.0,9.0
2023-09-16T05:00:00Z,0.55,36.0,30.0,8.0
2023-09-16T06:00:00Z,0.57,45.0,14.0,8.0
2023-09-16T07:00:00Z,0.6,48.0,13.0,9.0
2023-09-16T08:00:00Z,0.61,39.0,35.0,11.0
2023-09-16T09:00:00Z,0.54,26.0,73.0,12.0
2023-09-16T10:00:00Z,0.46,19.0,107.0,10.0
2023-09-16T11:00:00Z,0.44,16.0,132.0,9.0
2023-09-16T12:00:00Z,0.41,14.0,152.0,8.0
2023-09-16T13:00:00Z,0.39,13.0,166.0,8.0
2023-09-16T14:00:00Z,0.36,13.0,173.0,8.0
2023-09-16T15:00:00Z,0.33,13.0,165.0,8.0
2023-09-16T16:00:00Z,0.3,14.0,163.0,8.0
2023-09-16T17:00:00Z,0.34,16.0,162.0,8.0
2023-09-16T18:00:00Z,0.38,21.0,149.0,7.0
2023-09-16T19:00:00Z,0.41,19.0,133.0,8.0
2023-09-16T20:00:00Z,0.47,21.0,115.0,7.0
2023-09-16T21:00:00Z,0.49,23.0,106.0,8.0
2023-09-16T22:00:00Z,0.51,23.0,97.0,8.0
2023-09-16T23:00:00Z,0.54,21.0,90.0,8.0
2023-09-17T00:00:00Z,0.51,20.0,85.0,7.0
2023-09-17T01:00:00Z,0.5,22.0,75.0,7.0
2023-09-17T02:00:00Z,0.5,23.0,66.0,7.0
2023-09-17T03:00:00Z,0.47,25.0,60.0,8.0
2023-09-17T04:00:00Z,0.5,27.0,53.0,8.0
2023-09-17T05:00:00Z,0.5,41.0,32.0,9.0
2023-09-17T06:00:00Z,0.56,45.0,25.0,9.0
2023-09-17T07:00:00Z,0.57,41.0,30.0,8.0
2023-09-17T08:00:00Z,0.56,38.0,46.0,11.0
2023-09-17T09:00:00Z,0.52,25.0,69.0,11.0
2023-09-17T10:00:00Z,0.5,20.0,91.0,9.0
2023-09-17T11:00:00Z,0.44,13.0,121.0,8.0
2023-09-17T12:00:00Z,0.41,9.0,139.0,7.0
2023-09-17T13:00:00Z,0.39,8.0,149.0,7.0
2023-09-17T14:00:00Z,0.38,8.0,152.0,7.0
2023-09-17T15:00:00Z,0.36,8.0,155.0,7.0
2023-09-17T16:00:00Z,0.38,9.0,158.0,7.0
2023-09-17T17:00:00Z,0.4,11.0,159.0,7.0
2023-09-17T18:00:00Z,0.41,14.0,155.0,7.0
2023-09-17T19:00:00Z,0.44,22.0,135.0,7.0
2023-09-17T20:00:00Z,0.49,27.0,114.0,8.0
2023-09-17T21:00:00Z,0.55,23.0,100.0,8.0
2023-09-17T22:00:00Z,0.54,18.0,93.0,8.0
2023-09-17T23:00:00Z,0.55,17.0,88.0,8.0
2023-09-18T00:00:00Z,0.6,16.0,83.0,8.0
2023-09-18T01:00:00Z,0.65,15.0,79.0,8.0
2023-09-18T02:00:00Z,0.61,17.0,74.0,8.0
2023-09-18T03:00:00Z,0.57,17.0,74.0,8.0
2023-09-18T04:00:00Z,0.64,16.0,75.0,8.0
2023-09-18T05:00:00Z,0.62,15.0,77.0,8.0
2023-09-18T06:00:00Z,0.61,16.0,72.0,8.0
2023-09-18T07:00:00Z,0.65,19.0,66.0,9.0
2023-09-18T08:00:00Z,0.72,23.0,63.0,10.0
2023-09-18T09:00:00Z,0.75,24.0,70.0,10.0
2023-09-18T10:00:00Z,0.74,21.0,90.0,11.0
2023-09-18T11:00:00Z,0.75,19.0,108.0,14.0
2023-09-18T12:00:00Z,0.75,15.0,137.0,13.0
2023-09-18T13:00:00Z,0.69,12.0,156.0,11.0
2023-09-18T14:00:00Z,0.64,10.0,161.0,9.0
2023-09-18T15:00:00Z,0.6,13.0,139.0,8.0
2023-09-18T16:00:00Z,0.63,17.0,122.0,7.0
2023-09-18T17:00:00Z,0.57,12.0,124.0,7.0
2023-09-18T18:00:00Z,0.6,19.0,105.0,7.0
2023-09-18T19:00:00Z,0.66,23.0,90.0,7.0
2023-09-18T20:00:00Z,0.66,22.0,92.0,7.0
2023-09-18T21:00:00Z,0.64,17.0,99.0,7.0
2023-09-18T22:00:00Z,0.64,23.0,85.0,7.0
2023-09-18T23:00:00Z,0.65,23.0,77.0,7.0
2023-09-19T00:00:00Z,0.65,23.0,78.0,7.0
2023-09-19T01:00:00Z,0.66,23.0,85.0,8.0
2023-09-19T02:00:00Z,0.59,11.0,104.0,7.0
2023-09-19T03:00:00Z,0.46,10.0,99.0,7.0
2023-09-19T04:00:00Z,0.45,15.0,88.0,6.0
2023-09-19T05:00:00Z,0.49,13.0,85.0,7.0
2023-09-19T06:00:00Z,0.5,21.0,63.0,7.0
2023-09-19T07:00:00Z,0.57,28.0,58.0,7.0
2023-09-19T08:00:00Z,0.72,28.0,49.0,8.0
2023-09-19T09:00:00Z,0.94,29.0,39.0,8.0
2023-09-19T10:00:00Z,1.0,28.0,44.0,8.0
2023-09-19T11:00:00Z,0.96,25.0,54.0,8.0
2023-09-19T12:00:00Z,0.94,21.0,74.0,8.0
2023-09-19T13:00:00Z,0.9,20.0,83.0,8.0
2023-09-19T14:00:00Z,0.9,18.0,91.0,8.0
2023-09-19T15:00:00Z,0.85,15.0,110.0,7.0
2023-09-19T16:00:00Z,0.89,18.0,99.0,7.0
2023-09-19T17:00:00Z,0.81,18.0,88.0,6.0
2023-09-19T18:00:00Z,0.63,18.0,74.0,6.0
2023-09-19T19:00:00Z,0.6,21.0,60.0,6.0
2023-09-19T20:00:00Z,0.59,20.0,60.0,6.0
2023-09-19T21:00:00Z,0.69,14.0,82.0,6.0
2023-09-19T22:00:00Z,0.69,10.0,98.0,6.0
2023-09-19T23:00:00Z,0.53,9.0,102.0,6.0
2023-09-20T00:00:00Z,0.45,8.0,106.0,6.0
2023-09-20T01:00:00Z,0.36,6.0,115.0,6.0
2023-09-20T02:00:00Z,0.34,7.0,117.0,6.0
2023-09-20T03:00:00Z,0.35,9.0,108.0,6.0
2023-09-20T04:00:00Z,0.39,9.0,106.0,6.0
2023-09-20T05:00:00Z,0.41,9.0,108.0,6.0
2023-09-20T06:00:00Z,0.43,12.0,94.0,6.0
2023-09-20T07:00:00Z,0.41,15.0,81.0,7.0
2023-09-20T08:00:00Z,0.45,16.0,86.0,9.0
2023-09-20T09:00:00Z,0.5,14.0,92.0,10.0
2023-09-20T10:00:00Z,0.5,13.0,108.0,10.0
2023-09-20T11:00:00Z,0.45,12.0,120.0,9.0
2023-09-20T12:00:00Z,0.47,12.0,130.0,8.0
2023-09-20T13:00:00Z,0.47,11.0,136.0,8.0
2023-09-20T14:00:00Z,0.42,12.0,133.0,8.0
2023-09-20T15:00:00Z,0.41,13.0,130.0,7.0
2023-09-20T16:00:00Z,0.37,15.0,130.0,8.0
2023-09-20T17:00:00Z,0.41,17.0,130.0,8.0
2023-09-20T18:00:00Z,0.45,23.0,119.0,8.0
2023-09-20T19:00:00Z,0.42,31.0,99.0,7.0
2023-09-20T20:00:00Z,0.4,32.0,84.0,8.0
2023-09-20T21:00:00Z,0.33,31.0,75.0,9.0
2023-09-20T22:00:00Z,0.33,27.0,75.0,8.0
2023-09-20T23:00:00Z,0.31,23.0,77.0,7.0
2023-09-21T00:00:00Z,0.3,21.0,77.0,8.0
2023-09-21T01:00:00Z,0.3,20.0,75.0,7.0
2023-09-21T02:00:00Z,0.31,20.0,72.0,8.0
2023-09-21T03:00:00Z,0.36,21.0,71.0,10.0
2023-09-21T04:00:00Z,0.35,21.0,69.0,9.0
2023-09-21T05:00:00Z,0.31,22.0,62.0,8.0
2023-09-21T06:00:00Z,0.34,27.0,53.0,8.0
2023-09-21T07:00:00Z,0.45,32.0,48.0,9.0
2023-09-21T08:00:00Z,0.59,37.0,44.0,11.0
2023-09-21T09:00:00Z,0.61,38.0,43.0,11.0
2023-09-21T10:00:00Z,0.51,26.0,69.0,11.0
2023-09-21T11:00:00Z,0.34,20.0,77.0,9.0
2023-09-21T12:00:00Z,0.31,17.0,83.0,8.0
2023-09-21T13:00:00Z,0.29,14.0,92.0,7.0
2023-09-21T14:00:00Z,0.29,13.0,106.0,7.0
2023-09-21T15:00:00Z,0.28,13.0,114.0,8.0
2023-09-21T16:00:00Z,0.26,13.0,120.0,7.0
2023-09-21T17:00:00Z,0.33,14.0,125.0,8.0
2023-09-21T18:00:00Z,0.34,18.0,120.0,9.0
2023-09-21T19:00:00Z,0.41,25.0,101.0,8.0
2023-09-21T20:00:00Z,0.53,30.0,84.0,9.0
2023-09-21T21:00:00Z,0.59,33.0,70.0,10.0
2023-09-21T22:00:00Z,0.61,38.0,53.0,8.0
2023-09-21T23:00:00Z,0.55,42.0,44.0,7.0
2023-09-22T00:00:00Z,0.59,51.0,30.0,7.0
2023-09-22T01:00:00Z,0.59,50.0,23.0,7.0
2023-09-22T02:00:00Z,0.56,48.0,17.0,7.0
2023-09-22T03:00:00Z,0.54,45.0,16.0,7.0
2023-09-22T04:00:00Z,0.59,47.0,14.0,7.0
2023-09-22T05:00:00Z,0.59,46.0,13.0,7.0
2023-09-22T06:00:00Z,0.6,50.0,9.0,7.0
2023-09-22T07:00:00Z,0.68,50.0,11.0,9.0
2023-09-22T08:00:00Z,0.65,56.0,27.0,17.0
2023-09-22T09:00:00Z,0.47,40.0,64.0,15.0
2023-09-22T10:00:00Z,0.4,23.0,97.0,10.0
2023-09-22T11:00:00Z,0.41,17.0,106.0,9.0
2023-09-22T12:00:00Z,0.37,13.0,119.0,9.0
2023-09-22T13:00:00Z,0.37,12.0,127.0,9.0
2023-09-22T14:00:00Z,0.3,11.0,129.0,8.0
2023-09-22T15:00:00Z,0.26,12.0,124.0,7.0
2023-09-22T16:00:00Z,0.28,13.0,127.0,7.0
2023-09-22T17:00:00Z,0.28,17.0,127.0,7.0
2023-09-22T18:00:00Z,0.33,22.0,118.0,6.0
2023-09-22T19:00:00Z,0.39,26.0,112.0,7.0
2023-09-22T20:00:00Z,0.42,30.0,99.0,8.0
2023-09-22T21:00:00Z,0.41,35.0,83.0,9.0
2023-09-22T22:00:00Z,0.44,38.0,70.0,11.0
2023-09-22T23:00:00Z,0.46,38.0,65.0,10.0
2023-09-23T00:00:00Z,0.46,35.0,67.0,9.0
2023-09-23T01:00:00Z,0.46,32.0,64.0,10.0
2023-09-23T02:00:00Z,0.45,27.0,66.0,8.0
2023-09-23T03:00:00Z,0.44,26.0,59.0,8.0
2023-09-23T04:00:00Z,0.4,25.0,57.0,8.0
2023-09-23T05:00:00Z,0.43,29.0,47.0,8.0
2023-09-23T06:00:00Z,0.43,27.0,50.0,9.0
2023-09-23T07:00:00Z,0.43,31.0,46.0,8.0
2023-09-23T08:00:00Z,0.5,37.0,44.0,8.0
2023-09-23T09:00:00Z,0.53,36.0,55.0,8.0
2023-09-23T10:00:00Z,0.59,35.0,63.0,9.0
2023-09-23T11:00:00Z,0.7,33.0,84.0,13.0
2023-09-23T12:00:00Z,0.75,35.0,90.0,15.0
2023-09-23T13:00:00Z,0.76,36.0,89.0,14.0
2023-09-23T14:00:00Z,0.85,44.0,83.0,12.0
2023-09-23T15:00:00Z,0.8,39.0,87.0,10.0
2023-09-23T16:00:00Z,0.78,36.0,94.0,9.0
2023-09-23T17:00:00Z,0.71,35.0,95.0,8.0
2023-09-23T18:00:00Z,0.72,40.0,87.0,8.0
2023-09-23T19:00:00Z,0.79,48.0,63.0,7.0
2023-09-23T20:00:00Z,0.85,53.0,49.0,8.0
2023-09-23T21:00:00Z,0.85,47.0,61.0,8.0
2023-09-23T22:00:00Z,0.67,24.0,112.0,7.0
2023-09-23T23:00:00Z,0.61,22.0,105.0,6.0
2023-09-24T00:00:00Z,0.7,24.0,92.0,6.0
2023-09-24T01:00:00Z,0.93,20.0,83.0,6.0
2023-09-24T02:00:00Z,0.98,21.0,71.0,7.0
2023-09-24T03:00:00Z,0.81,24.0,67.0,7.0
2023-09-24T04:00:00Z,0.63,19.0,82.0,7.0
2023-09-24T05:00:00Z,0.54,17.0,88.0,7.0
2023-09-24T06:00:00Z,0.54,21.0,81.0,6.0
2023-09-24T07:00:00Z,0.74,28.0,64.0,7.0
2023-09-24T08:00:00Z,0.83,31.0,53.0,8.0
2023-09-24T09:00:00Z,0.76,34.0,48.0,8.0
2023-09-24T10:00:00Z,0.74,34.0,51.0,7.0
2023-09-24T11:00:00Z,0.66,30.0,64.0,7.0
2023-09-24T12:00:00Z,0.57,24.0,82.0,6.0
2023-09-24T13:00:00Z,0.54,20.0,89.0,6.0
2023-09-24T14:00:00Z,0.54,20.0,89.0,5.0
2023-09-24T15:00:00Z,0.5,19.0,89.0,5.0
2023-09-24T16:00:00Z,0.44,18.0,90.0,5.0
2023-09-24T17:00:00Z,0.45,19.0,87.0,5.0
2023-09-24T18:00:00Z,0.5,21.0,84.0,5.0
2023-09-24T19:00:00Z,0.5,20.0,84.0,5.0
2023-09-24T20:00:00Z,0.5,20.0,80.0,5.0
2023-09-24T21:00:00Z,0.55,18.0,79.0,5.0
2023-09-24T22:00:00Z,0.59,17.0,78.0,5.0
2023-09-24T23:00:00Z,0.59,17.0,72.0,6.0
2023-09-25T00:00:00Z,0.55,18.0,65.0,5.0
2023-09-25T01:00:00Z,0.55,18.0,65.0,6.0
2023-09-25T02:00:00Z,0.55,16.0,63.0,6.0
2023-09-25T03:00:00Z,0.6,15.0,65.0,6.0
2023-09-25T04:00:00Z,0.7,16.0,57.0,6.0
2023-09-25T05:00:00Z,0.67,16.0,54.0,6.0
2023-09-25T06:00:00Z,0.55,16.0,55.0,6.0
2023-09-25T07:00:00Z,0.56,20.0,49.0,6.0
2023-09-25T08:00:00Z,0.66,22.0,44.0,6.0
2023-09-25T09:00:00Z,0.69,23.0,43.0,6.0
2023-09-25T10:00:00Z,0.66,23.0,49.0,7.0
2023-09-25T11:00:00Z,0.68,21.0,55.0,7.0
2023-09-25T12:00:00Z,0.66,19.0,60.0,7.0
2023-09-25T13:00:00Z,0.7,18.0,63.0,6.0
2023-09-25T14:00:00Z,0.66,19.0,64.0,6.0
2023-09-25T15:00:00Z,0.7,20.0,69.0,6.0
2023-09-25T16:00:00Z,0.69,20.0,72.0,6.0
2023-09-25T17:00:00Z,0.71,21.0,74.0,6.0
2023-09-25T18:00:00Z,0.79,24.0,66.0,6.0
2023-09-25T19:00:00Z,0.8,26.0,57.0,6.0
2023-09-25T20:00:00Z,0.84,24.0,53.0,6.0
2023-09-25T21:00:00Z,0.81,24.0,54.0,6.0
2023-09-25T22:00:00Z,0.81,21.0,58.0,7.0
2023-09-25T23:00:00Z,0.8,21.0,57.0,7.0
2023-09-26T00:00:00Z,0.79,19.0,56.0,7.0
2023-09-26T01:00:00Z,0.76,21.0,50.0,8.0
2023-09-26T02:00:00Z,0.78,20.0,44.0,8.0
2023-09-26T03:00:00Z,0.8,20.0,38.0,8.0
2023-09-26T04:00:00Z,0.79,20.0,33.0,7.0
2023-09-26T05:00:00Z,0.8,20.0,29.0,8.0
2023-09-26T06:00:00Z,0.79,20.0,32.0,8.0
2023-09-26T07:00:00Z,0.77,23.0,30.0,8.0
2023-09-26T08:00:00Z,0.8,26.0,32.0,9.0
2023-09-26T09:00:00Z,0.81,28.0,31.0,9.0
2023-09-26T10:00:00Z,0.9,28.0,39.0,9.0
2023-09-26T11:00:00Z,0.87,26.0,55.0,9.0
2023-09-26T12:00:00Z,0.8,23.0,80.0,9.0
2023-09-26T13:00:00Z,0.81,20.0,90.0,9.0
2023-09-26T14:00:00Z,0.8,18.0,95.0,8.0
2023-09-26T15:00:00Z,0.76,18.0,94.0,7.0
2023-09-26T16:00:00Z,0.75,19.0,96.0,8.0
2023-09-26T17:00:00Z,0.71,22.0,90.0,8.0
2023-09-26T18:00:00Z,0.74,24.0,84.0,7.0
2023-09-26T19:00:00Z,0.71,26.0,78.0,7.0
2023-09-26T20:00:00Z,0.7,30.0,67.0,7.0
2023-09-26T21:00:00Z,0.74,33.0,56.0,7.0
2023-09-26T22:00:00Z,0.75,33.0,51.0,7.0
2023-09-26T23:00:00Z,0.74,33.0,45.0,7.0
2023-09-27T00:00:00Z,0.71,35.0,38.0,7.0
2023-09-27T01:00:00Z,0.7,33.0,34.0,7.0
2023-09-27T02:00:00Z,0.7,32.0,38.0,7.0
2023-09-27T03:00:00Z,0.7,35.0,35.0,9.0
2023-09-27T04:00:00Z,0.75,33.0,34.0,9.0
2023-09-27T05:00:00Z,0.79,32.0,27.0,8.0
2023-09-27T06:00:00Z,0.76,33.0,19.0,8.0
2023-09-27T07:00:00Z,0.81,35.0,14.0,8.0
2023-09-27T08:00:00Z,0.83,35.0,27.0,8.0
2023-09-27T09:00:00Z,0.76,27.0,70.0,9.0
2023-09-27T10:00:00Z,0.71,21.0,103.0,9.0
2023-09-27T11:00:00Z,0.73,19.0,120.0,9.0
2023-09-27T12:00:00Z,0.62,17.0,131.0,8.0
2023-09-27T13:00:00Z,0.6,15.0,141.0,7.0
2023-09-27T14:00:00Z,0.58,13.0,142.0,7.0
2023-09-27T15:00:00Z,0.6,16.0,130.0,7.0
2023-09-27T16:00:00Z,0.63,18.0,121.0,6.0
2023-09-27T17:00:00Z,0.67,21.0,112.0,6.0
2023-09-27T18:00:00Z,0.71,24.0,102.0,8.0
2023-09-27T19:00:00Z,0.73,26.0,91.0,8.0
2023-09-27T20:00:00Z,0.73,26.0,83.0,8.0
2023-09-27T21:00:00Z,0.73,25.0,79.0,8.0
2023-09-27T22:00:00Z,0.75,24.0,69.0,8.0
2023-09-27T23:00:00Z,0.76,27.0,59.0,8.0
2023-09-28T00:00:00Z,0.81,31.0,50.0,8.0
2023-09-28T01:00:00Z,0.81,32.0,42.0,9.0
2023-09-28T02:00:00Z,0.81,33.0,35.0,9.0
2023-09-28T03:00:00Z,0.81,30.0,34.0,10.0
2023-09-28T04:00:00Z,0.85,30.0,29.0,11.0
2023-09-28T05:00:00Z,0.93,31.0,25.0,12.0
2023-09-28T06:00:00Z,0.95,32.0,20.0,10.0
2023-09-28T07:00:00Z,0.99,32.0,18.0,10.0
2023-09-28T08:00:00Z,1.05,34.0,23.0,11.0
2023-09-28T09:00:00Z,1.0,33.0,48.0,13.0
2023-09-28T10:00:00Z,1.24,29.0,73.0,14.0
2023-09-28T11:00:00Z,1.25,26.0,97.0,14.0
2023-09-28T12:00:00Z,1.14,22.0,134.0,13.0
2023-09-28T13:00:00Z,1.04,19.0,154.0,12.0
2023-09-28T14:00:00Z,1.1,18.0,171.0,11.0
2023-09-28T15:00:00Z,1.06,18.0,176.0,11.0
2023-09-28T16:00:00Z,0.98,20.0,172.0,10.0
2023-09-28T17:00:00Z,0.96,23.0,158.0,9.0
2023-09-28T18:00:00Z,0.98,28.0,135.0,9.0
2023-09-28T19:00:00Z,1.03,35.0,104.0,8.0
2023-09-28T20:00:00Z,1.07,37.0,86.0,8.0
2023-09-28T21:00:00Z,1.14,41.0,68.0,8.0
2023-09-28T22:00:00Z,1.11,45.0,51.0,8.0
2023-09-28T23:00:00Z,1.11,56.0,32.0,7.0
2023-09-29T00:00:00Z,1.13,56.0,34.0,8.0
2023-09-29T01:00:00Z,1.1,53.0,31.0,8.0
2023-09-29T02:00:00Z,1.04,46.0,40.0,9.0
2023-09-29T03:00:00Z,0.95,38.0,55.0,9.0
2023-09-29T04:00:00Z,0.82,25.0,73.0,8.0
2023-09-29T05:00:00Z,0.75,20.0,73.0,7.0
2023-09-29T06:00:00Z,0.63,17.0,81.0,7.0
2023-09-29T07:00:00Z,0.54,16.0,82.0,6.0
2023-09-29T08:00:00Z,0.61,18.0,79.0,6.0
2023-09-29T09:00:00Z,0.71,21.0,71.0,6.0
2023-09-29T10:00:00Z,0.78,22.0,72.0,6.0
2023-09-29T11:00:00Z,0.65,19.0,91.0,6.0
2023-09-29T12:00:00Z,0.56,18.0,99.0,6.0
2023-09-29T13:00:00Z,0.57,17.0,101.0,6.0
2023-09-29T14:00:00Z,0.59,18.0,97.0,6.0
2023-09-29T15:00:00Z,0.59,18.0,92.0,6.0
2023-09-29T16:00:00Z,0.6,19.0,87.0,5.0
2023-09-29T17:00:00Z,0.61,19.0,82.0,6.0
2023-09-29T18:00:00Z,0.65,21.0,75.0,5.0
2023-09-29T19:00:00Z,0.65,20.0,68.0,5.0
2023-09-29T20:00:00Z,0.7,18.0,70.0,6.0
2023-09-29T21:00:00Z,0.74,17.0,65.0,6.0
2023-09-29T22:00:00Z,0.75,15.0,71.0,6.0
2023-09-29T23:00:00Z,0.79,13.0,75.0,6.0
2023-09-30T00:00:00Z,0.84,13.0,72.0,6.0
2023-09-30T01:00:00Z,0.84,14.0,65.0,6.0
2023-09-30T02:00:00Z,0.8,15.0,61.0,6.0
2023-09-30T03:00:00Z,0.81,14.0,58.0,6.0
2023-09-30T04:00:00Z,0.81,15.0,49.0,6.0
2023-09-30T05:00:00Z,0.8,19.0,40.0,6.0
2023-09-30T06:00:00Z,0.79,21.0,42.0,7.0
2023-09-30T07:00:00Z,0.71,20.0,54.0,8.0
2023-09-30T08:00:00Z,0.69,19.0,63.0,7.0
2023-09-30T09:00:00Z,0.66,18.0,77.0,7.0
2023-09-30T10:00:00Z,0.66,18.0,92.0,8.0
2023-09-30T11:00:00Z,0.7,17.0,103.0,8.0
2023-09-30T12:00:00Z,0.67,17.0,121.0,8.0
2023-09-30T13:00:00Z,0.63,17.0,141.0,8.0
2023-09-30T14:00:00Z,0.66,16.0,152.0,8.0
2023-09-30T15:00:00Z,0.61,16.0,155.0,7.0
2023-09-30T16:00:00Z,0.59,16.0,155.0,7.0
2023-09-30T17:00:00Z,0.59,17.0,151.0,7.0
2023-09-30T18:00:00Z,0.63,20.0,141.0,7.0
2023-09-30T19:00:00Z,0.63,24.0,129.0,10.0
2023-09-30T20:00:00Z,0.7,29.0,109.0,8.0
2023-09-30T21:00:00Z,0.71,25.0,101.0,8.0
2023-09-30T22:00:00Z,0.63,24.0,89.0,9.0
2023-09-30T23:00:00Z,0.46,26.0,72.0,9.0
2023-10-01T00:00:00Z,0.42,31.0,59.0,9.0
2023-10-01T01:00:00Z,0.4,31.0,52.0,9.0
2023-10-01T02:00:00Z,0.45,35.0,44.0,9.0
2023-10-01T03:00:00Z,0.49,35.0,42.0,9.0
2023-10-01T04:00:00Z,0.42,35.0,43.0,9.0
2023-10-01T05:00:00Z,0.41,33.0,43.0,9.0
2023-10-01T06:00:00Z,0.44,36.0,36.0,9.0
2023-10-01T07:00:00Z,0.49,39.0,35.0,10.0
2023-10-01T08:00:00Z,0.5,37.0,41.0,11.0
2023-10-01T09:00:00Z,0.47,30.0,60.0,13.0
2023-10-01T10:00:00Z,0.39,21.0,83.0,10.0
2023-10-01T11:00:00Z,0.4,19.0,91.0,9.0
2023-10-01T12:00:00Z,0.44,17.0,102.0,9.0
2023-10-01T13:00:00Z,0.44,15.0,119.0,9.0
2023-10-01T14:00:00Z,0.42,14.0,129.0,9.0
2023-10-01T15:00:00Z,0.42,15.0,132.0,10.0
2023-10-01T16:00:00Z,0.41,17.0,130.0,9.0
2023-10-01T17:00:00Z,0.41,19.0,127.0,8.0
2023-10-01T18:00:00Z,0.41,23.0,117.0,7.0
2023-10-01T19:00:00Z,0.45,29.0,98.0,7.0
2023-10-01T20:00:00Z,0.46,35.0,81.0,7.0
2023-10-01T21:00:00Z,0.43,30.0,84.0,8.0
2023-10-01T22:00:00Z,0.39,26.0,82.0,8.0
2023-10-01T23:00:00Z,0.39,25.0,72.0,8.0
2023-10-02T00:00:00Z,0.35,22.0,71.0,8.0
2023-10-02T01:00:00Z,0.3,18.0,75.0,7.0
2023-10-02T02:00:00Z,0.33,18.0,72.0,7.0
2023-10-02T03:00:00Z,0.33,18.0,69.0,7.0
2023-10-02T04:00:00Z,0.33,17.0,66.0,7.0
2023-10-02T05:00:00Z,0.33,18.0,56.0,7.0
2023-10-02T06:00:00Z,0.38,23.0,45.0,7.0
2023-10-02T07:00:00Z,0.36,31.0,32.0,7.0
2023-10-02T08:00:00Z,0.41,36.0,31.0,7.0
2023-10-02T09:00:00Z,0.42,33.0,46.0,8.0
2023-10-02T10:00:00Z,0.41,23.0,69.0,9.0
2023-10-02T11:00:00Z,0.34,17.0,86.0,9.0
2023-10-02T12:00:00Z,0.33,14.0,95.0,8.0
2023-10-02T13:00:00Z,0.33,12.0,105.0,8.0
2023-10-02T14:00:00Z,0.31,11.0,112.0,7.0
2023-10-02T15:00:00Z,0.3,12.0,115.0,6.0
2023-10-02T16:00:00Z,0.3,14.0,110.0,6.0
2023-10-02T17:00:00Z,0.31,19.0,100.0,6.0
2023-10-02T18:00:00Z,0.33,20.0,93.0,7.0
2023-10-02T19:00:00Z,0.31,20.0,89.0,7.0
2023-10-02T20:00:00Z,0.36,24.0,80.0,7.0
2023-10-02T21:00:00Z,0.36,25.0,74.0,7.0
2023-10-02T22:00:00Z,0.38,22.0,73.0,7.0
2023-10-02T23:00:00Z,0.39,23.0,64.0,7.0
2023-10-03T00:00:00Z,0.41,23.0,52.0,6.0
2023-10-03T01:00:00Z,0.4,23.0,46.0,6.0
2023-10-03T02:00:00Z,0.41,21.0,45.0,7.0
2023-10-03T03:00:00Z,0.41,18.0,44.0,6.0
2023-10-03T04:00:00Z,0.4,21.0,36.0,6.0
2023-10-03T05:00:00Z,0.4,30.0,25.0,7.0
2023-10-03T06:00:00Z,0.42,30.0,23.0,8.0
2023-10-03T07:00:00Z,0.44,33.0,19.0,10.0
2023-10-03T08:00:00Z,0.46,32.0,25.0,10.0
2023-10-03T09:00:00Z,0.46,24.0,65.0,8.0
2023-10-03T10:00:00Z,0.39,18.0,88.0,8.0
2023-10-03T11:00:00Z,0.4,16.0,103.0,7.0
2023-10-03T12:00:00Z,0.36,14.0,113.0,6.0
2023-10-03T13:00:00Z,0.34,12.0,119.0,6.0
2023-10-03T14:00:00Z,0.36,11.0,120.0,6.0
2023-10-03T15:00:00Z,0.39,11.0,120.0,5.0
2023-10-03T16:00:00Z,0.36,12.0,122.0,5.0
2023-10-03T17:00:00Z,0.36,14.0,120.0,6.0
2023-10-03T18:00:00Z,0.4,18.0,109.0,6.0
2023-10-03T19:00:00Z,0.47,29.0,84.0,6.0
2023-10-03T20:00:00Z,0.49,35.0,64.0,6.0
2023-10-03T21:00:00Z,0.5,34.0,56.0,7.0
2023-10-03T22:00:00Z,0.5,29.0,59.0,8.0
2023-10-03T23:00:00Z,0.51,26.0,55.0,7.0
2023-10-04T00:00:00Z,0.54,24.0,51.0,8.0
2023-10-04T01:00:00Z,0.47,24.0,50.0,7.0
2023-10-04T02:00:00Z,0.42,22.0,48.0,6.0
2023-10-04T03:00:00Z,0.45,24.0,37.0,6.0
2023-10-04T04:00:00Z,0.45,29.0,26.0,6.0
2023-10-04T05:00:00Z,0.47,37.0,12.0,6.0
2023-10-04T06:00:00Z,0.47,41.0,6.0,6.0
2023-10-04T07:00:00Z,0.55,41.0,8.0,7.0
2023-10-04T08:00:00Z,0.57,41.0,10.0,7.0
2023-10-04T09:00:00Z,0.59,39.0,35.0,9.0
2023-10-04T10:00:00Z,0.5,27.0,74.0,9.0
2023-10-04T11:00:00Z,0.49,19.0,96.0,11.0
2023-10-04T12:00:00Z,0.54,18.0,111.0,11.0
2023-10-04T13:00:00Z,0.51,17.0,122.0,9.0
2023-10-04T14:00:00Z,0.56,19.0,127.0,10.0
2023-10-04T15:00:00Z,0.56,21.0,124.0,11.0
2023-10-04T16:00:00Z,0.54,23.0,114.0,10.0
2023-10-04T17:00:00Z,0.59,29.0,96.0,9.0
2023-10-04T18:00:00Z,0.57,29.0,93.0,9.0
2023-10-04T19:00:00Z,0.59,34.0,79.0,8.0
2023-10-04T20:00:00Z,0.6,36.0,65.0,9.0
2023-10-04T21:00:00Z,0.67,36.0,51.0,8.0
2023-10-04T22:00:00Z,0.74,33.0,46.0,11.0
2023-10-04T23:00:00Z,0.71,29.0,46.0,11.0
2023-10-05T00:00:00Z,0.79,32.0,35.0,12.0
2023-10-05T01:00:00Z,0.69,33.0,28.0,11.0
2023-10-05T02:00:00Z,0.75,39.0,18.0,11.0
2023-10-05T03:00:00Z,0.7,37.0,30.0,10.0
2023-10-05T04:00:00Z,0.57,30.0,46.0,9.0
2023-10-05T05:00:00Z,0.53,26.0,50.0,8.0
2023-10-05T06:00:00Z,0.49,23.0,54.0,8.0
2023-10-05T07:00:00Z,0.45,25.0,53.0,8.0
2023-10-05T08:00:00Z,0.44,25.0,57.0,8.0
2023-10-05T09:00:00Z,0.4,20.0,72.0,9.0
2023-10-05T10:00:00Z,0.4,16.0,88.0,8.0
2023-10-05T11:00:00Z,0.4,15.0,99.0,9.0
2023-10-05T12:00:00Z,0.41,14.0,111.0,9.0
2023-10-05T13:00:00Z,0.41,14.0,122.0,9.0
2023-10-05T14:00:00Z,0.4,14.0,129.0,10.0
2023-10-05T15:00:00Z,0.41,15.0,134.0,10.0
2023-10-05T16:00:00Z,0.44,15.0,137.0,10.0
2023-10-05T17:00:00Z,0.44,19.0,127.0,8.0
2023-10-05T18:00:00Z,0.43,22.0,116.0,8.0
2023-10-05T19:00:00Z,0.43,30.0,99.0,9.0
2023-10-05T20:00:00Z,0.44,30.0,91.0,9.0
2023-10-05T21:00:00Z,0.46,28.0,89.0,10.0
2023-10-05T22:00:00Z,0.41,28.0,84.0,9.0
2023-10-05T23:00:00Z,0.44,29.0,76.0,9.0
2023-10-06T00:00:00Z,0.49,33.0,57.0,10.0
2023-10-06T01:00:00Z,0.45,31.0,55.0,9.0
2023-10-06T02:00:00Z,0.41,30.0,51.0,9.0
2023-10-06T03:00:00Z,0.43,29.0,47.0,9.0
2023-10-06T04:00:00Z,0.41,30.0,43.0,9.0
2023-10-06T05:00:00Z,0.4,28.0,42.0,9.0
2023-10-06T06:00:00Z,0.44,34.0,34.0,9.0
2023-10-06T07:00:00Z,0.5,37.0,32.0,10.0
2023-10-06T08:00:00Z,0.56,40.0,33.0,12.0
2023-10-06T09:00:00Z,0.54,42.0,32.0,13.0
2023-10-06T10:00:00Z,0.42,31.0,54.0,11.0
2023-10-06T11:00:00Z,0.4,28.0,60.0,9.0
2023-10-06T12:00:00Z,0.4,29.0,60.0,9.0
2023-10-06T13:00:00Z,0.39,28.0,60.0,9.0
2023-10-06T14:00:00Z,0.4,30.0,60.0,8.0
2023-10-06T15:00:00Z,0.41,32.0,57.0,8.0
2023-10-06T16:00:00Z,0.42,41.0,45.0,8.0
2023-10-06T17:00:00Z,0.5,54.0,25.0,7.0
2023-10-06T18:00:00Z,0.54,61.0,17.0,7.0
2023-10-06T19:00:00Z,0.56,55.0,22.0,7.0
2023-10-06T20:00:00Z,0.56,46.0,29.0,7.0
2023-10-06T21:00:00Z,0.54,43.0,34.0,8.0
2023-10-06T22:00:00Z,0.55,44.0,28.0,7.0
2023-10-06T23:00:00Z,0.58,53.0,12.0,7.0
2023-10-07T00:00:00Z,0.59,54.0,7.0,7.0
2023-10-07T01:00:00Z,0.56,52.0,7.0,9.0
2023-10-07T02:00:00Z,0.57,54.0,6.0,10.0
2023-10-07T03:00:00Z,0.62,55.0,5.0,13.0
2023-10-07T04:00:00Z,0.69,54.0,8.0,18.0
2023-10-07T05:00:00Z,0.61,48.0,11.0,15.0
2023-10-07T06:00:00Z,0.58,49.0,10.0,17.0
2023-10-07T07:00:00Z,0.59,47.0,13.0,16.0
2023-10-07T08:00:00Z,0.65,46.0,16.0,14.0
2023-10-07T09:00:00Z,0.74,43.0,30.0,13.0
2023-10-07T10:00:00Z,0.67,37.0,44.0,11.0
2023-10-07T11:00:00Z,0.69,31.0,64.0,11.0
2023-10-07T12:00:00Z,0.57,17.0,92.0,9.0
2023-10-07T13:00:00Z,0.4,13.0,98.0,7.0
2023-10-07T14:00:00Z,0.36,11.0,102.0,6.0
2023-10-07T15:00:00Z,0.35,12.0,102.0,6.0
2023-10-07T16:00:00Z,0.38,13.0,99.0,6.0
2023-10-07T17:00:00Z,0.35,15.0,95.0,6.0
2023-10-07T18:00:00Z,0.39,19.0,87.0,7.0
2023-10-07T19:00:00Z,0.41,23.0,77.0,7.0
2023-10-07T20:00:00Z,0.39,28.0,65.0,7.0
2023-10-07T21:00:00Z,0.41,30.0,56.0,9.0
2023-10-07T22:00:00Z,0.42,34.0,46.0,7.0
2023-10-07T23:00:00Z,0.47,39.0,38.0,8.0
2023-10-08T00:00:00Z,0.49,37.0,36.0,11.0
2023-10-08T01:00:00Z,0.49,34.0,35.0,9.0
2023-10-08T02:00:00Z,0.53,36.0,28.0,9.0
2023-10-08T03:00:00Z,0.56,36.0,24.0,9.0
2023-10-08T04:00:00Z,0.54,38.0,21.0,9.0
2023-10-08T05:00:00Z,0.55,40.0,17.0,9.0
2023-10-08T06:00:00Z,0.57,41.0,21.0,10.0
2023-10-08T07:00:00Z,0.56,40.0,23.0,10.0
2023-10-08T08:00:00Z,0.54,38.0,37.0,10.0
2023-10-08T09:00:00Z,0.44,30.0,63.0,9.0
2023-10-08T10:00:00Z,0.4,26.0,77.0,10.0
2023-10-08T11:00:00Z,0.4,21.0,88.0,9.0
2023-10-08T12:00:00Z,0.41,17.0,109.0,9.0
2023-10-08T13:00:00Z,0.41,16.0,121.0,8.0
2023-10-08T14:00:00Z,0.39,15.0,129.0,8.0
2023-10-08T15:00:00Z,0.39,16.0,133.0,8.0
2023-10-08T16:00:00Z,0.38,17.0,138.0,8.0
2023-10-08T17:00:00Z,0.41,20.0,133.0,8.0
2023-10-08T18:00:00Z,0.44,27.0,115.0,8.0
2023-10-08T19:00:00Z,0.57,50.0,73.0,8.0
2023-10-08T20:00:00Z,0.66,63.0,40.0,7.0
2023-10-08T21:00:00Z,0.73,73.0,23.0,7.0
2023-10-08T22:00:00Z,0.79,75.0,17.0,9.0
2023-10-08T23:00:00Z,0.76,67.0,22.0,9.0
2023-10-09T00:00:00Z,0.61,57.0,36.0,8.0
2023-10-09T01:00:00Z,0.6,48.0,31.0,7.0
2023-10-09T02:00:00Z,0.59,45.0,27.0,7.0
2023-10-09T03:00:00Z,0.55,45.0,25.0,7.0
2023-10-09T04:00:00Z,0.53,48.0,22.0,8.0
2023-10-09T05:00:00Z,0.55,48.0,21.0,10.0
2023-10-09T06:00:00Z,0.59,49.0,17.0,10.0
2023-10-09T07:00:00Z,0.63,49.0,17.0,10.0
2023-10-09T08:00:00Z,0.81,54.0,13.0,13.0
2023-10-09T09:00:00Z,0.93,55.0,22.0,13.0
2023-10-09T10:00:00Z,0.79,47.0,56.0,15.0
2023-10-09T11:00:00Z,0.58,27.0,103.0,15.0
2023-10-09T12:00:00Z,0.54,19.0,126.0,12.0
2023-10-09T13:00:00Z,0.54,16.0,140.0,10.0
2023-10-09T14:00:00Z,0.49,13.0,146.0,9.0
2023-10-09T15:00:00Z,0.44,14.0,152.0,9.0
2023-10-09T16:00:00Z,0.46,16.0,154.0,10.0
2023-10-09T18:00:00Z,0.51,36.0,117.0,9.0
2023-10-09T19:00:00Z,0.56,39.0,108.0,10.0
2023-10-09T20:00:00Z,0.58,45.0,97.0,11.0
2023-10-09T21:00:00Z,0.61,49.0,84.0,11.0
2023-10-09T22:00:00Z,0.6,49.0,76.0,10.0
2023-10-09T23:00:00Z,0.63,44.0,68.0,10.0
2023-10-10T00:00:00Z,0.69,48.0,51.0,10.0
2023-10-10T01:00:00Z,0.79,55.0,41.0,12.0
2023-10-10T02:00:00Z,0.7,58.0,35.0,13.0
2023-10-10T03:00:00Z,0.62,53.0,33.0,12.0
2023-10-10T04:00:00Z,0.67,48.0,33.0,11.0
2023-10-10T05:00:00Z,0.66,45.0,33.0,10.0
2023-10-10T06:00:00Z,0.61,51.0,24.0,10.0
2023-10-10T07:00:00Z,0.61,52.0,24.0,10.0
2023-10-10T08:00:00Z,0.6,46.0,34.0,11.0
2023-10-10T09:00:00Z,0.61,40.0,45.0,10.0
2023-10-10T10:00:00Z,0.61,30.0,68.0,10.0
2023-10-10T11:00:00Z,0.53,21.0,87.0,9.0
2023-10-10T12:00:00Z,0.44,16.0,101.0,8.0
2023-10-10T13:00:00Z,0.43,15.0,115.0,8.0
2023-10-10T14:00:00Z,0.4,14.0,123.0,8.0
2023-10-10T15:00:00Z,0.39,15.0,125.0,7.0
2023-10-10T16:00:00Z,0.4,16.0,126.0,7.0
2023-10-10T17:00:00Z,0.44,19.0,126.0,7.0
2023-10-10T18:00:00Z,0.46,29.0,112.0,7.0
2023-10-10T19:00:00Z,0.59,48.0,78.0,7.0
2023-10-10T20:00:00Z,0.7,63.0,47.0,7.0
2023-10-10T21:00:00Z,0.66,52.0,59.0,7.0
2023-10-10T22:00:00Z,0.65,51.0,44.0,7.0
2023-10-10T23:00:00Z,0.7,55.0,28.0,7.0
2023-10-11T00:00:00Z,0.73,55.0,23.0,8.0
2023-10-11T01:00:00Z,0.73,52.0,24.0,7.0
2023-10-11T02:00:00Z,0.71,46.0,23.0,7.0
2023-10-11T03:00:00Z,0.7,45.0,18.0,7.0
2023-10-11T04:00:00Z,0.71,46.0,17.0,7.0
2023-10-11T05:00:00Z,0.74,45.0,12.0,7.0
2023-10-11T06:00:00Z,0.76,50.0,6.0,7.0
2023-10-11T07:00:00Z,0.81,52.0,7.0,8.0
2023-10-11T08:00:00Z,1.0,60.0,8.0,11.0
2023-10-11T09:00:00Z,0.94,68.0,25.0,18.0
2023-10-11T10:00:00Z,0.83,54.0,72.0,19.0
2023-10-11T11:00:00Z,0.64,32.0,111.0,16.0
2023-10-11T12:00:00Z,0.56,20.0,137.0,11.0
2023-10-11T13:00:00Z,0.58,18.0,151.0,11.0
2023-10-11T14:00:00Z,0.54,17.0,159.0,10.0
2023-10-11T15:00:00Z,0.55,18.0,162.0,9.0
2023-10-11T16:00:00Z,0.56,19.0,159.0,9.0
2023-10-11T17:00:00Z,0.59,20.0,152.0,9.0
2023-10-11T18:00:00Z,0.61,27.0,136.0,8.0
2023-10-11T19:00:00Z,0.74,39.0,106.0,8.0
2023-10-11T20:00:00Z,0.86,60.0,59.0,8.0
2023-10-11T21:00:00Z,0.91,69.0,44.0,8.0
2023-10-11T22:00:00Z,0.89,68.0,36.0,8.0
2023-10-11T23:00:00Z,0.84,70.0,28.0,7.0
2023-10-12T00:00:00Z,0.87,60.0,36.0,8.0
2023-10-12T01:00:00Z,0.85,80.0,16.0,8.0
2023-10-12T02:00:00Z,0.8,79.0,21.0,9.0
2023-10-12T03:00:00Z,0.76,68.0,24.0,9.0
2023-10-12T04:00:00Z,0.76,70.0,20.0,9.0
2023-10-12T05:00:00Z,0.72,67.0,19.0,9.0
2023-10-12T06:00:00Z,0.74,67.0,15.0,9.0
2023-10-12T07:00:00Z,0.79,63.0,13.0,9.0
2023-10-12T08:00:00Z,0.78,53.0,28.0,13.0
2023-10-12T09:00:00Z,0.69,42.0,58.0,16.0
2023-10-12T10:00:00Z,0.58,26.0,101.0,11.0
2023-10-12T11:00:00Z,0.53,17.0,125.0,10.0
2023-10-12T12:00:00Z,0.5,15.0,139.0,8.0
2023-10-12T13:00:00Z,0.45,14.0,147.0,7.0
2023-10-12T14:00:00Z,0.44,15.0,147.0,7.0
2023-10-12T15:00:00Z,0.41,17.0,143.0,7.0
2023-10-12T16:00:00Z,0.45,24.0,131.0,7.0
2023-10-12T17:00:00Z,0.49,35.0,115.0,7.0
2023-10-12T18:00:00Z,0.56,43.0,98.0,8.0
2023-10-12T19:00:00Z,0.61,51.0,80.0,8.0
2023-10-12T20:00:00Z,0.65,63.0,60.0,9.0
2023-10-12T21:00:00Z,0.64,66.0,51.0,9.0
2023-10-12T22:00:00Z,0.66,67.0,41.0,9.0
2023-10-12T23:00:00Z,0.69,72.0,32.0,9.0
2023-10-13T00:00:00Z,0.66,69.0,30.0,9.0
2023-10-13T01:00:00Z,0.64,59.0,36.0,9.0
2023-10-13T02:00:00Z,0.6,57.0,34.0,8.0
2023-10-13T03:00:00Z,0.54,47.0,45.0,8.0
2023-10-13T04:00:00Z,0.51,36.0,51.0,8.0
2023-10-13T05:00:00Z,0.51,34.0,48.0,8.0
2023-10-13T06:00:00Z,0.55,39.0,37.0,8.0
2023-10-13T07:00:00Z,0.55,40.0,34.0,8.0
2023-10-13T08:00:00Z,0.6,40.0,42.0,9.0
2023-10-13T09:00:00Z,0.53,28.0,82.0,9.0
2023-10-13T10:00:00Z,0.5,25.0,100.0,9.0
2023-10-13T11:00:00Z,0.49,23.0,114.0,10.0
2023-10-13T12:00:00Z,0.47,19.0,135.0,8.0
2023-10-13T13:00:00Z,0.47,18.0,146.0,8.0
2023-10-13T14:00:00Z,0.49,16.0,156.0,8.0
2023-10-13T15:00:00Z,0.47,17.0,163.0,7.0
2023-10-13T16:00:00Z,0.5,19.0,168.0,7.0
2023-10-13T17:00:00Z,0.56,23.0,165.0,7.0
2023-10-13T18:00:00Z,0.59,31.0,149.0,7.0
2023-10-13T19:00:00Z,0.71,53.0,105.0,7.0
2023-10-13T20:00:00Z,0.84,67.0,64.0,7.0
2023-10-13T21:00:00Z,0.95,71.0,43.0,7.0
2023-10-13T22:00:00Z,0.91,62.0,45.0,8.0
2023-10-13T23:00:00Z,0.9,65.0,36.0,7.0
2023-10-14T00:00:00Z,0.89,68.0,28.0,8.0
2023-10-14T01:00:00Z,0.9,68.0,27.0,9.0
2023-10-14T02:00:00Z,0.85,61.0,33.0,9.0
2023-10-14T03:00:00Z,0.84,57.0,31.0,10.0
2023-10-14T04:00:00Z,0.85,54.0,30.0,9.0
2023-10-14T05:00:00Z,0.83,50.0,32.0,9.0
2023-10-14T06:00:00Z,0.89,54.0,25.0,10.0
2023-10-14T07:00:00Z,0.91,61.0,18.0,11.0
2023-10-14T08:00:00Z,0.98,62.0,23.0,12.0
2023-10-14T09:00:00Z,0.96,58.0,49.0,13.0
2023-10-14T10:00:00Z,0.9,39.0,94.0,13.0
2023-10-14T11:00:00Z,0.84,38.0,116.0,12.0
2023-10-14T12:00:00Z,0.77,25.0,147.0,11.0
2023-10-14T13:00:00Z,0.64,20.0,166.0,10.0
2023-10-14T14:00:00Z,0.65,18.0,176.0,10.0
2023-10-14T15:00:00Z,0.66,19.0,179.0,10.0
2023-10-14T16:00:00Z,0.68,22.0,176.0,10.0
2023-10-14T17:00:00Z,0.69,28.0,161.0,10.0
2023-10-14T18:00:00Z,0.65,41.0,123.0,10.0
2023-10-14T19:00:00Z,0.66,53.0,88.0,9.0
2023-10-14T20:00:00Z,0.81,64.0,56.0,9.0
2023-10-14T21:00:00Z,1.01,80.0,25.0,8.0
2023-10-14T22:00:00Z,0.96,77.0,27.0,7.0
2023-10-14T23:00:00Z,1.01,76.0,23.0,8.0
2023-10-15T00:00:00Z,1.01,75.0,15.0,9.0
2023-10-15T01:00:00Z,0.95,69.0,16.0,9.0
2023-10-15T02:00:00Z,0.93,65.0,19.0,8.0
2023-10-15T03:00:00Z,0.94,63.0,16.0,8.0
2023-10-15T04:00:00Z,0.88,56.0,19.0,8.0
2023-10-15T05:00:00Z,0.9,52.0,22.0,8.0
2023-10-15T06:00:00Z,0.94,53.0,28.0,10.0
2023-10-15T07:00:00Z,1.08,58.0,26.0,12.0
2023-10-15T08:00:00Z,1.2,63.0,23.0,15.0
2023-10-15T09:00:00Z,1.25,72.0,50.0,20.0
2023-10-15T10:00:00Z,0.96,61.0,104.0,17.0
2023-10-15T11:00:00Z,0.77,37.0,161.0,15.0
2023-10-15T12:00:00Z,0.71,30.0,181.0,15.0
2023-10-15T13:00:00Z,0.66,25.0,194.0,13.0
2023-10-15T14:00:00Z,0.56,24.0,197.0,12.0
2023-10-15T15:00:00Z,0.53,27.0,192.0,11.0
2023-10-15T16:00:00Z,0.55,23.0,199.0,11.0
2023-10-15T17:00:00Z,0.55,28.0,185.0,10.0
2023-10-15T18:00:00Z,0.61,44.0,149.0,9.0
2023-10-15T19:00:00Z,0.76,66.0,101.0,9.0
2023-10-15T20:00:00Z,0.84,66.0,86.0,9.0
2023-10-15T21:00:00Z,0.79,58.0,97.0,10.0
2023-10-15T22:00:00Z,0.75,55.0,98.0,10.0
2023-10-15T23:00:00Z,0.75,59.0,79.0,9.0
2023-10-16T00:00:00Z,0.78,48.0,82.0,10.0
2023-10-16T01:00:00Z,0.8,45.0,76.0,9.0
2023-10-16T02:00:00Z,0.81,46.0,63.0,9.0
2023-10-16T03:00:00Z,0.84,48.0,51.0,8.0
2023-10-16T04:00:00Z,0.84,56.0,32.0,8.0
2023-10-16T05:00:00Z,0.82,53.0,38.0,8.0
2023-10-16T06:00:00Z,0.88,68.0,18.0,9.0
2023-10-16T07:00:00Z,0.91,80.0,13.0,12.0
2023-10-16T08:00:00Z,0.97,72.0,21.0,13.0
2023-10-16T09:00:00Z,0.94,56.0,44.0,18.0
2023-10-16T10:00:00Z,1.01,50.0,71.0,18.0
2023-10-16T11:00:00Z,1.01,43.0,95.0,16.0
2023-10-16T12:00:00Z,1.03,35.0,131.0,16.0
2023-10-16T13:00:00Z,1.01,32.0,165.0,16.0
2023-10-16T14:00:00Z,0.95,29.0,190.0,15.0
2023-10-16T15:00:00Z,0.8,25.0,202.0,14.0
2023-10-16T16:00:00Z,0.63,25.0,207.0,12.0
2023-10-16T17:00:00Z,0.61,29.0,198.0,11.0
2023-10-16T18:00:00Z,0.67,45.0,167.0,11.0
2023-10-16T19:00:00Z,0.66,53.0,142.0,11.0
2023-10-16T20:00:00Z,0.66,39.0,138.0,11.0
2023-10-16T21:00:00Z,0.73,37.0,125.0,11.0
2023-10-16T22:00:00Z,0.7,41.0,96.0,10.0
2023-10-16T23:00:00Z,0.59,38.0,68.0,8.0
2023-10-17T00:00:00Z,0.52,33.0,55.0,8.0
2023-10-17T01:00:00Z,0.49,34.0,44.0,8.0
2023-10-17T02:00:00Z,0.49,36.0,36.0,8.0
2023-10-17T03:00:00Z,0.48,36.0,34.0,8.0
2023-10-17T04:00:00Z,0.49,37.0,30.0,8.0
2023-10-17T05:00:00Z,0.54,38.0,25.0,7.0
2023-10-17T06:00:00Z,0.56,39.0,22.0,7.0
2023-10-17T07:00:00Z,0.61,43.0,16.0,7.0
2023-10-17T08:00:00Z,0.66,42.0,19.0,9.0
2023-10-17T09:00:00Z,0.68,36.0,39.0,9.0
2023-10-17T10:00:00Z,0.68,35.0,66.0,10.0
2023-10-17T11:00:00Z,0.71,33.0,103.0,11.0
2023-10-17T12:00:00Z,0.71,27.0,148.0,12.0
2023-10-17T13:00:00Z,0.67,22.0,180.0,11.0
2023-10-17T14:00:00Z,0.57,19.0,193.0,10.0
2023-10-17T15:00:00Z,0.53,20.0,200.0,10.0
2023-10-17T16:00:00Z,0.51,22.0,192.0,9.0
2023-10-17T17:00:00Z,0.47,26.0,181.0,9.0
2023-10-17T18:00:00Z,0.49,31.0,158.0,8.0
2023-10-17T19:00:00Z,0.53,36.0,141.0,8.0
2023-10-17T20:00:00Z,0.61,37.0,139.0,9.0
2023-10-17T21:00:00Z,0.77,37.0,142.0,9.0
2023-10-17T22:00:00Z,0.82,35.0,138.0,9.0
2023-10-17T23:00:00Z,0.85,34.0,131.0,9.0
2023-10-18T00:00:00Z,0.8,33.0,125.0,9.0
2023-10-18T01:00:00Z,0.78,29.0,129.0,9.0
2023-10-18T02:00:00Z,0.76,29.0,125.0,9.0
2023-10-18T03:00:00Z,0.74,29.0,121.0,10.0
2023-10-18T04:00:00Z,0.74,29.0,118.0,10.0
2023-10-18T05:00:00Z,0.74,30.0,121.0,11.0
2023-10-18T06:00:00Z,0.74,30.0,119.0,11.0
2023-10-18T07:00:00Z,0.77,37.0,106.0,11.0
2023-10-18T08:00:00Z,0.81,45.0,99.0,12.0
2023-10-18T09:00:00Z,0.84,43.0,110.0,13.0
2023-10-18T10:00:00Z,0.85,43.0,122.0,14.0
2023-10-18T11:00:00Z,0.79,40.0,140.0,14.0
2023-10-18T12:00:00Z,0.8,38.0,152.0,12.0
2023-10-18T13:00:00Z,0.75,34.0,167.0,11.0
2023-10-18T14:00:00Z,0.7,29.0,165.0,10.0
2023-10-18T15:00:00Z,0.67,28.0,170.0,9.0
2023-10-18T16:00:00Z,0.7,30.0,167.0,10.0
2023-10-18T17:00:00Z,0.74,32.0,158.0,11.0
2023-10-18T18:00:00Z,0.83,49.0,132.0,11.0
2023-10-18T19:00:00Z,0.86,48.0,131.0,11.0
2023-10-18T20:00:00Z,0.86,36.0,140.0,12.0
2023-10-18T21:00:00Z,0.9,37.0,124.0,17.0
2023-10-18T22:00:00Z,0.94,40.0,102.0,21.0
2023-10-18T23:00:00Z,0.96,39.0,85.0,15.0
2023-10-19T00:00:00Z,0.96,37.0,74.0,11.0
2023-10-19T01:00:00Z,0.94,32.0,72.0,12.0
2023-10-19T02:00:00Z,0.89,29.0,72.0,12.0
2023-10-19T03:00:00Z,0.89,26.0,70.0,8.0
2023-10-19T04:00:00Z,0.89,29.0,57.0,7.0
2023-10-19T05:00:00Z,0.89,27.0,49.0,7.0
2023-10-19T06:00:00Z,0.95,31.0,40.0,7.0
2023-10-19T07:00:00Z,1.05,35.0,32.0,8.0
2023-10-19T08:00:00Z,1.01,35.0,40.0,8.0
2023-10-19T09:00:00Z,0.91,31.0,50.0,7.0
2023-10-19T10:00:00Z,0.89,33.0,52.0,7.0
2023-10-19T11:00:00Z,0.94,37.0,47.0,7.0
2023-10-19T12:00:00Z,0.98,40.0,52.0,9.0
2023-10-19T13:00:00Z,0.99,36.0,59.0,10.0
2023-10-19T14:00:00Z,0.99,35.0,65.0,10.0
2023-10-19T15:00:00Z,0.96,39.0,62.0,10.0
2023-10-19T16:00:00Z,0.67,28.0,74.0,10.0
2023-10-19T17:00:00Z,0.57,31.0,66.0,8.0
2023-10-19T18:00:00Z,0.5,28.0,66.0,7.0
2023-10-19T19:00:00Z,0.5,30.0,60.0,6.0
2023-10-19T20:00:00Z,0.5,30.0,55.0,7.0
2023-10-19T21:00:00Z,0.52,27.0,53.0,6.0
2023-10-19T22:00:00Z,0.53,29.0,43.0,6.0
2023-10-19T23:00:00Z,0.49,31.0,38.0,7.0
2023-10-20T00:00:00Z,0.49,26.0,40.0,7.0
2023-10-20T01:00:00Z,0.47,27.0,37.0,7.0
2023-10-20T02:00:00Z,0.51,27.0,34.0,7.0
2023-10-20T03:00:00Z,0.56,31.0,22.0,8.0
2023-10-20T04:00:00Z,0.65,36.0,11.0,9.0
2023-10-20T05:00:00Z,0.68,39.0,6.0,10.0
2023-10-20T06:00:00Z,0.69,42.0,5.0,11.0
2023-10-20T07:00:00Z,0.74,43.0,6.0,12.0
2023-10-20T08:00:00Z,0.71,38.0,17.0,11.0
2023-10-20T09:00:00Z,0.65,28.0,40.0,10.0
2023-10-20T10:00:00Z,0.56,23.0,53.0,10.0
2023-10-20T11:00:00Z,0.5,19.0,63.0,9.0
2023-10-20T12:00:00Z,0.46,17.0,71.0,8.0
2023-10-20T13:00:00Z,0.39,17.0,77.0,7.0
2023-10-20T14:00:00Z,0.4,17.0,83.0,7.0
2023-10-20T15:00:00Z,0.39,18.0,83.0,8.0
2023-10-20T16:00:00Z,0.39,20.0,82.0,8.0
2023-10-20T17:00:00Z,0.39,23.0,76.0,8.0
2023-10-20T18:00:00Z,0.4,31.0,63.0,8.0
2023-10-20T19:00:00Z,0.5,40.0,48.0,11.0
2023-10-20T20:00:00Z,0.55,51.0,30.0,16.0
2023-10-20T21:00:00Z,0.59,56.0,22.0,13.0
2023-10-20T22:00:00Z,0.64,57.0,15.0,10.0
2023-10-20T23:00:00Z,0.66,57.0,11.0,9.0
2023-10-21T00:00:00Z,0.69,53.0,9.0,9.0
2023-10-21T01:00:00Z,0.67,50.0,8.0,9.0
2023-10-21T02:00:00Z,0.65,45.0,8.0,8.0
2023-10-21T03:00:00Z,0.64,44.0,7.0,8.0
2023-10-21T04:00:00Z,0.65,42.0,7.0,8.0
2023-10-21T05:00:00Z,0.66,39.0,7.0,8.0
2023-10-21T06:00:00Z,0.65,39.0,5.0,9.0
2023-10-21T07:00:00Z,0.69,38.0,4.0,8.0
2023-10-21T08:00:00Z,0.77,39.0,7.0,11.0
2023-10-21T09:00:00Z,0.74,47.0,19.0,16.0
2023-10-21T10:00:00Z,0.64,40.0,48.0,13.0
2023-10-21T11:00:00Z,0.6,36.0,64.0,12.0
2023-10-21T12:00:00Z,0.59,33.0,82.0,11.0
2023-10-21T13:00:00Z,0.6,27.0,106.0,12.0
2023-10-21T14:00:00Z,0.58,23.0,121.0,11.0
2023-10-21T15:00:00Z,0.56,25.0,124.0,11.0
2023-10-21T16:00:00Z,0.55,25.0,127.0,11.0
2023-10-21T17:00:00Z,0.59,29.0,124.0,11.0
2023-10-21T18:00:00Z,0.65,41.0,99.0,11.0
2023-10-21T19:00:00Z,0.81,58.0,60.0,9.0
2023-10-21T20:00:00Z,0.94,71.0,36.0,9.0
2023-10-21T21:00:00Z,0.91,78.0,20.0,9.0
2023-10-21T22:00:00Z,0.89,77.0,20.0,9.0
2023-10-21T23:00:00Z,0.83,70.0,27.0,11.0
2023-10-22T00:00:00Z,0.76,66.0,30.0,11.0
2023-10-22T01:00:00Z,0.75,65.0,27.0,11.0
2023-10-22T02:00:00Z,0.76,69.0,23.0,11.0
2023-10-22T03:00:00Z,0.79,70.0,20.0,11.0
2023-10-22T04:00:00Z,0.79,71.0,16.0,11.0
2023-10-22T05:00:00Z,0.79,72.0,12.0,11.0
2023-10-22T06:00:00Z,0.81,70.0,12.0,11.0
2023-10-22T07:00:00Z,0.85,67.0,12.0,11.0
2023-10-22T08:00:00Z,0.88,64.0,16.0,12.0
2023-10-22T09:00:00Z,0.89,66.0,29.0,15.0
2023-10-22T10:00:00Z,0.82,59.0,53.0,17.0
2023-10-22T11:00:00Z,0.7,47.0,83.0,16.0
2023-10-22T12:00:00Z,0.57,33.0,119.0,13.0
2023-10-22T13:00:00Z,0.54,26.0,139.0,11.0
2023-10-22T14:00:00Z,0.46,22.0,147.0,10.0
2023-10-22T15:00:00Z,0.41,23.0,145.0,9.0
2023-10-22T16:00:00Z,0.41,25.0,140.0,9.0
2023-10-22T17:00:00Z,0.41,30.0,130.0,8.0
2023-10-22T18:00:00Z,0.49,44.0,104.0,8.0
2023-10-22T19:00:00Z,0.56,58.0,71.0,9.0
2023-10-22T20:00:00Z,0.69,74.0,42.0,9.0
2023-10-22T21:00:00Z,0.69,74.0,40.0,9.0
2023-10-22T22:00:00Z,0.69,73.0,42.0,11.0
2023-10-22T23:00:00Z,0.65,71.0,42.0,11.0
2023-10-23T00:00:00Z,0.68,63.0,47.0,11.0
2023-10-23T01:00:00Z,0.71,57.0,49.0,10.0
2023-10-23T02:00:00Z,0.72,55.0,46.0,10.0
2023-10-23T03:00:00Z,0.75,54.0,46.0,9.0
2023-10-23T04:00:00Z,0.77,57.0,44.0,9.0
2023-10-23T05:00:00Z,0.75,65.0,39.0,9.0
2023-10-23T06:00:00Z,0.78,70.0,35.0,9.0
2023-10-23T07:00:00Z,0.86,75.0,28.0,9.0
2023-10-23T08:00:00Z,0.91,75.0,34.0,10.0
2023-10-23T09:00:00Z,0.88,60.0,71.0,12.0
2023-10-23T10:00:00Z,0.79,52.0,98.0,14.0
2023-10-23T11:00:00Z,0.76,39.0,123.0,14.0
2023-10-23T12:00:00Z,0.63,30.0,146.0,12.0
2023-10-23T13:00:00Z,0.55,23.0,161.0,10.0
2023-10-23T14:00:00Z,0.53,22.0,164.0,9.0
2023-10-23T15:00:00Z,0.54,23.0,166.0,9.0
2023-10-23T16:00:00Z,0.53,25.0,168.0,9.0
2023-10-23T17:00:00Z,0.54,29.0,163.0,9.0
2023-10-23T18:00:00Z,0.59,43.0,139.0,9.0
2023-10-23T19:00:00Z,0.64,50.0,121.0,9.0
2023-10-23T20:00:00Z,0.68,52.0,107.0,9.0
2023-10-23T21:00:00Z,0.68,51.0,97.0,9.0
2023-10-23T22:00:00Z,0.68,53.0,83.0,9.0
2023-10-23T23:00:00Z,0.69,62.0,63.0,10.0
2023-10-24T00:00:00Z,0.69,59.0,65.0,9.0
2023-10-24T01:00:00Z,0.68,53.0,67.0,9.0
2023-10-24T02:00:00Z,0.68,48.0,66.0,9.0
2023-10-24T03:00:00Z,0.69,51.0,53.0,8.0
2023-10-24T04:00:00Z,0.71,56.0,46.0,8.0
2023-10-24T05:00:00Z,0.71,56.0,39.0,9.0
2023-10-24T06:00:00Z,0.78,62.0,28.0,9.0
2023-10-24T07:00:00Z,0.78,68.0,22.0,9.0
2023-10-24T08:00:00Z,0.85,68.0,26.0,10.0
2023-10-24T09:00:00Z,0.83,59.0,53.0,12.0
2023-10-24T10:00:00Z,0.81,50.0,88.0,13.0
2023-10-24T11:00:00Z,0.81,41.0,117.0,13.0
2023-10-24T12:00:00Z,0.71,37.0,141.0,13.0
2023-10-24T13:00:00Z,0.69,28.0,164.0,12.0
2023-10-24T14:00:00Z,0.63,22.0,183.0,11.0
2023-10-24T15:00:00Z,0.64,22.0,191.0,10.0
2023-10-24T16:00:00Z,0.66,25.0,192.0,10.0
2023-10-24T17:00:00Z,0.7,30.0,185.0,10.0
2023-10-24T18:00:00Z,0.8,45.0,154.0,10.0
2023-10-24T19:00:00Z,1.03,69.0,93.0,9.0
2023-10-24T20:00:00Z,1.19,84.0,58.0,9.0
2023-10-24T21:00:00Z,1.1,85.0,49.0,9.0
2023-10-24T22:00:00Z,1.11,82.0,40.0,8.0
2023-10-24T23:00:00Z,1.06,76.0,43.0,9.0
2023-10-25T00:00:00Z,0.97,74.0,42.0,9.0
2023-10-25T01:00:00Z,0.91,62.0,49.0,10.0
2023-10-25T02:00:00Z,0.95,67.0,36.0,9.0
2023-10-25T03:00:00Z,0.91,73.0,19.0,9.0
2023-10-25T04:00:00Z,0.93,69.0,14.0,9.0
2023-10-25T05:00:00Z,0.95,67.0,11.0,9.0
2023-10-25T06:00:00Z,1.0,62.0,9.0,9.0
2023-10-25T07:00:00Z,1.06,58.0,7.0,8.0
2023-10-25T08:00:00Z,1.24,62.0,11.0,10.0
2023-10-25T09:00:00Z,1.32,77.0,20.0,15.0
2023-10-25T10:00:00Z,1.25,79.0,50.0,21.0
2023-10-25T11:00:00Z,1.14,66.0,103.0,19.0
2023-10-25T12:00:00Z,0.95,41.0,143.0,16.0
2023-10-25T13:00:00Z,0.77,29.0,165.0,13.0
2023-10-25T14:00:00Z,0.71,25.0,182.0,12.0
2023-10-25T15:00:00Z,0.66,26.0,188.0,12.0
2023-10-25T16:00:00Z,0.64,30.0,175.0,11.0
2023-10-25T17:00:00Z,0.7,37.0,163.0,12.0
2023-10-25T18:00:00Z,0.71,43.0,137.0,11.0
2023-10-25T19:00:00Z,0.77,54.0,103.0,10.0
2023-10-25T20:00:00Z,0.78,53.0,95.0,10.0
2023-10-25T21:00:00Z,0.75,52.0,90.0,10.0
2023-10-25T22:00:00Z,0.78,56.0,79.0,12.0
2023-10-25T23:00:00Z,0.83,54.0,73.0,13.0
2023-10-26T00:00:00Z,0.89,54.0,63.0,12.0
2023-10-26T01:00:00Z,0.86,53.0,57.0,12.0
2023-10-26T02:00:00Z,0.89,63.0,44.0,11.0
2023-10-26T03:00:00Z,0.9,61.0,40.0,11.0
2023-10-26T04:00:00Z,0.95,60.0,32.0,12.0
2023-10-26T05:00:00Z,0.95,58.0,30.0,11.0
2023-10-26T06:00:00Z,0.99,59.0,23.0,11.0
2023-10-26T07:00:00Z,1.09,59.0,16.0,11.0
2023-10-26T08:00:00Z,1.21,63.0,11.0,11.0
2023-10-26T09:00:00Z,1.22,73.0,18.0,13.0
2023-10-26T10:00:00Z,1.15,72.0,47.0,15.0
2023-10-26T11:00:00Z,1.06,61.0,83.0,14.0
2023-10-26T12:00:00Z,0.99,52.0,110.0,12.0
2023-10-26T13:00:00Z,0.84,39.0,136.0,11.0
2023-10-26T14:00:00Z,0.69,24.0,158.0,9.0
2023-10-26T15:00:00Z,0.61,21.0,174.0,9.0
2023-10-26T16:00:00Z,0.61,24.0,177.0,9.0
2023-10-26T17:00:00Z,0.6,29.0,166.0,9.0
2023-10-26T18:00:00Z,0.76,57.0,111.0,8.0
2023-10-26T19:00:00Z,1.01,90.0,57.0,8.0
2023-10-26T20:00:00Z,1.07,97.0,45.0,9.0
2023-10-26T21:00:00Z,0.91,52.0,108.0,11.0
2023-10-26T22:00:00Z,0.72,30.0,94.0,9.0
2023-10-26T23:00:00Z,0.53,27.0,70.0,8.0
2023-10-27T00:00:00Z,0.45,27.0,57.0,7.0
2023-10-27T01:00:00Z,0.4,29.0,49.0,7.0
2023-10-27T02:00:00Z,0.41,31.0,44.0,7.0
2023-10-27T03:00:00Z,0.41,33.0,41.0,8.0
2023-10-27T04:00:00Z,0.42,35.0,37.0,8.0
2023-10-27T05:00:00Z,0.45,35.0,36.0,9.0
2023-10-27T06:00:00Z,0.5,39.0,30.0,10.0
2023-10-27T07:00:00Z,0.55,44.0,24.0,10.0
2023-10-27T08:00:00Z,0.65,42.0,27.0,13.0
2023-10-27T09:00:00Z,0.78,40.0,32.0,16.0
2023-10-27T10:00:00Z,0.71,33.0,45.0,14.0
2023-10-27T11:00:00Z,0.64,25.0,70.0,11.0
2023-10-27T12:00:00Z,0.64,22.0,93.0,10.0
2023-10-27T13:00:00Z,0.6,22.0,101.0,10.0
2023-10-27T14:00:00Z,0.55,21.0,108.0,8.0
2023-10-27T15:00:00Z,0.5,23.0,112.0,8.0
2023-10-27T16:00:00Z,0.5,26.0,114.0,8.0
2023-10-27T17:00:00Z,0.49,33.0,102.0,7.0
2023-10-27T18:00:00Z,0.54,46.0,77.0,7.0
2023-10-27T19:00:00Z,0.64,56.0,59.0,7.0
2023-10-27T20:00:00Z,0.69,60.0,47.0,8.0
2023-10-27T21:00:00Z,0.64,53.0,49.0,8.0
2023-10-27T22:00:00Z,0.59,48.0,45.0,8.0
2023-10-27T23:00:00Z,0.56,45.0,43.0,7.0
2023-10-28T00:00:00Z,0.55,41.0,44.0,7.0
2023-10-28T01:00:00Z,0.53,38.0,43.0,8.0
2023-10-28T02:00:00Z,0.55,37.0,40.0,8.0
2023-10-28T03:00:00Z,0.6,37.0,37.0,7.0
2023-10-28T04:00:00Z,0.63,39.0,29.0,7.0
2023-10-28T05:00:00Z,0.64,44.0,25.0,8.0
2023-10-28T06:00:00Z,0.65,46.0,22.0,8.0
2023-10-28T07:00:00Z,0.68,50.0,17.0,8.0
2023-10-28T08:00:00Z,0.7,53.0,13.0,10.0
2023-10-28T09:00:00Z,0.63,46.0,26.0,11.0
2023-10-28T10:00:00Z,0.71,44.0,40.0,12.0
2023-10-28T11:00:00Z,0.78,44.0,64.0,12.0
2023-10-28T12:00:00Z,0.84,36.0,107.0,12.0
2023-10-28T13:00:00Z,0.85,29.0,147.0,12.0
2023-10-28T14:00:00Z,0.81,26.0,166.0,11.0
2023-10-28T15:00:00Z,0.79,25.0,180.0,10.0
2023-10-28T16:00:00Z,0.77,23.0,194.0,10.0
2023-10-28T17:00:00Z,0.83,30.0,188.0,9.0
2023-10-28T18:00:00Z,0.91,43.0,158.0,9.0
2023-10-28T19:00:00Z,0.9,51.0,133.0,9.0
2023-10-28T20:00:00Z,0.95,49.0,120.0,9.0
2023-10-28T21:00:00Z,0.83,44.0,102.0,9.0
2023-10-28T22:00:00Z,0.77,42.0,88.0,8.0
2023-10-28T23:00:00Z,0.73,41.0,72.0,9.0
2023-10-29T00:00:00Z,0.7,40.0,59.0,9.0
2023-10-29T01:00:00Z,0.66,42.0,49.0,9.0
2023-10-29T02:00:00Z,0.65,42.0,42.0,9.0
2023-10-29T03:00:00Z,0.63,43.0,37.0,9.0
2023-10-29T04:00:00Z,0.64,44.0,32.0,8.0
2023-10-29T05:00:00Z,0.63,45.0,27.0,9.0
2023-10-29T06:00:00Z,0.61,47.0,22.0,8.0
2023-10-29T07:00:00Z,0.66,49.0,17.0,9.0
2023-10-29T08:00:00Z,0.72,54.0,13.0,9.0
2023-10-29T09:00:00Z,0.69,52.0,23.0,10.0
2023-10-29T10:00:00Z,0.64,43.0,47.0,12.0
2023-10-29T11:00:00Z,0.68,40.0,70.0,13.0
2023-10-29T12:00:00Z,0.77,37.0,100.0,13.0
2023-10-29T13:00:00Z,0.74,28.0,140.0,12.0
2023-10-29T14:00:00Z,0.68,22.0,173.0,10.0
2023-10-29T15:00:00Z,0.68,21.0,190.0,9.0
2023-10-29T16:00:00Z,0.68,26.0,189.0,9.0
2023-10-29T17:00:00Z,0.68,33.0,178.0,9.0
2023-10-29T18:00:00Z,0.69,42.0,151.0,9.0
2023-10-29T19:00:00Z,0.71,49.0,124.0,8.0
2023-10-29T20:00:00Z,0.69,49.0,108.0,8.0
2023-10-29T21:00:00Z,0.64,49.0,95.0,9.0
2023-10-29T22:00:00Z,0.64,46.0,83.0,9.0
2023-10-29T23:00:00Z,0.66,42.0,79.0,9.0
2023-10-30T00:00:00Z,0.6,39.0,75.0,8.0
2023-10-30T01:00:00Z,0.58,38.0,72.0,8.0
2023-10-30T02:00:00Z,0.63,39.0,66.0,8.0
2023-10-30T03:00:00Z,0.67,41.0,60.0,9.0
2023-10-30T04:00:00Z,0.71,42.0,56.0,9.0
2023-10-30T05:00:00Z,0.71,45.0,49.0,9.0
2023-10-30T06:00:00Z,0.76,49.0,40.0,9.0
2023-10-30T07:00:00Z,0.8,54.0,32.0,10.0
2023-10-30T08:00:00Z,0.91,58.0,36.0,11.0
2023-10-30T09:00:00Z,0.93,56.0,58.0,13.0
2023-10-30T10:00:00Z,0.91,51.0,85.0,14.0
2023-10-30T11:00:00Z,0.86,46.0,114.0,13.0
2023-10-30T12:00:00Z,0.82,34.0,154.0,12.0
2023-10-30T13:00:00Z,0.7,25.0,171.0,10.0
2023-10-30T14:00:00Z,0.69,21.0,178.0,9.0
2023-10-30T15:00:00Z,0.61,19.0,174.0,8.0
2023-10-30T16:00:00Z,0.57,21.0,167.0,8.0
2023-10-30T17:00:00Z,0.59,28.0,154.0,8.0
2023-10-30T18:00:00Z,0.57,39.0,128.0,8.0
2023-10-30T19:00:00Z,0.65,43.0,112.0,8.0
2023-10-30T20:00:00Z,0.65,38.0,115.0,8.0
2023-10-30T21:00:00Z,0.69,34.0,117.0,9.0
2023-10-30T22:00:00Z,0.69,34.0,111.0,9.0
2023-10-30T23:00:00Z,0.71,37.0,96.0,9.0
2023-10-31T00:00:00Z,0.74,40.0,80.0,10.0
2023-10-31T01:00:00Z,0.76,40.0,72.0,10.0
2023-10-31T02:00:00Z,0.79,41.0,69.0,11.0
2023-10-31T03:00:00Z,0.79,43.0,61.0,10.0
2023-10-31T04:00:00Z,0.8,44.0,60.0,10.0
2023-10-31T05:00:00Z,0.81,45.0,56.0,12.0
2023-10-31T06:00:00Z,0.84,44.0,57.0,12.0
2023-10-31T07:00:00Z,0.85,46.0,57.0,11.0
2023-10-31T08:00:00Z,0.94,49.0,56.0,12.0
2023-10-31T09:00:00Z,0.96,49.0,70.0,13.0
2023-10-31T10:00:00Z,0.94,44.0,99.0,12.0
2023-10-31T11:00:00Z,0.79,30.0,136.0,10.0
2023-10-31T12:00:00Z,0.65,23.0,158.0,10.0
2023-10-31T13:00:00Z,0.63,21.0,171.0,9.0
2023-10-31T14:00:00Z,0.59,22.0,176.0,9.0
2023-10-31T15:00:00Z,0.58,23.0,181.0,9.0
2023-10-31T16:00:00Z,0.54,25.0,175.0,8.0
2023-10-31T17:00:00Z,0.6,33.0,160.0,9.0
2023-10-31T18:00:00Z,0.67,41.0,136.0,8.0
2023-10-31T19:00:00Z,0.81,53.0,104.0,8.0
2023-10-31T20:00:00Z,0.84,43.0,107.0,8.0
2023-10-31T21:00:00Z,0.84,37.0,107.0,9.0
2023-10-31T22:00:00Z,0.81,37.0,101.0,9.0
2023-10-31T23:00:00Z,0.81,36.0,93.0,9.0
2023-11-01T00:00:00Z,0.8,36.0,87.0,9.0
2023-11-01T01:00:00Z,0.81,35.0,86.0,9.0
2023-11-01T02:00:00Z,0.8,34.0,92.0,9.0
2023-11-01T03:00:00Z,0.81,30.0,101.0,10.0
2023-11-01T04:00:00Z,0.84,28.0,104.0,10.0
2023-11-01T05:00:00Z,0.83,27.0,103.0,10.0
2023-11-01T06:00:00Z,0.79,26.0,103.0,10.0
2023-11-01T07:00:00Z,0.79,29.0,99.0,10.0
2023-11-01T08:00:00Z,0.83,35.0,92.0,10.0
2023-11-01T09:00:00Z,0.8,32.0,103.0,9.0
2023-11-01T10:00:00Z,0.75,28.0,120.0,10.0
2023-11-01T11:00:00Z,0.74,26.0,134.0,10.0
2023-11-01T12:00:00Z,0.71,22.0,150.0,9.0
2023-11-01T13:00:00Z,0.64,20.0,167.0,9.0
2023-11-01T14:00:00Z,0.64,19.0,181.0,9.0
2023-11-01T15:00:00Z,0.61,20.0,184.0,9.0
2023-11-01T16:00:00Z,0.64,24.0,180.0,8.0
2023-11-01T17:00:00Z,0.61,30.0,170.0,8.0
2023-11-01T18:00:00Z,0.63,38.0,148.0,8.0
2023-11-01T19:00:00Z,0.7,46.0,120.0,8.0
2023-11-01T20:00:00Z,0.7,45.0,101.0,8.0
2023-11-01T21:00:00Z,0.7,44.0,92.0,10.0
2023-11-01T22:00:00Z,0.7,43.0,84.0,9.0
2023-11-01T23:00:00Z,0.69,39.0,89.0,10.0
2023-11-02T00:00:00Z,0.76,40.0,83.0,11.0
2023-11-02T01:00:00Z,0.77,40.0,75.0,11.0
2023-11-02T02:00:00Z,0.8,37.0,72.0,11.0
2023-11-02T03:00:00Z,0.76,36.0,73.0,12.0
2023-11-02T04:00:00Z,0.76,36.0,69.0,12.0
2023-11-02T05:00:00Z,0.77,40.0,61.0,12.0
2023-11-02T06:00:00Z,0.76,42.0,55.0,12.0
2023-11-02T07:00:00Z,0.8,46.0,48.0,12.0
2023-11-02T08:00:00Z,0.84,53.0,42.0,12.0
2023-11-02T09:00:00Z,0.86,49.0,57.0,13.0
2023-11-02T10:00:00Z,0.83,46.0,82.0,12.0
2023-11-02T11:00:00Z,0.79,38.0,119.0,12.0
2023-11-02T12:00:00Z,0.71,29.0,151.0,11.0
2023-11-02T13:00:00Z,0.64,21.0,169.0,10.0
2023-11-02T14:00:00Z,0.59,17.0,180.0,9.0
2023-11-02T15:00:00Z,0.59,19.0,182.0,9.0
2023-11-02T16:00:00Z,0.59,23.0,179.0,9.0
2023-11-02T17:00:00Z,0.6,27.0,171.0,9.0
2023-11-02T18:00:00Z,0.67,38.0,141.0,9.0
2023-11-02T19:00:00Z,0.79,53.0,108.0,9.0
2023-11-02T20:00:00Z,0.76,46.0,101.0,10.0
2023-11-02T21:00:00Z,0.78,41.0,97.0,10.0
2023-11-02T22:00:00Z,0.76,41.0,90.0,11.0
2023-11-02T23:00:00Z,0.79,43.0,80.0,13.0
2023-11-03T00:00:00Z,0.83,47.0,61.0,12.0
2023-11-03T01:00:00Z,0.84,49.0,49.0,12.0
2023-11-03T02:00:00Z,0.86,49.0,42.0,11.0
2023-11-03T03:00:00Z,0.86,51.0,30.0,11.0
2023-11-03T04:00:00Z,0.89,57.0,20.0,11.0
2023-11-03T05:00:00Z,0.89,63.0,13.0,10.0
2023-11-03T06:00:00Z,0.93,71.0,13.0,11.0
2023-11-03T07:00:00Z,0.94,68.0,27.0,14.0
2023-11-03T08:00:00Z,0.86,42.0,62.0,12.0
2023-11-03T09:00:00Z,0.7,28.0,70.0,10.0
2023-11-03T10:00:00Z,0.7,26.0,75.0,9.0
2023-11-03T11:00:00Z,0.78,26.0,88.0,9.0
2023-11-03T12:00:00Z,0.86,25.0,103.0,10.0
2023-11-03T13:00:00Z,0.91,25.0,114.0,10.0
2023-11-03T14:00:00Z,0.96,26.0,121.0,10.0
2023-11-03T15:00:00Z,0.98,31.0,113.0,10.0
2023-11-03T16:00:00Z,0.96,35.0,103.0,10.0
2023-11-03T17:00:00Z,0.88,38.0,90.0,10.0
2023-11-03T18:00:00Z,0.82,42.0,70.0,9.0
2023-11-03T19:00:00Z,0.82,42.0,53.0,10.0
2023-11-03T20:00:00Z,0.81,36.0,49.0,9.0
2023-11-03T21:00:00Z,0.79,34.0,43.0,9.0
2023-11-03T22:00:00Z,0.82,33.0,40.0,10.0
2023-11-03T23:00:00Z,0.85,33.0,37.0,11.0
2023-11-04T00:00:00Z,0.84,35.0,32.0,12.0
2023-11-04T01:00:00Z,0.78,38.0,24.0,11.0
2023-11-04T02:00:00Z,0.71,41.0,17.0,11.0
2023-11-04T03:00:00Z,0.73,43.0,16.0,12.0
2023-11-04T04:00:00Z,0.73,43.0,13.0,12.0
2023-11-04T05:00:00Z,0.65,43.0,13.0,10.0
2023-11-04T06:00:00Z,0.69,40.0,14.0,11.0
2023-11-04T07:00:00Z,0.74,38.0,16.0,10.0
2023-11-04T08:00:00Z,0.74,37.0,16.0,10.0
2023-11-04T09:00:00Z,0.74,37.0,15.0,11.0
2023-11-04T10:00:00Z,0.81,38.0,17.0,11.0
2023-11-04T11:00:00Z,0.88,39.0,16.0,11.0
2023-11-04T12:00:00Z,0.98,39.0,18.0,11.0
2023-11-04T13:00:00Z,0.91,34.0,29.0,10.0
2023-11-04T14:00:00Z,0.88,33.0,37.0,10.0
2023-11-04T15:00:00Z,0.81,32.0,41.0,10.0
2023-11-04T16:00:00Z,0.76,32.0,38.0,10.0
2023-11-04T17:00:00Z,0.65,28.0,42.0,9.0
2023-11-04T18:00:00Z,0.55,25.0,45.0,9.0
2023-11-04T19:00:00Z,0.54,24.0,44.0,8.0
2023-11-04T20:00:00Z,0.54,24.0,42.0,9.0
2023-11-04T21:00:00Z,0.56,24.0,39.0,10.0
2023-11-04T22:00:00Z,0.61,25.0,35.0,10.0
2023-11-04T23:00:00Z,0.65,27.0,29.0,11.0
2023-11-05T00:00:00Z,0.61,26.0,32.0,10.0
2023-11-05T01:00:00Z,0.56,24.0,35.0,10.0
2023-11-05T02:00:00Z,0.55,22.0,36.0,9.0
2023-11-05T03:00:00Z,0.56,22.0,36.0,8.0
2023-11-05T04:00:00Z,0.55,22.0,34.0,7.0
2023-11-05T05:00:00Z,0.55,20.0,33.0,7.0
2023-11-05T06:00:00Z,0.56,19.0,33.0,6.0
2023-11-05T07:00:00Z,0.55,21.0,29.0,6.0
2023-11-05T08:00:00Z,0.55,22.0,25.0,6.0
2023-11-05T09:00:00Z,0.57,24.0,18.0,6.0
2023-11-05T10:00:00Z,0.64,29.0,13.0,6.0
2023-11-05T11:00:00Z,0.61,26.0,21.0,6.0
2023-11-05T12:00:00Z,0.64,25.0,32.0,6.0
2023-11-05T13:00:00Z,0.64,22.0,45.0,6.0
2023-11-05T14:00:00Z,0.66,20.0,47.0,6.0
2023-11-05T15:00:00Z,0.77,25.0,23.0,6.0
2023-11-05T16:00:00Z,0.75,27.0,14.0,5.0
2023-11-05T17:00:00Z,0.65,24.0,26.0,5.0
2023-11-05T18:00:00Z,0.56,19.0,41.0,6.0
2023-11-05T19:00:00Z,0.55,17.0,47.0,5.0
2023-11-05T20:00:00Z,0.6,19.0,42.0,6.0
2023-11-05T21:00:00Z,0.61,18.0,45.0,6.0
2023-11-05T22:00:00Z,0.61,17.0,48.0,6.0
2023-11-05T23:00:00Z,0.59,16.0,51.0,6.0
2023-11-06T00:00:00Z,0.57,16.0,49.0,6.0
2023-11-06T01:00:00Z,0.57,16.0,50.0,6.0
2023-11-06T02:00:00Z,0.57,15.0,54.0,6.0
2023-11-06T03:00:00Z,0.55,15.0,55.0,7.0
2023-11-06T04:00:00Z,0.55,15.0,52.0,7.0
2023-11-06T05:00:00Z,0.55,17.0,45.0,8.0
2023-11-06T06:00:00Z,0.54,19.0,42.0,8.0
2023-11-06T07:00:00Z,0.54,20.0,40.0,8.0
2023-11-06T08:00:00Z,0.54,21.0,37.0,9.0
2023-11-06T09:00:00Z,0.5,18.0,45.0,9.0
2023-11-06T10:00:00Z,0.46,15.0,54.0,9.0
2023-11-06T11:00:00Z,0.44,14.0,62.0,9.0
2023-11-06T12:00:00Z,0.44,14.0,66.0,8.0
2023-11-06T13:00:00Z,0.42,13.0,69.0,7.0
2023-11-06T14:00:00Z,0.42,13.0,75.0,7.0
2023-11-06T15:00:00Z,0.41,14.0,79.0,7.0
2023-11-06T16:00:00Z,0.4,16.0,77.0,7.0
2023-11-06T17:00:00Z,0.42,19.0,73.0,7.0
2023-11-06T18:00:00Z,0.47,25.0,65.0,7.0
2023-11-06T19:00:00Z,0.52,33.0,55.0,7.0
2023-11-06T20:00:00Z,0.54,34.0,48.0,9.0
2023-11-06T21:00:00Z,0.59,37.0,38.0,9.0
2023-11-06T22:00:00Z,0.59,44.0,25.0,8.0
2023-11-06T23:00:00Z,0.59,49.0,16.0,7.0
2023-11-07T00:00:00Z,0.64,51.0,10.0,7.0
2023-11-07T01:00:00Z,0.6,44.0,10.0,6.0
2023-11-07T02:00:00Z,0.65,39.0,13.0,7.0
2023-11-07T03:00:00Z,0.68,45.0,7.0,9.0
2023-11-07T04:00:00Z,0.67,48.0,7.0,10.0
2023-11-07T05:00:00Z,0.69,50.0,6.0,11.0
2023-11-07T06:00:00Z,0.67,46.0,16.0,10.0
2023-11-07T07:00:00Z,0.72,45.0,18.0,8.0
2023-11-07T08:00:00Z,0.76,41.0,23.0,9.0
2023-11-07T09:00:00Z,0.76,35.0,39.0,10.0
2023-11-07T10:00:00Z,0.61,31.0,50.0,9.0
2023-11-07T11:00:00Z,0.5,21.0,69.0,8.0
2023-11-07T12:00:00Z,0.43,16.0,83.0,8.0
2023-11-07T13:00:00Z,0.41,15.0,88.0,8.0
2023-11-07T14:00:00Z,0.4,18.0,89.0,7.0
2023-11-07T15:00:00Z,0.41,20.0,92.0,8.0
2023-11-07T16:00:00Z,0.41,22.0,94.0,7.0
2023-11-07T17:00:00Z,0.38,26.0,86.0,7.0
2023-11-07T18:00:00Z,0.39,29.0,80.0,7.0
2023-11-07T19:00:00Z,0.41,31.0,76.0,7.0
2023-11-07T20:00:00Z,0.44,31.0,72.0,7.0
2023-11-07T21:00:00Z,0.47,29.0,73.0,8.0
2023-11-07T22:00:00Z,0.5,31.0,67.0,8.0
2023-11-07T23:00:00Z,0.51,31.0,64.0,9.0
2023-11-08T00:00:00Z,0.53,32.0,61.0,9.0
2023-11-08T01:00:00Z,0.54,32.0,57.0,9.0
2023-11-08T02:00:00Z,0.54,33.0,50.0,9.0
2023-11-08T03:00:00Z,0.54,36.0,43.0,9.0
2023-11-08T04:00:00Z,0.54,43.0,33.0,8.0
2023-11-08T05:00:00Z,0.6,46.0,28.0,10.0
2023-11-08T06:00:00Z,0.59,47.0,24.0,9.0
2023-11-08T07:00:00Z,0.68,48.0,21.0,9.0
2023-11-08T08:00:00Z,0.71,48.0,18.0,9.0
2023-11-08T09:00:00Z,0.8,44.0,28.0,11.0
2023-11-08T10:00:00Z,0.79,42.0,46.0,12.0
2023-11-08T11:00:00Z,0.8,41.0,67.0,12.0
2023-11-08T12:00:00Z,0.81,41.0,85.0,12.0
2023-11-08T13:00:00Z,0.73,37.0,105.0,11.0
2023-11-08T14:00:00Z,0.69,36.0,121.0,10.0
2023-11-08T15:00:00Z,0.66,38.0,128.0,10.0
2023-11-08T16:00:00Z,0.69,43.0,127.0,10.0
2023-11-08T17:00:00Z,0.7,49.0,118.0,9.0
2023-11-08T19:00:00Z,0.81,61.0,88.0,9.0
2023-11-08T20:00:00Z,0.84,59.0,85.0,9.0
2023-11-08T21:00:00Z,0.89,66.0,65.0,9.0
2023-11-08T22:00:00Z,0.98,76.0,38.0,8.0
2023-11-08T23:00:00Z,1.06,78.0,23.0,8.0
2023-11-09T00:00:00Z,1.06,74.0,16.0,7.0
2023-11-09T01:00:00Z,1.02,73.0,12.0,8.0
2023-11-09T02:00:00Z,1.01,74.0,8.0,7.0
2023-11-09T03:00:00Z,0.98,67.0,9.0,7.0
2023-11-09T04:00:00Z,0.94,66.0,13.0,8.0
2023-11-09T05:00:00Z,0.99,70.0,7.0,8.0
2023-11-09T06:00:00Z,0.96,69.0,5.0,8.0
2023-11-09T07:00:00Z,0.99,70.0,4.0,8.0
2023-11-09T08:00:00Z,1.09,70.0,7.0,9.0
2023-11-09T09:00:00Z,1.35,70.0,24.0,13.0
2023-11-09T10:00:00Z,1.21,55.0,65.0,16.0
2023-11-09T11:00:00Z,1.03,42.0,92.0,17.0
2023-11-09T12:00:00Z,0.96,35.0,114.0,16.0
2023-11-09T13:00:00Z,0.94,35.0,123.0,14.0
2023-11-09T14:00:00Z,0.86,31.0,131.0,13.0
2023-11-09T15:00:00Z,0.85,33.0,134.0,12.0
2023-11-09T16:00:00Z,0.88,36.0,129.0,11.0
2023-11-09T17:00:00Z,0.84,37.0,112.0,11.0
2023-11-09T18:00:00Z,0.67,33.0,66.0,7.0
2023-11-09T19:00:00Z,0.61,31.0,50.0,6.0
2023-11-09T20:00:00Z,0.63,30.0,41.0,6.0
2023-11-09T21:00:00Z,0.67,29.0,38.0,6.0
2023-11-09T22:00:00Z,0.71,32.0,35.0,6.0
2023-11-09T23:00:00Z,0.59,26.0,48.0,6.0
2023-11-10T00:00:00Z,0.46,26.0,53.0,6.0
2023-11-10T01:00:00Z,0.49,28.0,48.0,7.0
2023-11-10T02:00:00Z,0.51,28.0,44.0,7.0
2023-11-10T03:00:00Z,0.5,26.0,46.0,7.0
2023-11-10T04:00:00Z,0.41,24.0,52.0,7.0
2023-11-10T05:00:00Z,0.4,22.0,54.0,7.0
2023-11-10T06:00:00Z,0.41,22.0,54.0,8.0
2023-11-10T07:00:00Z,0.43,25.0,51.0,8.0
2023-11-10T08:00:00Z,0.44,26.0,53.0,8.0
2023-11-10T09:00:00Z,0.44,23.0,59.0,8.0
2023-11-10T10:00:00Z,0.42,20.0,65.0,8.0
2023-11-10T11:00:00Z,0.43,20.0,71.0,8.0
2023-11-10T12:00:00Z,0.43,20.0,74.0,8.0
2023-11-10T13:00:00Z,0.42,19.0,77.0,8.0
2023-11-10T14:00:00Z,0.44,21.0,75.0,8.0
2023-11-10T15:00:00Z,0.46,24.0,72.0,9.0
2023-11-10T16:00:00Z,0.46,25.0,70.0,9.0
2023-11-10T17:00:00Z,0.47,28.0,64.0,9.0
2023-11-10T18:00:00Z,0.51,32.0,58.0,9.0
2023-11-10T19:00:00Z,0.53,34.0,55.0,8.0
2023-11-10T20:00:00Z,0.49,33.0,53.0,9.0
2023-11-10T21:00:00Z,0.49,33.0,48.0,9.0
2023-11-10T22:00:00Z,0.49,33.0,47.0,8.0
2023-11-10T23:00:00Z,0.51,35.0,42.0,9.0
2023-11-11T00:00:00Z,0.5,33.0,44.0,10.0
2023-11-11T01:00:00Z,0.45,29.0,48.0,9.0
2023-11-11T02:00:00Z,0.46,31.0,42.0,8.0
2023-11-11T03:00:00Z,0.49,30.0,43.0,8.0
2023-11-11T04:00:00Z,0.49,27.0,45.0,9.0
2023-11-11T05:00:00Z,0.45,23.0,50.0,8.0
2023-11-11T06:00:00Z,0.5,21.0,52.0,9.0
2023-11-11T07:00:00Z,0.51,24.0,46.0,9.0
2023-11-11T08:00:00Z,0.54,26.0,42.0,8.0
2023-11-11T09:00:00Z,0.55,27.0,40.0,7.0
2023-11-11T10:00:00Z,0.56,29.0,38.0,8.0
2023-11-11T11:00:00Z,0.57,31.0,37.0,7.0
2023-11-11T12:00:00Z,0.6,31.0,37.0,8.0
2023-11-11T13:00:00Z,0.64,32.0,35.0,11.0
2023-11-11T14:00:00Z,0.7,33.0,31.0,7.0
2023-11-11T15:00:00Z,0.8,36.0,24.0,6.0
2023-11-11T16:00:00Z,0.77,37.0,25.0,6.0
2023-11-11T17:00:00Z,0.72,40.0,21.0,6.0
2023-11-11T18:00:00Z,0.7,43.0,15.0,6.0
2023-11-11T19:00:00Z,0.72,45.0,11.0,6.0
2023-11-11T20:00:00Z,0.71,41.0,15.0,8.0
2023-11-11T21:00:00Z,0.71,38.0,19.0,7.0
2023-11-11T22:00:00Z,0.7,36.0,19.0,7.0
2023-11-11T23:00:00Z,0.65,34.0,17.0,7.0
2023-11-12T00:00:00Z,0.65,34.0,15.0,7.0
2023-11-12T01:00:00Z,0.6,35.0,13.0,7.0
2023-11-12T02:00:00Z,0.61,34.0,14.0,8.0
2023-11-12T03:00:00Z,0.63,34.0,13.0,7.0
2023-11-12T04:00:00Z,0.65,33.0,14.0,7.0
2023-11-12T05:00:00Z,0.69,33.0,12.0,8.0
2023-11-12T06:00:00Z,0.69,34.0,10.0,9.0
2023-11-12T07:00:00Z,0.71,36.0,7.0,9.0
2023-11-12T08:00:00Z,0.7,33.0,10.0,9.0
2023-11-12T09:00:00Z,0.83,30.0,16.0,11.0
2023-11-12T10:00:00Z,0.86,28.0,28.0,12.0
2023-11-12T11:00:00Z,0.8,26.0,45.0,11.0
2023-11-12T12:00:00Z,0.6,22.0,63.0,10.0
2023-11-12T13:00:00Z,0.49,21.0,74.0,8.0
2023-11-12T14:00:00Z,0.47,23.0,76.0,9.0
2023-11-12T15:00:00Z,0.46,25.0,77.0,9.0
2023-11-12T16:00:00Z,0.46,25.0,79.0,9.0
2023-11-12T17:00:00Z,0.47,29.0,71.0,9.0
2023-11-12T18:00:00Z,0.51,34.0,62.0,9.0
2023-11-12T19:00:00Z,0.55,36.0,55.0,10.0
2023-11-12T20:00:00Z,0.57,39.0,48.0,10.0
2023-11-12T21:00:00Z,0.63,39.0,43.0,10.0
2023-11-12T22:00:00Z,0.63,33.0,49.0,9.0
2023-11-12T23:00:00Z,0.59,34.0,43.0,8.0
2023-11-13T00:00:00Z,0.64,39.0,33.0,8.0
2023-11-13T01:00:00Z,0.74,39.0,32.0,9.0
2023-11-13T02:00:00Z,0.73,36.0,39.0,9.0
2023-11-13T03:00:00Z,0.61,33.0,40.0,9.0
2023-11-13T04:00:00Z,0.61,33.0,38.0,9.0
2023-11-13T05:00:00Z,0.63,37.0,27.0,8.0
2023-11-13T06:00:00Z,0.67,47.0,15.0,9.0
2023-11-13T07:00:00Z,0.73,52.0,9.0,10.0
2023-11-13T08:00:00Z,0.7,45.0,13.0,11.0
2023-11-13T09:00:00Z,0.69,39.0,26.0,13.0
2023-11-13T10:00:00Z,0.59,29.0,49.0,13.0
2023-11-13T11:00:00Z,0.56,26.0,57.0,11.0
2023-11-13T12:00:00Z,0.56,26.0,61.0,11.0
2023-11-13T13:00:00Z,0.55,26.0,64.0,11.0
2023-11-13T14:00:00Z,0.55,28.0,66.0,10.0
2023-11-13T15:00:00Z,0.51,30.0,67.0,10.0
2023-11-13T16:00:00Z,0.51,33.0,62.0,9.0
2023-11-13T17:00:00Z,0.54,38.0,53.0,9.0
2023-11-13T18:00:00Z,0.57,41.0,46.0,8.0
2023-11-13T19:00:00Z,0.64,49.0,34.0,8.0
2023-11-13T20:00:00Z,0.65,51.0,27.0,7.0
2023-11-13T21:00:00Z,0.71,55.0,20.0,8.0
2023-11-13T22:00:00Z,0.7,56.0,17.0,8.0
2023-11-13T23:00:00Z,0.7,55.0,18.0,8.0
2023-11-14T00:00:00Z,0.69,52.0,16.0,7.0
2023-11-14T01:00:00Z,0.65,48.0,19.0,7.0
2023-11-14T02:00:00Z,0.66,50.0,14.0,8.0
2023-11-14T03:00:00Z,0.68,51.0,9.0,8.0
2023-11-14T04:00:00Z,0.64,50.0,9.0,8.0
2023-11-14T05:00:00Z,0.66,48.0,8.0,8.0
2023-11-14T06:00:00Z,0.71,48.0,6.0,8.0
2023-11-14T07:00:00Z,0.82,47.0,5.0,8.0
2023-11-14T08:00:00Z,0.91,49.0,7.0,9.0
2023-11-14T09:00:00Z,0.86,49.0,18.0,13.0
2023-11-14T10:00:00Z,0.73,38.0,42.0,13.0
2023-11-14T11:00:00Z,0.61,33.0,54.0,13.0
2023-11-14T12:00:00Z,0.6,30.0,64.0,12.0
2023-11-14T13:00:00Z,0.6,31.0,71.0,12.0
2023-11-14T14:00:00Z,0.57,30.0,81.0,11.0
2023-11-14T15:00:00Z,0.56,29.0,90.0,10.0
2023-11-14T16:00:00Z,0.57,31.0,91.0,10.0
2023-11-14T17:00:00Z,0.63,37.0,84.0,11.0
2023-11-14T18:00:00Z,0.72,53.0,57.0,10.0
2023-11-14T19:00:00Z,0.91,74.0,22.0,9.0
2023-11-14T20:00:00Z,1.01,78.0,11.0,9.0
2023-11-14T21:00:00Z,1.01,76.0,10.0,9.0
2023-11-14T22:00:00Z,0.95,76.0,10.0,9.0
2023-11-14T23:00:00Z,1.0,74.0,8.0,9.0
2023-11-15T00:00:00Z,1.0,70.0,8.0,9.0
2023-11-15T01:00:00Z,0.98,66.0,6.0,8.0
2023-11-15T02:00:00Z,0.97,61.0,8.0,8.0
2023-11-15T03:00:00Z,1.0,59.0,8.0,8.0
2023-11-15T04:00:00Z,0.97,61.0,7.0,9.0
2023-11-15T05:00:00Z,0.9,64.0,5.0,8.0
2023-11-15T06:00:00Z,0.89,66.0,4.0,9.0
2023-11-15T07:00:00Z,0.97,64.0,3.0,10.0
2023-11-15T08:00:00Z,1.09,62.0,6.0,10.0
2023-11-15T09:00:00Z,1.04,63.0,12.0,10.0
2023-11-15T10:00:00Z,0.88,60.0,24.0,10.0
2023-11-15T11:00:00Z,0.72,52.0,45.0,10.0
2023-11-15T12:00:00Z,0.74,46.0,59.0,10.0
2023-11-15T13:00:00Z,0.66,35.0,80.0,11.0
2023-11-15T14:00:00Z,0.6,27.0,104.0,11.0
2023-11-15T15:00:00Z,0.6,28.0,104.0,10.0
2023-11-15T16:00:00Z,0.61,33.0,98.0,10.0
2023-11-15T17:00:00Z,0.64,44.0,83.0,9.0
2023-11-15T18:00:00Z,0.75,61.0,54.0,9.0
2023-11-15T19:00:00Z,0.91,81.0,25.0,8.0
2023-11-15T20:00:00Z,0.99,88.0,14.0,9.0
2023-11-15T21:00:00Z,1.0,85.0,11.0,9.0
2023-11-15T22:00:00Z,1.04,83.0,8.0,9.0
2023-11-15T23:00:00Z,0.93,81.0,11.0,9.0
2023-11-16T00:00:00Z,0.8,69.0,25.0,11.0
2023-11-16T01:00:00Z,0.74,62.0,31.0,11.0
2023-11-16T02:00:00Z,0.72,63.0,25.0,10.0
2023-11-16T03:00:00Z,0.64,50.0,39.0,9.0
2023-11-16T04:00:00Z,0.57,31.0,61.0,9.0
2023-11-16T05:00:00Z,0.55,23.0,66.0,9.0
2023-11-16T06:00:00Z,0.6,25.0,53.0,9.0
2023-11-16T07:00:00Z,0.63,31.0,39.0,9.0
2023-11-16T08:00:00Z,0.69,36.0,28.0,11.0
2023-11-16T09:00:00Z,0.68,30.0,33.0,11.0
2023-11-16T10:00:00Z,0.56,24.0,44.0,9.0
2023-11-16T11:00:00Z,0.45,20.0,54.0,8.0
2023-11-16T12:00:00Z,0.37,15.0,67.0,7.0
2023-11-16T13:00:00Z,0.34,14.0,76.0,6.0
2023-11-16T14:00:00Z,0.33,14.0,78.0,7.0
2023-11-16T15:00:00Z,0.31,15.0,81.0,6.0
2023-11-16T16:00:00Z,0.3,16.0,80.0,7.0
2023-11-16T17:00:00Z,0.31,19.0,77.0,7.0
2023-11-16T18:00:00Z,0.36,26.0,65.0,7.0
2023-11-16T19:00:00Z,0.45,35.0,51.0,7.0
2023-11-16T20:00:00Z,0.5,45.0,36.0,8.0
2023-11-16T21:00:00Z,0.61,55.0,20.0,8.0
2023-11-16T22:00:00Z,0.66,57.0,14.0,9.0
2023-11-16T23:00:00Z,0.6,58.0,11.0,9.0
2023-11-17T00:00:00Z,0.59,60.0,11.0,9.0
2023-11-17T01:00:00Z,0.61,59.0,9.0,10.0
2023-11-17T02:00:00Z,0.57,50.0,17.0,9.0
2023-11-17T03:00:00Z,0.53,42.0,22.0,9.0
2023-11-17T04:00:00Z,0.5,35.0,28.0,9.0
2023-11-17T05:00:00Z,0.49,31.0,31.0,8.0
2023-11-17T06:00:00Z,0.44,27.0,35.0,8.0
2023-11-17T07:00:00Z,0.46,30.0,32.0,9.0
2023-11-17T08:00:00Z,0.5,32.0,30.0,10.0
2023-11-17T09:00:00Z,0.59,29.0,33.0,12.0
2023-11-17T10:00:00Z,0.57,28.0,40.0,13.0
2023-11-17T11:00:00Z,0.47,23.0,53.0,10.0
2023-11-17T12:00:00Z,0.41,19.0,62.0,8.0
2023-11-17T13:00:00Z,0.37,18.0,66.0,8.0
2023-11-17T14:00:00Z,0.36,18.0,70.0,8.0
2023-11-17T15:00:00Z,0.37,18.0,72.0,8.0
2023-11-17T16:00:00Z,0.33,18.0,71.0,8.0
2023-11-17T17:00:00Z,0.35,22.0,66.0,8.0
2023-11-17T18:00:00Z,0.4,31.0,51.0,8.0
2023-11-17T19:00:00Z,0.54,43.0,36.0,9.0
2023-11-17T20:00:00Z,0.64,52.0,20.0,8.0
2023-11-17T21:00:00Z,0.73,57.0,11.0,9.0
2023-11-17T22:00:00Z,0.81,55.0,10.0,9.0
2023-11-17T23:00:00Z,0.82,55.0,7.0,9.0
2023-11-18T00:00:00Z,0.76,54.0,8.0,10.0
2023-11-18T01:00:00Z,0.76,54.0,6.0,12.0
2023-11-18T02:00:00Z,0.74,53.0,7.0,11.0
2023-11-18T03:00:00Z,0.71,52.0,9.0,12.0
2023-11-18T04:00:00Z,0.74,52.0,7.0,12.0
2023-11-18T05:00:00Z,0.72,49.0,7.0,11.0
2023-11-18T06:00:00Z,0.75,48.0,7.0,11.0
2023-11-18T07:00:00Z,0.8,47.0,5.0,10.0
2023-11-18T08:00:00Z,0.99,47.0,6.0,12.0
2023-11-18T09:00:00Z,0.96,51.0,12.0,15.0
2023-11-18T10:00:00Z,0.79,51.0,25.0,15.0
2023-11-18T11:00:00Z,0.61,41.0,48.0,13.0
2023-11-18T12:00:00Z,0.49,24.0,73.0,10.0
2023-11-18T13:00:00Z,0.45,20.0,83.0,10.0
2023-11-18T14:00:00Z,0.47,21.0,88.0,10.0
2023-11-18T15:00:00Z,0.47,26.0,85.0,10.0
2023-11-18T16:00:00Z,0.47,31.0,83.0,11.0
2023-11-18T17:00:00Z,0.49,33.0,78.0,11.0
2023-11-18T18:00:00Z,0.59,49.0,54.0,11.0
2023-11-18T19:00:00Z,0.67,58.0,38.0,11.0
2023-11-18T20:00:00Z,0.77,59.0,38.0,13.0
2023-11-18T21:00:00Z,0.74,57.0,34.0,12.0
2023-11-18T22:00:00Z,0.74,59.0,29.0,12.0
2023-11-18T23:00:00Z,0.71,59.0,26.0,12.0
2023-11-19T00:00:00Z,0.71,55.0,27.0,11.0
2023-11-19T01:00:00Z,0.7,54.0,26.0,11.0
2023-11-19T02:00:00Z,0.66,50.0,29.0,11.0
2023-11-19T03:00:00Z,0.67,48.0,31.0,11.0
2023-11-19T04:00:00Z,0.66,48.0,33.0,11.0
2023-11-19T05:00:00Z,0.7,49.0,29.0,10.0
2023-11-19T06:00:00Z,0.7,48.0,30.0,10.0
2023-11-19T07:00:00Z,0.74,50.0,28.0,12.0
2023-11-19T08:00:00Z,0.77,50.0,25.0,11.0
2023-11-19T09:00:00Z,0.84,50.0,28.0,12.0
2023-11-19T10:00:00Z,0.76,46.0,42.0,13.0
2023-11-19T11:00:00Z,0.69,35.0,64.0,12.0
2023-11-19T12:00:00Z,0.66,32.0,76.0,13.0
2023-11-19T13:00:00Z,0.64,30.0,86.0,12.0
2023-11-19T14:00:00Z,0.64,30.0,95.0,13.0
2023-11-19T15:00:00Z,0.69,31.0,100.0,12.0
2023-11-19T16:00:00Z,0.7,35.0,101.0,13.0
2023-11-19T17:00:00Z,0.71,42.0,90.0,14.0
2023-11-19T18:00:00Z,0.76,60.0,59.0,12.0
2023-11-19T19:00:00Z,1.05,83.0,25.0,11.0
2023-11-19T20:00:00Z,1.16,87.0,16.0,11.0
2023-11-19T21:00:00Z,1.28,88.0,11.0,10.0
2023-11-19T22:00:00Z,1.35,86.0,7.0,10.0
2023-11-19T23:00:00Z,1.36,81.0,6.0,9.0
2023-11-20T00:00:00Z,1.36,80.0,9.0,10.0
2023-11-20T01:00:00Z,1.44,83.0,6.0,11.0
2023-11-20T02:00:00Z,1.31,87.0,5.0,13.0
2023-11-20T03:00:00Z,1.21,88.0,5.0,14.0
2023-11-20T04:00:00Z,1.17,85.0,5.0,15.0
2023-11-20T05:00:00Z,1.17,84.0,5.0,16.0
2023-11-20T06:00:00Z,1.24,82.0,5.0,17.0
2023-11-20T07:00:00Z,1.31,82.0,5.0,21.0
2023-11-20T08:00:00Z,1.4,78.0,7.0,22.0
2023-11-20T09:00:00Z,1.44,72.0,12.0,24.0
2023-11-20T10:00:00Z,1.29,63.0,29.0,23.0
2023-11-20T11:00:00Z,1.09,47.0,61.0,18.0
2023-11-20T12:00:00Z,0.93,33.0,95.0,15.0
2023-11-20T13:00:00Z,0.84,30.0,116.0,13.0
2023-11-20T14:00:00Z,0.79,27.0,133.0,12.0
2023-11-20T15:00:00Z,0.75,26.0,145.0,12.0
2023-11-20T16:00:00Z,0.74,28.0,146.0,12.0
2023-11-20T17:00:00Z,0.79,35.0,132.0,11.0
2023-11-20T18:00:00Z,0.86,53.0,100.0,11.0
2023-11-20T19:00:00Z,0.93,68.0,77.0,10.0
2023-11-20T20:00:00Z,0.86,53.0,88.0,11.0
2023-11-20T21:00:00Z,0.8,43.0,91.0,10.0
2023-11-20T22:00:00Z,0.84,47.0,83.0,10.0
2023-11-20T23:00:00Z,0.83,49.0,74.0,10.0
2023-11-21T00:00:00Z,0.84,55.0,60.0,9.0
2023-11-21T01:00:00Z,0.88,55.0,55.0,9.0
2023-11-21T02:00:00Z,0.88,49.0,53.0,9.0
2023-11-21T03:00:00Z,0.89,46.0,47.0,9.0
2023-11-21T04:00:00Z,0.9,50.0,33.0,8.0
2023-11-21T05:00:00Z,0.91,50.0,27.0,8.0
2023-11-21T06:00:00Z,0.91,48.0,24.0,8.0
2023-11-21T07:00:00Z,0.95,46.0,22.0,8.0
2023-11-21T08:00:00Z,1.04,49.0,18.0,9.0
2023-11-21T09:00:00Z,1.0,47.0,29.0,11.0
2023-11-21T10:00:00Z,0.96,43.0,54.0,13.0
2023-11-21T11:00:00Z,0.98,41.0,75.0,14.0
2023-11-21T12:00:00Z,0.91,37.0,97.0,14.0
2023-11-21T13:00:00Z,0.9,34.0,114.0,13.0
2023-11-21T14:00:00Z,0.76,29.0,129.0,12.0
2023-11-21T15:00:00Z,0.66,28.0,133.0,11.0
2023-11-21T16:00:00Z,0.66,28.0,137.0,10.0
2023-11-21T17:00:00Z,0.69,35.0,124.0,9.0
2023-11-21T18:00:00Z,0.76,50.0,98.0,10.0
2023-11-21T19:00:00Z,0.79,49.0,91.0,10.0
2023-11-21T20:00:00Z,0.8,48.0,84.0,11.0
2023-11-21T21:00:00Z,0.84,48.0,78.0,11.0
2023-11-21T22:00:00Z,0.91,48.0,79.0,12.0
2023-11-21T23:00:00Z,0.95,50.0,67.0,11.0
2023-11-22T00:00:00Z,0.96,50.0,61.0,10.0
2023-11-22T01:00:00Z,0.96,54.0,50.0,9.0
2023-11-22T02:00:00Z,0.95,54.0,44.0,9.0
2023-11-22T03:00:00Z,0.95,55.0,36.0,9.0
2023-11-22T04:00:00Z,0.9,52.0,36.0,9.0
2023-11-22T05:00:00Z,0.87,52.0,30.0,9.0
2023-11-22T06:00:00Z,0.94,56.0,23.0,11.0
2023-11-22T07:00:00Z,1.01,61.0,14.0,12.0
2023-11-22T08:00:00Z,1.07,63.0,10.0,12.0
2023-11-22T09:00:00Z,1.13,63.0,16.0,14.0
2023-11-22T10:00:00Z,1.07,64.0,24.0,16.0
2023-11-22T11:00:00Z,1.0,55.0,53.0,16.0
2023-11-22T12:00:00Z,0.92,44.0,77.0,14.0
2023-11-22T13:00:00Z,0.89,37.0,92.0,15.0
2023-11-22T14:00:00Z,0.89,34.0,102.0,14.0
2023-11-22T15:00:00Z,0.97,33.0,118.0,14.0
2023-11-22T16:00:00Z,0.96,34.0,119.0,14.0
2023-11-22T17:00:00Z,0.99,41.0,105.0,13.0
2023-11-22T18:00:00Z,1.06,49.0,84.0,12.0
2023-11-22T19:00:00Z,1.18,57.0,64.0,11.0
2023-11-22T20:00:00Z,1.24,69.0,46.0,10.0
2023-11-22T21:00:00Z,1.26,66.0,45.0,11.0
2023-11-22T22:00:00Z,1.24,60.0,50.0,13.0
2023-11-22T23:00:00Z,1.25,65.0,35.0,13.0
2023-11-23T00:00:00Z,1.3,67.0,25.0,13.0
2023-11-23T01:00:00Z,1.33,66.0,23.0,14.0
2023-11-23T02:00:00Z,1.26,61.0,25.0,15.0
2023-11-23T03:00:00Z,1.3,60.0,27.0,14.0
2023-11-23T04:00:00Z,1.33,58.0,23.0,13.0
2023-11-23T05:00:00Z,1.31,59.0,22.0,13.0
2023-11-23T06:00:00Z,1.29,53.0,35.0,18.0
2023-11-23T07:00:00Z,1.13,49.0,36.0,15.0
2023-11-23T08:00:00Z,0.8,39.0,40.0,10.0
2023-11-23T09:00:00Z,0.51,23.0,53.0,7.0
2023-11-23T10:00:00Z,0.39,15.0,61.0,6.0
2023-11-23T11:00:00Z,0.38,16.0,67.0,6.0
2023-11-23T12:00:00Z,0.39,14.0,71.0,6.0
2023-11-23T13:00:00Z,0.41,15.0,72.0,7.0
2023-11-23T14:00:00Z,0.39,16.0,72.0,7.0
2023-11-23T15:00:00Z,0.36,16.0,76.0,6.0
2023-11-23T16:00:00Z,0.34,17.0,77.0,6.0
2023-11-23T17:00:00Z,0.33,19.0,73.0,6.0
2023-11-23T18:00:00Z,0.41,23.0,65.0,7.0
2023-11-23T19:00:00Z,0.44,23.0,63.0,7.0
2023-11-23T20:00:00Z,0.46,25.0,57.0,7.0
2023-11-23T21:00:00Z,0.51,28.0,53.0,8.0
2023-11-23T22:00:00Z,0.56,24.0,56.0,8.0
2023-11-23T23:00:00Z,0.44,26.0,52.0,7.0
2023-11-24T00:00:00Z,0.59,32.0,41.0,8.0
2023-11-24T01:00:00Z,0.6,40.0,29.0,8.0
2023-11-24T02:00:00Z,0.51,41.0,26.0,9.0
2023-11-24T03:00:00Z,0.53,36.0,30.0,8.0
2023-11-24T04:00:00Z,0.53,34.0,29.0,7.0
2023-11-24T05:00:00Z,0.53,35.0,27.0,7.0
2023-11-24T06:00:00Z,0.56,39.0,21.0,8.0
2023-11-24T07:00:00Z,0.59,43.0,14.0,9.0
2023-11-24T08:00:00Z,0.6,44.0,15.0,9.0
2023-11-24T09:00:00Z,0.54,30.0,37.0,8.0
2023-11-24T10:00:00Z,0.51,20.0,52.0,7.0
2023-11-24T11:00:00Z,0.47,18.0,59.0,7.0
2023-11-24T12:00:00Z,0.47,18.0,64.0,7.0
2023-11-24T13:00:00Z,0.47,18.0,67.0,8.0
2023-11-24T14:00:00Z,0.46,19.0,69.0,8.0
2023-11-24T15:00:00Z,0.47,21.0,68.0,9.0
2023-11-24T16:00:00Z,0.46,23.0,66.0,10.0
2023-11-24T17:00:00Z,0.46,28.0,62.0,8.0
2023-11-24T18:00:00Z,0.53,37.0,53.0,8.0
2023-11-24T19:00:00Z,0.57,47.0,36.0,8.0
2023-11-24T20:00:00Z,0.6,45.0,31.0,9.0
2023-11-24T21:00:00Z,0.63,41.0,30.0,10.0
2023-11-24T22:00:00Z,0.66,39.0,29.0,13.0
2023-11-24T23:00:00Z,0.64,36.0,31.0,11.0
2023-11-25T00:00:00Z,0.65,31.0,36.0,9.0
2023-11-25T01:00:00Z,0.67,27.0,40.0,10.0
2023-11-25T02:00:00Z,0.7,27.0,39.0,10.0
2023-11-25T03:00:00Z,0.81,30.0,34.0,11.0
2023-11-25T04:00:00Z,0.86,38.0,24.0,14.0
2023-11-25T05:00:00Z,0.91,39.0,20.0,14.0
2023-11-25T06:00:00Z,0.99,37.0,18.0,12.0
2023-11-25T07:00:00Z,1.01,38.0,15.0,13.0
2023-11-25T08:00:00Z,1.04,38.0,15.0,15.0
2023-11-25T09:00:00Z,1.07,34.0,21.0,16.0
2023-11-25T10:00:00Z,0.97,27.0,35.0,15.0
2023-11-25T11:00:00Z,0.83,23.0,48.0,11.0
2023-11-25T12:00:00Z,0.57,17.0,64.0,7.0
2023-11-25T13:00:00Z,0.49,14.0,74.0,7.0
2023-11-25T14:00:00Z,0.44,15.0,77.0,7.0
2023-11-25T15:00:00Z,0.41,17.0,77.0,7.0
2023-11-25T16:00:00Z,0.41,19.0,74.0,6.0
2023-11-25T17:00:00Z,0.45,23.0,68.0,6.0
2023-11-25T18:00:00Z,0.47,28.0,61.0,6.0
2023-11-25T19:00:00Z,0.51,29.0,57.0,7.0
2023-11-25T20:00:00Z,0.56,35.0,46.0,7.0
2023-11-25T21:00:00Z,0.59,42.0,33.0,7.0
2023-11-25T22:00:00Z,0.6,50.0,21.0,7.0
2023-11-25T23:00:00Z,0.6,54.0,16.0,7.0
2023-11-26T00:00:00Z,0.55,45.0,23.0,7.0
2023-11-26T01:00:00Z,0.56,39.0,23.0,7.0
2023-11-26T02:00:00Z,0.56,45.0,14.0,6.0
2023-11-26T03:00:00Z,0.58,46.0,9.0,6.0
2023-11-26T04:00:00Z,0.56,43.0,11.0,6.0
2023-11-26T05:00:00Z,0.59,42.0,10.0,6.0
2023-11-26T06:00:00Z,0.64,40.0,8.0,6.0
2023-11-26T07:00:00Z,0.84,40.0,5.0,7.0
2023-11-26T08:00:00Z,0.94,40.0,5.0,7.0
2023-11-26T09:00:00Z,1.01,38.0,7.0,7.0
2023-11-26T10:00:00Z,1.05,37.0,9.0,8.0
2023-11-26T11:00:00Z,1.02,39.0,9.0,8.0
2023-11-26T12:00:00Z,1.02,36.0,13.0,8.0
2023-11-26T13:00:00Z,0.97,31.0,21.0,7.0
2023-11-26T14:00:00Z,0.93,27.0,34.0,7.0
2023-11-26T15:00:00Z,0.85,25.0,46.0,7.0
2023-11-26T16:00:00Z,0.8,28.0,53.0,8.0
2023-11-26T17:00:00Z,0.77,33.0,52.0,7.0
2023-11-26T18:00:00Z,0.86,42.0,41.0,7.0
2023-11-26T19:00:00Z,0.89,50.0,30.0,8.0
2023-11-26T20:00:00Z,0.89,54.0,21.0,8.0
2023-11-26T21:00:00Z,0.93,57.0,12.0,8.0
2023-11-26T22:00:00Z,1.0,59.0,7.0,9.0
2023-11-26T23:00:00Z,0.99,60.0,6.0,11.0
2023-11-27T00:00:00Z,1.0,56.0,5.0,9.0
2023-11-27T01:00:00Z,0.99,53.0,5.0,8.0
2023-11-27T02:00:00Z,0.96,49.0,5.0,8.0
2023-11-27T03:00:00Z,0.99,48.0,4.0,8.0
2023-11-27T04:00:00Z,0.94,47.0,4.0,8.0
2023-11-27T05:00:00Z,0.91,46.0,5.0,8.0
2023-11-27T06:00:00Z,0.93,44.0,6.0,8.0
2023-11-27T07:00:00Z,0.9,40.0,9.0,8.0
2023-11-27T08:00:00Z,0.96,40.0,10.0,9.0
2023-11-27T09:00:00Z,0.95,35.0,17.0,9.0
2023-11-27T10:00:00Z,0.81,29.0,28.0,10.0
2023-11-27T11:00:00Z,0.81,30.0,36.0,10.0
2023-11-27T12:00:00Z,0.86,33.0,47.0,14.0
2023-11-27T13:00:00Z,0.89,34.0,59.0,15.0
2023-11-27T14:00:00Z,0.85,32.0,71.0,15.0
2023-11-27T15:00:00Z,0.79,33.0,79.0,14.0
2023-11-27T16:00:00Z,0.74,36.0,76.0,12.0
2023-11-27T17:00:00Z,0.75,43.0,63.0,10.0
2023-11-27T18:00:00Z,0.88,58.0,38.0,10.0
2023-11-27T19:00:00Z,0.97,71.0,21.0,11.0
2023-11-27T20:00:00Z,1.0,69.0,20.0,11.0
2023-11-27T21:00:00Z,0.8,52.0,38.0,10.0
2023-11-27T22:00:00Z,0.7,35.0,50.0,10.0
2023-11-27T23:00:00Z,0.86,43.0,41.0,11.0
2023-11-28T00:00:00Z,0.82,44.0,35.0,9.0
2023-11-28T01:00:00Z,0.81,46.0,28.0,9.0
2023-11-28T02:00:00Z,0.84,47.0,24.0,10.0
2023-11-28T03:00:00Z,0.85,48.0,19.0,9.0
2023-11-28T04:00:00Z,0.85,52.0,10.0,8.0
2023-11-28T05:00:00Z,0.91,53.0,6.0,8.0
2023-11-28T06:00:00Z,0.94,51.0,4.0,7.0
2023-11-28T07:00:00Z,1.05,52.0,3.0,8.0
2023-11-28T08:00:00Z,1.17,49.0,6.0,8.0
2023-11-28T09:00:00Z,1.35,52.0,9.0,10.0
2023-11-28T10:00:00Z,1.18,52.0,26.0,15.0
2023-11-28T11:00:00Z,0.8,34.0,54.0,14.0
2023-11-28T12:00:00Z,0.7,27.0,69.0,12.0
2023-11-28T13:00:00Z,0.57,21.0,80.0,9.0
2023-11-28T14:00:00Z,0.5,19.0,86.0,8.0
2023-11-28T15:00:00Z,0.51,19.0,90.0,18.0
2023-11-28T16:00:00Z,0.5,21.0,90.0,8.0
2023-11-28T17:00:00Z,0.58,26.0,82.0,8.0
2023-11-28T18:00:00Z,0.58,38.0,65.0,8.0
2023-11-28T19:00:00Z,0.66,43.0,58.0,8.0
2023-11-28T20:00:00Z,0.65,39.0,58.0,9.0
2023-11-28T21:00:00Z,0.64,40.0,52.0,8.0
2023-11-28T22:00:00Z,0.65,42.0,45.0,9.0
2023-11-28T23:00:00Z,0.62,43.0,41.0,8.0
2023-11-29T00:00:00Z,0.65,47.0,30.0,8.0
2023-11-29T01:00:00Z,0.7,46.0,27.0,9.0
2023-11-29T02:00:00Z,0.76,52.0,18.0,10.0
2023-11-29T03:00:00Z,0.79,49.0,17.0,12.0
2023-11-29T04:00:00Z,0.73,46.0,18.0,12.0
2023-11-29T05:00:00Z,0.65,38.0,27.0,12.0
2023-11-29T06:00:00Z,0.63,38.0,28.0,12.0
2023-11-29T07:00:00Z,0.68,44.0,24.0,12.0
2023-11-29T08:00:00Z,0.8,50.0,20.0,11.0
2023-11-29T09:00:00Z,0.9,46.0,26.0,15.0
2023-11-29T10:00:00Z,0.94,36.0,39.0,14.0
2023-11-29T11:00:00Z,0.86,32.0,48.0,12.0
2023-11-29T12:00:00Z,0.86,31.0,54.0,12.0
2023-11-29T13:00:00Z,0.86,33.0,50.0,14.0
2023-11-29T14:00:00Z,0.76,35.0,48.0,14.0
2023-11-29T15:00:00Z,0.68,35.0,49.0,13.0
2023-11-29T16:00:00Z,0.64,35.0,50.0,12.0
2023-11-29T17:00:00Z,0.53,30.0,51.0,9.0
2023-11-29T18:00:00Z,0.54,32.0,47.0,9.0
2023-11-29T19:00:00Z,0.56,34.0,41.0,9.0
2023-11-29T20:00:00Z,0.5,29.0,45.0,8.0
2023-11-29T21:00:00Z,0.51,28.0,46.0,8.0
2023-11-29T22:00:00Z,0.52,31.0,40.0,9.0
2023-11-29T23:00:00Z,0.54,31.0,37.0,8.0
2023-11-30T00:00:00Z,0.64,32.0,36.0,9.0
2023-11-30T01:00:00Z,0.75,31.0,35.0,11.0
2023-11-30T02:00:00Z,0.71,36.0,29.0,13.0
2023-11-30T03:00:00Z,0.7,39.0,24.0,14.0
2023-11-30T04:00:00Z,0.65,38.0,25.0,13.0
2023-11-30T05:00:00Z,0.61,33.0,30.0,12.0
2023-11-30T06:00:00Z,0.64,37.0,27.0,11.0
2023-11-30T07:00:00Z,0.69,41.0,20.0,10.0
2023-11-30T08:00:00Z,0.77,44.0,17.0,10.0
2023-11-30T09:00:00Z,0.76,42.0,24.0,13.0
2023-11-30T10:00:00Z,0.6,24.0,53.0,11.0
2023-11-30T11:00:00Z,0.64,25.0,56.0,11.0
2023-11-30T12:00:00Z,0.6,24.0,58.0,11.0
2023-11-30T13:00:00Z,0.49,21.0,63.0,11.0
2023-11-30T14:00:00Z,0.43,17.0,70.0,10.0
2023-11-30T15:00:00Z,0.41,17.0,72.0,9.0
2023-11-30T16:00:00Z,0.39,18.0,70.0,9.0
2023-11-30T17:00:00Z,0.41,22.0,67.0,9.0
2023-11-30T18:00:00Z,0.47,29.0,57.0,10.0
2023-11-30T19:00:00Z,0.6,38.0,44.0,10.0
2023-11-30T20:00:00Z,0.63,40.0,39.0,10.0
2023-11-30T21:00:00Z,0.61,45.0,31.0,11.0
2023-11-30T22:00:00Z,0.6,45.0,28.0,10.0
2023-11-30T23:00:00Z,0.6,49.0,21.0,10.0
2023-12-01T00:00:00Z,0.68,51.0,15.0,9.0
2023-12-01T01:00:00Z,0.65,52.0,14.0,10.0
2023-12-01T02:00:00Z,0.68,52.0,13.0,12.0
2023-12-01T03:00:00Z,0.66,53.0,11.0,11.0
2023-12-01T04:00:00Z,0.66,57.0,7.0,11.0
2023-12-01T05:00:00Z,0.69,57.0,6.0,11.0
2023-12-01T06:00:00Z,0.74,55.0,6.0,11.0
2023-12-01T07:00:00Z,0.82,56.0,5.0,11.0
2023-12-01T08:00:00Z,0.9,57.0,7.0,15.0
2023-12-01T09:00:00Z,0.98,54.0,13.0,17.0
2023-12-01T10:00:00Z,0.93,50.0,22.0,17.0
2023-12-01T11:00:00Z,0.77,43.0,37.0,16.0
2023-12-01T12:00:00Z,0.75,38.0,48.0,16.0
2023-12-01T13:00:00Z,0.74,37.0,55.0,15.0
2023-12-01T14:00:00Z,0.66,35.0,61.0,14.0
2023-12-01T15:00:00Z,0.63,35.0,64.0,14.0
2023-12-01T16:00:00Z,0.6,37.0,61.0,14.0
2023-12-01T17:00:00Z,0.59,43.0,52.0,12.0
2023-12-01T18:00:00Z,0.69,58.0,31.0,11.0
2023-12-01T19:00:00Z,0.82,67.0,18.0,12.0
2023-12-01T20:00:00Z,0.91,73.0,11.0,11.0
2023-12-01T21:00:00Z,1.0,72.0,9.0,11.0
2023-12-01T22:00:00Z,1.03,70.0,6.0,11.0
2023-12-01T23:00:00Z,1.02,68.0,5.0,10.0
2023-12-02T00:00:00Z,1.07,67.0,5.0,11.0
2023-12-02T01:00:00Z,1.04,65.0,4.0,12.0
2023-12-02T02:00:00Z,1.0,62.0,4.0,11.0
2023-12-02T03:00:00Z,1.01,60.0,4.0,11.0
2023-12-02T04:00:00Z,1.01,57.0,4.0,12.0
2023-12-02T05:00:00Z,1.04,58.0,6.0,13.0
2023-12-02T06:00:00Z,1.07,57.0,4.0,13.0
2023-12-02T07:00:00Z,1.11,58.0,5.0,14.0
2023-12-02T08:00:00Z,1.24,56.0,6.0,15.0
2023-12-02T09:00:00Z,1.14,57.0,11.0,17.0
2023-12-02T10:00:00Z,0.99,54.0,23.0,17.0
2023-12-02T11:00:00Z,0.84,45.0,40.0,15.0
2023-12-02T12:00:00Z,0.69,36.0,57.0,14.0
2023-12-02T13:00:00Z,0.54,27.0,75.0,12.0
2023-12-02T14:00:00Z,0.49,25.0,84.0,11.0
2023-12-02T15:00:00Z,0.53,28.0,87.0,11.0
2023-12-02T16:00:00Z,0.51,29.0,87.0,10.0
2023-12-02T17:00:00Z,0.51,32.0,80.0,10.0
2023-12-02T18:00:00Z,0.64,52.0,51.0,10.0
2023-12-02T19:00:00Z,1.06,74.0,21.0,11.0
2023-12-02T20:00:00Z,1.09,78.0,13.0,10.0
2023-12-02T21:00:00Z,1.19,81.0,8.0,11.0
2023-12-02T22:00:00Z,1.34,80.0,7.0,10.0
2023-12-02T23:00:00Z,1.36,84.0,5.0,10.0
2023-12-03T00:00:00Z,1.3,79.0,5.0,9.0
2023-12-03T01:00:00Z,1.39,73.0,7.0,10.0
2023-12-03T02:00:00Z,1.29,71.0,7.0,10.0
2023-12-03T03:00:00Z,1.16,71.0,5.0,10.0
2023-12-03T04:00:00Z,1.13,68.0,6.0,10.0
2023-12-03T05:00:00Z,1.09,65.0,7.0,10.0
2023-12-03T06:00:00Z,1.09,65.0,6.0,10.0
2023-12-03T07:00:00Z,1.08,69.0,6.0,12.0
2023-12-03T08:00:00Z,1.14,71.0,7.0,15.0
2023-12-03T09:00:00Z,1.21,69.0,9.0,21.0
2023-12-03T10:00:00Z,1.29,70.0,17.0,28.0
2023-12-03T11:00:00Z,1.25,68.0,30.0,26.0
2023-12-03T12:00:00Z,0.91,52.0,53.0,18.0
2023-12-03T13:00:00Z,0.75,37.0,75.0,14.0
2023-12-03T14:00:00Z,0.64,31.0,92.0,13.0
2023-12-03T15:00:00Z,0.59,29.0,101.0,12.0
2023-12-03T16:00:00Z,0.57,32.0,99.0,12.0
2023-12-03T17:00:00Z,0.61,35.0,94.0,12.0
2023-12-03T18:00:00Z,0.74,48.0,73.0,12.0
2023-12-03T19:00:00Z,0.79,61.0,55.0,12.0
2023-12-03T20:00:00Z,0.81,65.0,45.0,12.0
2023-12-03T21:00:00Z,0.9,62.0,42.0,12.0
2023-12-03T22:00:00Z,0.88,58.0,40.0,11.0
2023-12-03T23:00:00Z,0.84,56.0,38.0,11.0
2023-12-04T00:00:00Z,0.83,47.0,44.0,11.0
2023-12-04T01:00:00Z,0.8,45.0,45.0,10.0
2023-12-04T02:00:00Z,0.79,45.0,45.0,10.0
2023-12-04T03:00:00Z,0.81,43.0,47.0,11.0
2023-12-04T04:00:00Z,0.79,44.0,44.0,11.0
2023-12-04T05:00:00Z,0.84,47.0,38.0,11.0
2023-12-04T06:00:00Z,0.89,50.0,32.0,12.0
2023-12-04T07:00:00Z,0.95,60.0,21.0,12.0
2023-12-04T08:00:00Z,1.05,66.0,16.0,13.0
2023-12-04T09:00:00Z,1.16,62.0,24.0,15.0
2023-12-04T10:00:00Z,1.18,57.0,37.0,16.0
2023-12-04T11:00:00Z,0.99,51.0,51.0,17.0
2023-12-04T12:00:00Z,1.03,48.0,61.0,17.0
2023-12-04T13:00:00Z,0.97,48.0,68.0,15.0
2023-12-04T14:00:00Z,0.9,48.0,73.0,14.0
2023-12-04T15:00:00Z,0.94,48.0,77.0,13.0
2023-12-04T16:00:00Z,0.82,45.0,84.0,12.0
2023-12-04T17:00:00Z,0.78,45.0,85.0,11.0
2023-12-04T18:00:00Z,0.82,56.0,65.0,11.0
2023-12-04T19:00:00Z,0.91,60.0,55.0,11.0
2023-12-04T20:00:00Z,0.96,64.0,45.0,11.0
2023-12-04T21:00:00Z,1.01,66.0,40.0,11.0
2023-12-04T22:00:00Z,1.09,70.0,31.0,11.0
2023-12-04T23:00:00Z,1.11,69.0,26.0,11.0
2023-12-05T00:00:00Z,1.13,69.0,23.0,11.0
2023-12-05T01:00:00Z,1.1,72.0,14.0,11.0
2023-12-05T02:00:00Z,1.07,72.0,10.0,10.0
2023-12-05T03:00:00Z,1.03,70.0,11.0,11.0
2023-12-05T04:00:00Z,1.0,64.0,11.0,11.0
2023-12-05T05:00:00Z,0.96,60.0,11.0,10.0
2023-12-05T06:00:00Z,1.03,58.0,7.0,9.0
2023-12-05T07:00:00Z,1.24,60.0,5.0,9.0
2023-12-05T08:00:00Z,1.41,61.0,7.0,10.0
2023-12-05T09:00:00Z,1.38,62.0,9.0,13.0
2023-12-05T10:00:00Z,1.2,60.0,20.0,17.0
2023-12-05T11:00:00Z,1.16,57.0,34.0,18.0
2023-12-05T12:00:00Z,0.91,42.0,57.0,17.0
2023-12-05T13:00:00Z,0.7,34.0,79.0,15.0
2023-12-05T14:00:00Z,0.69,31.0,91.0,12.0
2023-12-05T15:00:00Z,0.63,28.0,103.0,11.0
2023-12-05T16:00:00Z,0.61,30.0,101.0,10.0
2023-12-05T17:00:00Z,0.67,38.0,83.0,10.0
2023-12-05T18:00:00Z,0.76,45.0,68.0,11.0
2023-12-05T19:00:00Z,0.78,47.0,62.0,10.0
2023-12-05T20:00:00Z,0.84,50.0,53.0,10.0
2023-12-05T21:00:00Z,0.94,57.0,37.0,10.0
2023-12-05T22:00:00Z,0.92,59.0,33.0,10.0
2023-12-05T23:00:00Z,0.85,50.0,42.0,10.0
2023-12-06T00:00:00Z,0.8,45.0,46.0,10.0
2023-12-06T01:00:00Z,0.76,39.0,48.0,10.0
2023-12-06T02:00:00Z,0.74,35.0,46.0,10.0
2023-12-06T03:00:00Z,0.71,31.0,41.0,10.0
2023-12-06T04:00:00Z,0.75,32.0,37.0,11.0
2023-12-06T05:00:00Z,0.85,35.0,33.0,12.0
2023-12-06T06:00:00Z,0.96,38.0,31.0,12.0
2023-12-06T07:00:00Z,0.99,41.0,31.0,12.0
2023-12-06T08:00:00Z,0.99,43.0,31.0,12.0
2023-12-06T09:00:00Z,1.08,41.0,36.0,13.0
2023-12-06T10:00:00Z,1.08,39.0,46.0,14.0
2023-12-06T11:00:00Z,1.01,36.0,57.0,14.0
2023-12-06T12:00:00Z,0.9,31.0,67.0,12.0
2023-12-06T13:00:00Z,0.75,23.0,72.0,9.0
2023-12-06T14:00:00Z,0.61,19.0,77.0,7.0
2023-12-06T15:00:00Z,0.5,17.0,80.0,8.0
2023-12-06T16:00:00Z,0.54,18.0,78.0,8.0
2023-12-06T17:00:00Z,0.57,26.0,70.0,7.0
2023-12-06T18:00:00Z,0.63,39.0,54.0,8.0
2023-12-06T19:00:00Z,0.81,59.0,29.0,9.0
2023-12-06T20:00:00Z,0.82,60.0,23.0,9.0
2023-12-06T21:00:00Z,0.89,67.0,15.0,9.0
2023-12-06T22:00:00Z,0.91,63.0,20.0,10.0
2023-12-06T23:00:00Z,0.88,62.0,18.0,9.0
2023-12-07T00:00:00Z,0.88,59.0,17.0,9.0
2023-12-07T01:00:00Z,0.79,58.0,15.0,10.0
2023-12-07T02:00:00Z,0.77,58.0,14.0,10.0
2023-12-07T03:00:00Z,0.78,57.0,13.0,12.0
2023-12-07T04:00:00Z,0.79,57.0,12.0,12.0
2023-12-07T05:00:00Z,0.76,56.0,11.0,12.0
2023-12-07T06:00:00Z,0.74,55.0,13.0,11.0
2023-12-07T07:00:00Z,0.78,55.0,10.0,11.0
2023-12-07T08:00:00Z,0.88,55.0,10.0,11.0
2023-12-07T09:00:00Z,0.86,53.0,18.0,12.0
2023-12-07T10:00:00Z,0.84,49.0,33.0,12.0
2023-12-07T11:00:00Z,0.79,44.0,48.0,13.0
2023-12-07T12:00:00Z,0.74,34.0,67.0,12.0
2023-12-07T13:00:00Z,0.64,25.0,84.0,10.0
2023-12-07T14:00:00Z,0.59,24.0,91.0,10.0
2023-12-07T15:00:00Z,0.59,24.0,97.0,9.0
2023-12-07T16:00:00Z,0.6,27.0,96.0,9.0
2023-12-07T17:00:00Z,0.63,30.0,89.0,9.0
2023-12-07T18:00:00Z,0.66,35.0,74.0,9.0
2023-12-07T19:00:00Z,0.64,38.0,65.0,10.0
2023-12-07T20:00:00Z,0.61,36.0,67.0,9.0
2023-12-07T21:00:00Z,0.64,38.0,62.0,10.0
2023-12-07T22:00:00Z,0.64,30.0,74.0,10.0
2023-12-07T23:00:00Z,0.61,25.0,81.0,9.0
2023-12-08T00:00:00Z,0.63,23.0,82.0,10.0
2023-12-08T01:00:00Z,0.65,24.0,78.0,10.0
2023-12-08T02:00:00Z,0.65,24.0,74.0,9.0
2023-12-08T03:00:00Z,0.63,22.0,77.0,10.0
2023-12-08T04:00:00Z,0.59,21.0,78.0,9.0
2023-12-08T05:00:00Z,0.61,22.0,76.0,10.0
2023-12-08T06:00:00Z,0.63,22.0,73.0,10.0
2023-12-08T07:00:00Z,0.64,29.0,61.0,10.0
2023-12-08T08:00:00Z,0.68,36.0,51.0,10.0
2023-12-08T09:00:00Z,0.72,34.0,55.0,11.0
2023-12-08T10:00:00Z,0.75,32.0,62.0,12.0
2023-12-08T11:00:00Z,0.7,28.0,76.0,11.0
2023-12-08T12:00:00Z,0.67,27.0,89.0,11.0
2023-12-08T13:00:00Z,0.67,24.0,99.0,10.0
2023-12-08T14:00:00Z,0.63,23.0,107.0,10.0
2023-12-08T15:00:00Z,0.6,22.0,113.0,10.0
2023-12-08T16:00:00Z,0.63,24.0,112.0,10.0
2023-12-08T17:00:00Z,0.66,33.0,100.0,10.0
2023-12-08T18:00:00Z,0.76,55.0,68.0,11.0
2023-12-08T19:00:00Z,1.0,75.0,39.0,11.0
2023-12-08T20:00:00Z,0.96,74.0,35.0,12.0
2023-12-08T21:00:00Z,0.98,73.0,33.0,14.0
2023-12-08T22:00:00Z,0.95,73.0,29.0,14.0
2023-12-08T23:00:00Z,0.97,70.0,29.0,13.0
2023-12-09T00:00:00Z,1.01,79.0,14.0,11.0
2023-12-09T01:00:00Z,1.09,79.0,10.0,11.0
2023-12-09T02:00:00Z,1.04,82.0,8.0,11.0
2023-12-09T03:00:00Z,1.01,80.0,5.0,10.0
2023-12-09T04:00:00Z,0.98,76.0,6.0,11.0
2023-12-09T05:00:00Z,0.98,71.0,5.0,11.0
2023-12-09T06:00:00Z,0.91,70.0,5.0,11.0
2023-12-09T07:00:00Z,0.97,67.0,6.0,12.0
2023-12-09T08:00:00Z,1.09,68.0,7.0,12.0
2023-12-09T09:00:00Z,1.21,70.0,8.0,14.0
2023-12-09T10:00:00Z,1.13,75.0,14.0,16.0
2023-12-09T11:00:00Z,1.24,74.0,33.0,18.0
2023-12-09T12:00:00Z,1.11,74.0,49.0,16.0
2023-12-09T13:00:00Z,0.94,60.0,79.0,15.0
2023-12-09T14:00:00Z,0.84,46.0,107.0,14.0
2023-12-09T15:00:00Z,0.84,44.0,116.0,17.0
2023-12-09T16:00:00Z,1.05,67.0,103.0,17.0
2023-12-09T17:00:00Z,1.34,89.0,93.0,23.0
2023-12-09T18:00:00Z,1.31,79.0,82.0,23.0
2023-12-09T19:00:00Z,1.07,43.0,75.0,14.0
2023-12-09T20:00:00Z,0.94,29.0,72.0,11.0
2023-12-09T21:00:00Z,0.9,23.0,81.0,9.0
2023-12-09T22:00:00Z,0.9,22.0,81.0,9.0
2023-12-09T23:00:00Z,0.66,16.0,86.0,8.0
2023-12-10T00:00:00Z,0.59,14.0,82.0,7.0
2023-12-10T01:00:00Z,0.54,14.0,80.0,7.0
2023-12-10T02:00:00Z,0.51,15.0,76.0,8.0
2023-12-10T03:00:00Z,0.54,16.0,69.0,6.0
2023-12-10T04:00:00Z,0.56,22.0,49.0,7.0
2023-12-10T05:00:00Z,0.59,22.0,44.0,8.0
2023-12-10T06:00:00Z,0.61,22.0,44.0,8.0
2023-12-10T07:00:00Z,0.55,22.0,44.0,7.0
2023-12-10T08:00:00Z,0.54,23.0,42.0,7.0
2023-12-10T09:00:00Z,0.56,24.0,42.0,7.0
2023-12-10T10:00:00Z,0.57,23.0,43.0,7.0
2023-12-10T11:00:00Z,0.55,22.0,46.0,7.0
2023-12-10T12:00:00Z,0.52,21.0,48.0,7.0
2023-12-10T13:00:00Z,0.53,21.0,48.0,7.0
2023-12-10T14:00:00Z,0.51,23.0,47.0,7.0
2023-12-10T15:00:00Z,0.51,23.0,46.0,7.0
2023-12-10T16:00:00Z,0.54,26.0,44.0,7.0
2023-12-10T17:00:00Z,0.56,29.0,41.0,7.0
2023-12-10T18:00:00Z,0.61,31.0,38.0,7.0
2023-12-10T19:00:00Z,0.59,30.0,38.0,8.0
2023-12-10T20:00:00Z,0.56,30.0,35.0,8.0
2023-12-10T21:00:00Z,0.56,30.0,33.0,8.0
2023-12-10T22:00:00Z,0.59,29.0,33.0,8.0
2023-12-10T23:00:00Z,0.56,26.0,37.0,8.0
2023-12-11T00:00:00Z,0.57,24.0,39.0,7.0
2023-12-11T01:00:00Z,0.57,25.0,35.0,6.0
2023-12-11T02:00:00Z,0.59,23.0,37.0,6.0
2023-12-11T03:00:00Z,0.6,21.0,41.0,6.0
2023-12-11T04:00:00Z,0.61,21.0,39.0,6.0
2023-12-11T05:00:00Z,0.59,20.0,38.0,6.0
2023-12-11T06:00:00Z,0.56,14.0,45.0,5.0
2023-12-11T07:00:00Z,0.6,15.0,43.0,5.0
2023-12-11T08:00:00Z,0.61,17.0,39.0,5.0
2023-12-11T09:00:00Z,0.6,18.0,37.0,5.0
2023-12-11T10:00:00Z,0.56,19.0,36.0,5.0
2023-12-11T11:00:00Z,0.55,17.0,39.0,5.0
2023-12-11T12:00:00Z,0.57,18.0,39.0,5.0
2023-12-11T13:00:00Z,0.58,17.0,39.0,5.0
2023-12-11T14:00:00Z,0.6,18.0,38.0,5.0
2023-12-11T15:00:00Z,0.59,21.0,32.0,5.0
2023-12-11T16:00:00Z,0.57,23.0,29.0,5.0
2023-12-11T17:00:00Z,0.59,24.0,31.0,5.0
2023-12-11T18:00:00Z,0.65,23.0,34.0,5.0
2023-12-11T19:00:00Z,0.64,23.0,34.0,5.0
2023-12-11T20:00:00Z,0.65,25.0,31.0,5.0
2023-12-11T21:00:00Z,0.68,24.0,28.0,5.0
2023-12-11T22:00:00Z,0.66,24.0,26.0,6.0
2023-12-11T23:00:00Z,0.66,23.0,28.0,6.0
2023-12-12T00:00:00Z,0.65,22.0,28.0,6.0
2023-12-12T01:00:00Z,0.63,20.0,30.0,5.0
2023-12-12T02:00:00Z,0.66,19.0,31.0,6.0
2023-12-12T03:00:00Z,0.66,19.0,30.0,6.0
2023-12-12T04:00:00Z,0.66,19.0,30.0,6.0
2023-12-12T05:00:00Z,0.71,19.0,29.0,6.0
2023-12-12T06:00:00Z,0.69,20.0,29.0,6.0
2023-12-12T07:00:00Z,0.7,19.0,31.0,6.0
2023-12-12T08:00:00Z,0.65,21.0,29.0,6.0
2023-12-12T09:00:00Z,0.66,22.0,30.0,6.0
2023-12-12T10:00:00Z,0.66,24.0,30.0,6.0
2023-12-12T11:00:00Z,0.68,25.0,29.0,6.0
2023-12-12T12:00:00Z,0.67,24.0,28.0,5.0
2023-12-12T13:00:00Z,0.69,26.0,28.0,5.0
2023-12-12T14:00:00Z,0.64,25.0,31.0,5.0
2023-12-12T15:00:00Z,0.64,27.0,30.0,5.0
2023-12-12T16:00:00Z,0.66,30.0,28.0,5.0
2023-12-12T17:00:00Z,0.66,27.0,32.0,5.0
2023-12-12T18:00:00Z,0.6,23.0,37.0,5.0
2023-12-12T19:00:00Z,0.6,21.0,37.0,5.0
2023-12-12T20:00:00Z,0.63,19.0,39.0,4.0
2023-12-12T21:00:00Z,0.57,17.0,41.0,5.0
2023-12-12T22:00:00Z,0.56,16.0,42.0,5.0
2023-12-12T23:00:00Z,0.55,18.0,43.0,5.0
2023-12-13T00:00:00Z,0.57,26.0,34.0,5.0
2023-12-13T01:00:00Z,0.59,28.0,30.0,5.0
2023-12-13T02:00:00Z,0.6,24.0,34.0,5.0
2023-12-13T03:00:00Z,0.57,19.0,41.0,5.0
2023-12-13T04:00:00Z,0.56,17.0,45.0,5.0
2023-12-13T05:00:00Z,0.56,17.0,44.0,5.0
2023-12-13T06:00:00Z,0.63,19.0,37.0,5.0
2023-12-13T07:00:00Z,0.66,24.0,28.0,5.0
2023-12-13T08:00:00Z,0.64,24.0,29.0,5.0
2023-12-13T09:00:00Z,0.64,28.0,26.0,5.0
2023-12-13T10:00:00Z,0.65,33.0,21.0,5.0
2023-12-13T11:00:00Z,0.69,35.0,21.0,5.0
2023-12-13T12:00:00Z,0.69,38.0,21.0,6.0
2023-12-13T13:00:00Z,0.65,36.0,22.0,6.0
2023-12-13T14:00:00Z,0.7,38.0,22.0,6.0
2023-12-13T15:00:00Z,0.75,42.0,18.0,6.0
2023-12-13T16:00:00Z,0.78,46.0,13.0,6.0
2023-12-13T17:00:00Z,0.84,51.0,5.0,6.0
2023-12-13T18:00:00Z,1.08,53.0,3.0,6.0
2023-12-13T19:00:00Z,1.26,51.0,2.0,6.0
2023-12-13T20:00:00Z,1.36,50.0,2.0,6.0
2023-12-13T21:00:00Z,1.44,49.0,3.0,6.0
2023-12-13T22:00:00Z,1.43,47.0,2.0,6.0
2023-12-13T23:00:00Z,1.31,46.0,3.0,6.0
2023-12-14T00:00:00Z,1.23,44.0,3.0,6.0
2023-12-14T01:00:00Z,1.09,42.0,3.0,6.0
2023-12-14T02:00:00Z,0.94,41.0,3.0,5.0
2023-12-14T03:00:00Z,0.85,39.0,4.0,6.0
2023-12-14T04:00:00Z,0.95,36.0,5.0,8.0
2023-12-14T05:00:00Z,0.95,36.0,4.0,6.0
2023-12-14T06:00:00Z,0.94,35.0,3.0,5.0
2023-12-14T07:00:00Z,0.83,33.0,5.0,5.0
2023-12-14T08:00:00Z,0.88,32.0,5.0,5.0
2023-12-14T09:00:00Z,0.83,31.0,5.0,5.0
2023-12-14T10:00:00Z,0.86,31.0,7.0,5.0
2023-12-14T11:00:00Z,0.8,31.0,9.0,6.0
2023-12-14T12:00:00Z,0.8,32.0,9.0,6.0
2023-12-14T13:00:00Z,0.81,32.0,9.0,5.0
2023-12-14T14:00:00Z,0.93,33.0,8.0,6.0
2023-12-14T15:00:00Z,1.07,34.0,6.0,5.0
2023-12-14T16:00:00Z,1.04,33.0,4.0,6.0
2023-12-14T17:00:00Z,1.01,34.0,2.0,6.0
2023-12-14T18:00:00Z,1.06,36.0,2.0,6.0
2023-12-14T19:00:00Z,1.07,36.0,2.0,5.0
2023-12-14T20:00:00Z,1.06,37.0,2.0,5.0
2023-12-14T21:00:00Z,1.04,37.0,2.0,5.0
2023-12-14T22:00:00Z,0.97,35.0,3.0,5.0
2023-12-14T23:00:00Z,0.86,32.0,6.0,5.0
2023-12-15T00:00:00Z,0.81,29.0,8.0,5.0
2023-12-15T01:00:00Z,0.76,25.0,13.0,5.0
2023-12-15T02:00:00Z,0.7,21.0,19.0,5.0
2023-12-15T03:00:00Z,0.69,18.0,25.0,5.0
2023-12-15T04:00:00Z,0.75,18.0,26.0,5.0
2023-12-15T05:00:00Z,0.78,18.0,27.0,5.0
2023-12-15T06:00:00Z,0.82,17.0,28.0,5.0
2023-12-15T07:00:00Z,0.84,18.0,28.0,5.0
2023-12-15T08:00:00Z,0.82,19.0,28.0,5.0
2023-12-15T09:00:00Z,0.8,19.0,29.0,5.0
2023-12-15T10:00:00Z,0.8,18.0,34.0,5.0
2023-12-15T11:00:00Z,0.78,18.0,36.0,6.0
2023-12-15T12:00:00Z,0.72,19.0,37.0,5.0
2023-12-15T13:00:00Z,0.79,19.0,38.0,5.0
2023-12-15T14:00:00Z,0.8,19.0,37.0,5.0
2023-12-15T15:00:00Z,0.83,18.0,40.0,5.0
2023-12-15T16:00:00Z,0.79,18.0,41.0,5.0
2023-12-15T17:00:00Z,0.81,20.0,43.0,5.0
2023-12-15T18:00:00Z,0.81,20.0,46.0,5.0
2023-12-15T19:00:00Z,0.75,19.0,49.0,6.0
2023-12-15T20:00:00Z,0.75,17.0,52.0,6.0
2023-12-15T21:00:00Z,0.71,14.0,53.0,6.0
2023-12-15T22:00:00Z,0.68,14.0,52.0,6.0
2023-12-15T23:00:00Z,0.61,13.0,55.0,7.0
2023-12-16T00:00:00Z,0.66,13.0,54.0,7.0
2023-12-16T01:00:00Z,0.69,14.0,51.0,7.0
2023-12-16T02:00:00Z,0.7,13.0,50.0,7.0
2023-12-16T03:00:00Z,0.7,13.0,49.0,7.0
2023-12-16T04:00:00Z,0.7,14.0,47.0,7.0
2023-12-16T05:00:00Z,0.71,14.0,46.0,7.0
2023-12-16T06:00:00Z,0.71,14.0,45.0,7.0
2023-12-16T07:00:00Z,0.7,15.0,44.0,7.0
2023-12-16T08:00:00Z,0.74,16.0,41.0,7.0
2023-12-16T09:00:00Z,0.7,15.0,48.0,8.0
2023-12-16T10:00:00Z,0.63,13.0,58.0,8.0
2023-12-16T11:00:00Z,0.58,11.0,65.0,8.0
2023-12-16T12:00:00Z,0.55,9.0,70.0,8.0
2023-12-16T13:00:00Z,0.53,9.0,73.0,8.0
2023-12-16T14:00:00Z,0.53,10.0,75.0,8.0
2023-12-16T15:00:00Z,0.53,10.0,77.0,8.0
2023-12-16T16:00:00Z,0.53,11.0,75.0,8.0
2023-12-16T17:00:00Z,0.5,13.0,73.0,8.0
2023-12-16T18:00:00Z,0.53,14.0,69.0,8.0
2023-12-16T19:00:00Z,0.55,16.0,63.0,8.0
2023-12-16T20:00:00Z,0.54,18.0,60.0,8.0
2023-12-16T21:00:00Z,0.54,17.0,60.0,8.0
2023-12-16T22:00:00Z,0.55,19.0,56.0,8.0
2023-12-16T23:00:00Z,0.56,20.0,53.0,8.0
2023-12-17T00:00:00Z,0.55,19.0,54.0,9.0
2023-12-17T01:00:00Z,0.56,18.0,54.0,9.0
2023-12-17T02:00:00Z,0.58,22.0,50.0,8.0
2023-12-17T03:00:00Z,0.65,25.0,45.0,9.0
2023-12-17T04:00:00Z,0.72,26.0,44.0,10.0
2023-12-17T05:00:00Z,0.67,25.0,45.0,10.0
2023-12-17T06:00:00Z,0.64,26.0,42.0,9.0
2023-12-17T07:00:00Z,0.63,30.0,37.0,9.0
2023-12-17T08:00:00Z,0.68,30.0,37.0,10.0
2023-12-17T09:00:00Z,0.68,23.0,49.0,10.0
2023-12-17T10:00:00Z,0.64,15.0,64.0,11.0
2023-12-17T11:00:00Z,0.63,11.0,71.0,8.0
2023-12-17T12:00:00Z,0.61,11.0,72.0,9.0
2023-12-17T13:00:00Z,0.6,10.0,74.0,9.0
2023-12-17T14:00:00Z,0.55,11.0,75.0,8.0
2023-12-17T15:00:00Z,0.56,13.0,74.0,8.0
2023-12-17T16:00:00Z,0.58,15.0,72.0,8.0
2023-12-17T17:00:00Z,0.63,18.0,67.0,8.0
2023-12-17T18:00:00Z,0.57,21.0,63.0,8.0
2023-12-17T19:00:00Z,0.55,20.0,62.0,8.0
2023-12-17T20:00:00Z,0.54,21.0,61.0,8.0
2023-12-17T21:00:00Z,0.55,20.0,59.0,8.0
2023-12-17T22:00:00Z,0.54,20.0,57.0,7.0
2023-12-17T23:00:00Z,0.53,19.0,57.0,7.0
2023-12-18T00:00:00Z,0.56,20.0,53.0,7.0
2023-12-18T01:00:00Z,0.57,20.0,53.0,7.0
2023-12-18T02:00:00Z,0.56,23.0,47.0,7.0
2023-12-18T03:00:00Z,0.59,24.0,43.0,7.0
2023-12-18T04:00:00Z,0.6,23.0,44.0,7.0
2023-12-18T05:00:00Z,0.61,21.0,46.0,7.0
2023-12-18T06:00:00Z,0.61,21.0,45.0,8.0
2023-12-18T07:00:00Z,0.64,22.0,43.0,8.0
2023-12-18T08:00:00Z,0.68,27.0,39.0,9.0
2023-12-18T09:00:00Z,0.7,31.0,38.0,9.0
2023-12-18T10:00:00Z,0.7,35.0,36.0,9.0
2023-12-18T11:00:00Z,0.71,35.0,38.0,10.0
2023-12-18T12:00:00Z,0.76,34.0,38.0,10.0
2023-12-18T14:00:00Z,0.76,33.0,41.0,13.0
2023-12-18T15:00:00Z,0.78,33.0,42.0,13.0
2023-12-18T16:00:00Z,0.8,36.0,38.0,13.0
2023-12-18T17:00:00Z,0.81,38.0,35.0,13.0
2023-12-18T18:00:00Z,0.84,45.0,26.0,14.0
2023-12-18T19:00:00Z,0.9,46.0,23.0,14.0
2023-12-18T20:00:00Z,0.94,46.0,19.0,12.0
2023-12-18T21:00:00Z,1.05,50.0,15.0,12.0
2023-12-18T22:00:00Z,1.06,52.0,12.0,12.0
2023-12-18T23:00:00Z,1.07,56.0,8.0,11.0
2023-12-19T00:00:00Z,1.13,58.0,5.0,11.0
2023-12-19T01:00:00Z,1.16,56.0,4.0,11.0
2023-12-19T02:00:00Z,1.2,54.0,5.0,10.0
2023-12-19T03:00:00Z,1.17,53.0,5.0,10.0
2023-12-19T04:00:00Z,1.08,51.0,4.0,10.0
2023-12-19T05:00:00Z,1.07,50.0,4.0,10.0
2023-12-19T06:00:00Z,0.95,46.0,8.0,9.0
2023-12-19T07:00:00Z,0.9,46.0,7.0,13.0
2023-12-19T08:00:00Z,0.94,45.0,7.0,9.0
2023-12-19T09:00:00Z,0.9,38.0,15.0,10.0
2023-12-19T10:00:00Z,0.93,27.0,36.0,13.0
2023-12-19T11:00:00Z,0.78,25.0,48.0,11.0
2023-12-19T12:00:00Z,0.71,25.0,59.0,10.0
2023-12-19T13:00:00Z,0.73,22.0,64.0,10.0
2023-12-19T14:00:00Z,0.7,23.0,67.0,10.0
2023-12-19T15:00:00Z,0.75,23.0,70.0,9.0
2023-12-19T16:00:00Z,0.76,27.0,68.0,10.0
2023-12-19T17:00:00Z,0.8,33.0,59.0,10.0
2023-12-19T19:00:00Z,0.86,50.0,32.0,9.0
2023-12-19T20:00:00Z,0.9,49.0,28.0,10.0
2023-12-19T21:00:00Z,0.94,48.0,26.0,11.0
2023-12-19T22:00:00Z,0.96,46.0,26.0,10.0
2023-12-19T23:00:00Z,0.96,45.0,29.0,11.0
2023-12-20T00:00:00Z,0.9,39.0,36.0,9.0
2023-12-20T01:00:00Z,0.77,29.0,51.0,9.0
2023-12-20T02:00:00Z,0.78,24.0,55.0,8.0
2023-12-20T03:00:00Z,0.59,22.0,58.0,8.0
2023-12-20T04:00:00Z,0.49,18.0,63.0,7.0
2023-12-20T05:00:00Z,0.46,17.0,63.0,7.0
2023-12-20T06:00:00Z,0.49,19.0,60.0,7.0
2023-12-20T07:00:00Z,0.56,22.0,55.0,8.0
2023-12-20T08:00:00Z,0.56,27.0,49.0,8.0
2023-12-20T09:00:00Z,0.5,23.0,55.0,8.0
2023-12-20T10:00:00Z,0.46,19.0,63.0,8.0
2023-12-20T11:00:00Z,0.47,17.0,67.0,7.0
2023-12-20T12:00:00Z,0.47,18.0,71.0,8.0
2023-12-20T13:00:00Z,0.37,14.0,75.0,8.0
2023-12-20T14:00:00Z,0.41,17.0,73.0,9.0
2023-12-20T15:00:00Z,0.5,19.0,70.0,9.0
2023-12-20T16:00:00Z,0.55,21.0,68.0,9.0
2023-12-20T17:00:00Z,0.56,23.0,68.0,10.0
2023-12-20T18:00:00Z,0.6,29.0,62.0,9.0
2023-12-20T19:00:00Z,0.59,28.0,61.0,9.0
2023-12-20T20:00:00Z,0.78,27.0,61.0,10.0
2023-12-20T21:00:00Z,0.69,28.0,57.0,10.0
2023-12-20T22:00:00Z,0.66,30.0,51.0,11.0
2023-12-21T00:00:00Z,0.57,27.0,53.0,10.0
2023-12-21T01:00:00Z,0.55,27.0,49.0,10.0
2023-12-21T02:00:00Z,0.55,25.0,52.0,10.0
2023-12-21T03:00:00Z,0.59,25.0,50.0,10.0
2023-12-21T04:00:00Z,0.63,25.0,48.0,11.0
2023-12-21T05:00:00Z,0.61,23.0,50.0,11.0
2023-12-21T06:00:00Z,0.63,24.0,49.0,10.0
2023-12-21T07:00:00Z,0.68,29.0,42.0,11.0
2023-12-21T08:00:00Z,0.7,32.0,35.0,10.0
2023-12-21T09:00:00Z,0.72,29.0,42.0,11.0
2023-12-21T10:00:00Z,0.65,24.0,54.0,10.0
2023-12-21T11:00:00Z,0.63,20.0,60.0,10.0
2023-12-21T12:00:00Z,0.6,17.0,65.0,9.0
2023-12-21T13:00:00Z,0.53,14.0,71.0,9.0
2023-12-21T14:00:00Z,0.46,13.0,71.0,9.0
2023-12-21T15:00:00Z,0.47,14.0,70.0,8.0
2023-12-21T16:00:00Z,0.47,15.0,70.0,8.0
2023-12-21T17:00:00Z,0.49,17.0,66.0,8.0
2023-12-21T18:00:00Z,0.51,21.0,60.0,8.0
2023-12-21T19:00:00Z,0.55,23.0,56.0,9.0
2023-12-21T20:00:00Z,0.56,24.0,54.0,9.0
2023-12-21T21:00:00Z,0.57,24.0,52.0,9.0
2023-12-21T22:00:00Z,0.59,23.0,52.0,9.0
2023-12-21T23:00:00Z,0.57,23.0,50.0,9.0
2023-12-22T00:00:00Z,0.68,26.0,45.0,9.0
2023-12-22T01:00:00Z,0.71,27.0,42.0,10.0
2023-12-22T02:00:00Z,0.69,32.0,35.0,10.0
2023-12-22T03:00:00Z,0.68,32.0,34.0,11.0
2023-12-22T05:00:00Z,0.66,38.0,26.0,13.0
2023-12-22T06:00:00Z,0.66,38.0,24.0,11.0
2023-12-22T07:00:00Z,0.68,44.0,19.0,10.0
2023-12-22T08:00:00Z,0.8,50.0,12.0,9.0
2023-12-22T09:00:00Z,0.88,46.0,23.0,11.0
2023-12-22T10:00:00Z,0.81,38.0,44.0,13.0
2023-12-22T11:00:00Z,0.69,26.0,62.0,11.0
2023-12-22T12:00:00Z,0.65,22.0,69.0,10.0
2023-12-22T13:00:00Z,0.69,20.0,72.0,9.0
2023-12-22T14:00:00Z,0.67,21.0,72.0,10.0
2023-12-22T15:00:00Z,0.64,22.0,72.0,9.0
2023-12-22T16:00:00Z,0.59,25.0,69.0,10.0
2023-12-22T17:00:00Z,0.56,32.0,61.0,10.0
2023-12-22T18:00:00Z,0.64,43.0,45.0,9.0
2023-12-22T19:00:00Z,0.76,57.0,29.0,9.0
2023-12-22T20:00:00Z,0.79,62.0,20.0,9.0
2023-12-22T21:00:00Z,0.75,55.0,23.0,10.0
2023-12-22T22:00:00Z,0.66,44.0,32.0,9.0
2023-12-22T23:00:00Z,0.66,39.0,34.0,9.0
2023-12-23T00:00:00Z,0.6,36.0,35.0,9.0
2023-12-23T01:00:00Z,0.61,36.0,34.0,9.0
2023-12-23T02:00:00Z,0.61,36.0,32.0,9.0
2023-12-23T03:00:00Z,0.61,35.0,30.0,9.0
2023-12-23T04:00:00Z,0.58,37.0,27.0,9.0
2023-12-23T05:00:00Z,0.6,43.0,19.0,9.0
2023-12-23T06:00:00Z,0.64,46.0,14.0,9.0
2023-12-23T07:00:00Z,0.63,47.0,12.0,9.0
2023-12-23T08:00:00Z,0.69,48.0,12.0,9.0
2023-12-23T10:00:00Z,0.68,38.0,32.0,12.0
2023-12-23T11:00:00Z,0.67,32.0,44.0,11.0
2023-12-23T12:00:00Z,0.65,30.0,51.0,12.0
2023-12-23T13:00:00Z,0.59,26.0,61.0,12.0
2023-12-23T14:00:00Z,0.54,24.0,68.0,10.0
2023-12-23T15:00:00Z,0.54,25.0,70.0,9.0
2023-12-23T16:00:00Z,0.55,26.0,68.0,9.0
2023-12-23T17:00:00Z,0.56,28.0,62.0,9.0
2023-12-23T18:00:00Z,0.66,40.0,48.0,9.0
2023-12-23T19:00:00Z,0.93,54.0,30.0,10.0
2023-12-23T20:00:00Z,0.92,58.0,23.0,10.0
2023-12-23T21:00:00Z,0.9,55.0,22.0,10.0
2023-12-23T22:00:00Z,0.95,54.0,22.0,12.0
2023-12-23T23:00:00Z,0.86,54.0,20.0,12.0
2023-12-24T00:00:00Z,0.86,56.0,16.0,13.0
2023-12-24T01:00:00Z,0.91,54.0,15.0,13.0
2023-12-24T02:00:00Z,0.93,57.0,12.0,12.0
2023-12-24T03:00:00Z,0.94,57.0,10.0,12.0
2023-12-24T04:00:00Z,0.96,55.0,9.0,11.0
2023-12-24T05:00:00Z,0.96,56.0,8.0,11.0
2023-12-24T06:00:00Z,1.0,57.0,8.0,12.0
2023-12-24T07:00:00Z,1.09,57.0,9.0,13.0
2023-12-24T08:00:00Z,1.2,57.0,11.0,14.0
2023-12-24T09:00:00Z,1.23,49.0,20.0,16.0
2023-12-24T10:00:00Z,1.16,43.0,33.0,16.0
2023-12-24T11:00:00Z,0.97,36.0,49.0,14.0
2023-12-24T12:00:00Z,0.74,29.0,64.0,11.0
2023-12-24T13:00:00Z,0.64,24.0,71.0,11.0
2023-12-24T15:00:00Z,0.6,22.0,78.0,11.0
2023-12-24T16:00:00Z,0.66,23.0,76.0,11.0
2023-12-24T17:00:00Z,0.69,29.0,71.0,10.0
2023-12-24T18:00:00Z,0.74,40.0,55.0,11.0
2023-12-24T19:00:00Z,0.9,56.0,35.0,10.0
2023-12-24T20:00:00Z,0.99,67.0,22.0,10.0
2023-12-24T21:00:00Z,1.07,72.0,16.0,10.0
2023-12-24T22:00:00Z,1.13,71.0,14.0,10.0
2023-12-24T23:00:00Z,1.17,69.0,12.0,9.0
2023-12-25T00:00:00Z,1.22,69.0,9.0,9.0
2023-12-25T01:00:00Z,1.2,67.0,7.0,9.0
2023-12-25T02:00:00Z,1.11,65.0,7.0,8.0
2023-12-25T03:00:00Z,1.15,65.0,4.0,8.0
2023-12-25T04:00:00Z,1.16,65.0,4.0,9.0
2023-12-25T05:00:00Z,1.14,65.0,4.0,9.0
2023-12-25T06:00:00Z,1.23,66.0,5.0,10.0
2023-12-25T07:00:00Z,1.34,66.0,6.0,10.0
2023-12-25T08:00:00Z,1.51,69.0,6.0,11.0
2023-12-25T09:00:00Z,1.56,69.0,8.0,13.0
2023-12-25T10:00:00Z,1.39,66.0,17.0,15.0
2023-12-25T11:00:00Z,1.2,56.0,36.0,13.0
2023-12-25T12:00:00Z,0.96,45.0,53.0,12.0
2023-12-25T13:00:00Z,0.81,33.0,73.0,11.0
2023-12-25T14:00:00Z,0.77,25.0,89.0,11.0
2023-12-25T15:00:00Z,0.71,24.0,94.0,10.0
2023-12-25T16:00:00Z,0.69,26.0,91.0,10.0
2023-12-25T17:00:00Z,0.68,30.0,88.0,11.0
2023-12-25T18:00:00Z,0.81,48.0,64.0,11.0
2023-12-25T20:00:00Z,0.85,47.0,58.0,10.0
2023-12-25T21:00:00Z,0.84,42.0,60.0,10.0
2023-12-25T22:00:00Z,0.85,46.0,51.0,10.0
2023-12-25T23:00:00Z,0.82,44.0,51.0,9.0
2023-12-26T00:00:00Z,0.85,41.0,49.0,9.0
2023-12-26T01:00:00Z,0.89,38.0,48.0,9.0
2023-12-26T02:00:00Z,0.81,38.0,46.0,8.0
2023-12-26T03:00:00Z,0.84,39.0,43.0,8.0
2023-12-26T04:00:00Z,0.85,41.0,37.0,8.0
2023-12-26T05:00:00Z,0.84,47.0,28.0,8.0
2023-12-26T06:00:00Z,0.85,48.0,23.0,8.0
2023-12-26T07:00:00Z,0.91,52.0,18.0,9.0
2023-12-26T08:00:00Z,1.01,56.0,11.0,10.0
2023-12-26T09:00:00Z,1.07,55.0,13.0,11.0
2023-12-26T10:00:00Z,1.05,57.0,14.0,12.0
2023-12-26T11:00:00Z,1.2,55.0,24.0,13.0
2023-12-26T12:00:00Z,1.09,47.0,46.0,14.0
2023-12-26T13:00:00Z,0.97,41.0,64.0,13.0
2023-12-26T14:00:00Z,0.94,38.0,73.0,12.0
2023-12-26T15:00:00Z,0.89,41.0,71.0,12.0
2023-12-26T16:00:00Z,0.94,46.0,59.0,12.0
2023-12-26T17:00:00Z,0.91,54.0,50.0,12.0
2023-12-26T18:00:00Z,0.99,71.0,27.0,12.0
2023-12-26T19:00:00Z,1.13,80.0,17.0,12.0
2023-12-26T20:00:00Z,1.16,80.0,16.0,11.0
2023-12-26T21:00:00Z,1.15,79.0,15.0,11.0
2023-12-26T22:00:00Z,1.21,84.0,12.0,12.0
2023-12-26T23:00:00Z,1.21,85.0,9.0,11.0
2023-12-27T00:00:00Z,1.25,87.0,8.0,11.0
2023-12-27T01:00:00Z,1.24,84.0,6.0,11.0
2023-12-27T02:00:00Z,1.26,86.0,5.0,11.0
2023-12-27T03:00:00Z,1.32,87.0,6.0,12.0
2023-12-27T04:00:00Z,1.36,89.0,5.0,13.0
2023-12-27T05:00:00Z,1.31,88.0,5.0,13.0
2023-12-27T06:00:00Z,1.4,87.0,5.0,14.0
2023-12-27T07:00:00Z,1.56,84.0,5.0,14.0
2023-12-27T08:00:00Z,1.69,82.0,6.0,13.0
2023-12-27T09:00:00Z,1.79,78.0,8.0,13.0
2023-12-27T10:00:00Z,1.84,78.0,13.0,16.0
2023-12-27T11:00:00Z,1.79,72.0,26.0,16.0
2023-12-27T12:00:00Z,1.58,67.0,48.0,15.0
2023-12-27T13:00:00Z,1.46,66.0,61.0,14.0
2023-12-27T14:00:00Z,1.41,60.0,80.0,14.0
2023-12-27T15:00:00Z,1.33,55.0,87.0,14.0
2023-12-27T16:00:00Z,1.24,57.0,88.0,13.0
2023-12-27T17:00:00Z,1.33,68.0,71.0,12.0
2023-12-27T18:00:00Z,1.57,98.0,37.0,11.0
2023-12-27T19:00:00Z,1.8,101.0,18.0,11.0
2023-12-27T20:00:00Z,1.7,89.0,26.0,10.0
2023-12-27T21:00:00Z,1.71,76.0,27.0,10.0
2023-12-27T22:00:00Z,1.64,74.0,17.0,10.0
2023-12-27T23:00:00Z,1.6,75.0,10.0,9.0
2023-12-28T00:00:00Z,1.56,77.0,7.0,9.0
2023-12-28T01:00:00Z,1.52,73.0,7.0,8.0
2023-12-28T02:00:00Z,1.44,68.0,8.0,8.0
2023-12-28T03:00:00Z,1.34,66.0,8.0,8.0
2023-12-28T04:00:00Z,1.27,61.0,11.0,7.0
2023-12-28T05:00:00Z,1.24,57.0,14.0,6.0
2023-12-28T06:00:00Z,1.19,52.0,18.0,6.0
2023-12-28T07:00:00Z,1.24,49.0,20.0,6.0
2023-12-28T08:00:00Z,1.24,49.0,20.0,6.0
2023-12-28T09:00:00Z,1.24,49.0,21.0,6.0
2023-12-28T10:00:00Z,1.29,49.0,23.0,6.0
2023-12-28T11:00:00Z,1.29,48.0,25.0,7.0
2023-12-28T12:00:00Z,1.23,47.0,34.0,9.0
2023-12-28T13:00:00Z,1.3,47.0,44.0,8.0
2023-12-28T14:00:00Z,1.35,51.0,54.0,9.0
2023-12-28T15:00:00Z,1.59,57.0,60.0,9.0
2023-12-28T16:00:00Z,1.44,63.0,49.0,9.0
2023-12-28T17:00:00Z,1.39,70.0,29.0,7.0
2023-12-28T18:00:00Z,1.57,71.0,22.0,7.0
2023-12-28T19:00:00Z,1.6,69.0,14.0,6.0
2023-12-28T20:00:00Z,1.57,70.0,7.0,6.0
2023-12-28T21:00:00Z,1.53,65.0,7.0,6.0
2023-12-28T22:00:00Z,1.53,63.0,6.0,6.0
2023-12-28T23:00:00Z,1.46,61.0,5.0,6.0
2023-12-29T00:00:00Z,1.36,56.0,9.0,5.0
2023-12-29T01:00:00Z,1.19,39.0,25.0,5.0
2023-12-29T02:00:00Z,1.05,27.0,47.0,5.0
2023-12-29T03:00:00Z,0.96,21.0,68.0,5.0
2023-12-29T04:00:00Z,0.94,20.0,75.0,5.0
2023-12-29T05:00:00Z,0.96,22.0,75.0,6.0
2023-12-29T06:00:00Z,0.93,22.0,74.0,5.0
2023-12-29T07:00:00Z,0.88,23.0,69.0,5.0
2023-12-29T08:00:00Z,0.84,24.0,58.0,5.0
2023-12-29T09:00:00Z,0.82,28.0,49.0,5.0
2023-12-29T10:00:00Z,0.86,30.0,42.0,5.0
2023-12-29T11:00:00Z,0.82,32.0,37.0,5.0
2023-12-29T12:00:00Z,0.81,31.0,36.0,5.0
2023-12-29T13:00:00Z,0.8,31.0,38.0,5.0
2023-12-29T14:00:00Z,0.81,37.0,34.0,5.0
2023-12-29T15:00:00Z,0.8,43.0,28.0,5.0
2023-12-29T16:00:00Z,0.81,45.0,24.0,5.0
2023-12-29T17:00:00Z,0.82,48.0,18.0,6.0
2023-12-29T18:00:00Z,0.84,49.0,16.0,5.0
2023-12-29T19:00:00Z,0.85,46.0,17.0,5.0
2023-12-29T20:00:00Z,0.89,46.0,16.0,5.0
2023-12-29T21:00:00Z,0.89,46.0,13.0,5.0
2023-12-29T22:00:00Z,0.93,45.0,13.0,6.0
2023-12-29T23:00:00Z,0.86,44.0,13.0,6.0
2023-12-30T00:00:00Z,0.91,45.0,9.0,5.0
2023-12-30T01:00:00Z,0.91,42.0,10.0,6.0
2023-12-30T02:00:00Z,0.86,40.0,9.0,6.0
2023-12-30T03:00:00Z,0.83,36.0,13.0,6.0
2023-12-30T04:00:00Z,0.79,37.0,11.0,5.0
2023-12-30T05:00:00Z,0.8,36.0,13.0,5.0
2023-12-30T06:00:00Z,0.94,34.0,17.0,5.0
2023-12-30T07:00:00Z,1.11,39.0,16.0,6.0
2023-12-30T08:00:00Z,1.31,41.0,23.0,5.0
2023-12-30T09:00:00Z,1.43,40.0,27.0,6.0
2023-12-30T10:00:00Z,1.5,41.0,27.0,6.0
2023-12-30T11:00:00Z,1.49,40.0,32.0,6.0
2023-12-30T12:00:00Z,1.49,40.0,37.0,6.0
2023-12-30T13:00:00Z,1.39,37.0,47.0,6.0
2023-12-30T14:00:00Z,1.36,34.0,57.0,6.0
2023-12-30T15:00:00Z,1.29,32.0,71.0,6.0
2023-12-30T16:00:00Z,1.27,32.0,74.0,7.0
2023-12-30T17:00:00Z,1.29,33.0,70.0,7.0
2023-12-30T18:00:00Z,1.35,37.0,61.0,6.0
2023-12-30T19:00:00Z,1.48,39.0,45.0,6.0
2023-12-30T20:00:00Z,1.5,42.0,34.0,6.0
2023-12-30T21:00:00Z,1.48,43.0,30.0,6.0
2023-12-30T22:00:00Z,1.52,45.0,25.0,6.0
2023-12-30T23:00:00Z,1.57,45.0,21.0,6.0
2023-12-31T00:00:00Z,1.63,44.0,18.0,6.0
2023-12-31T01:00:00Z,1.71,44.0,15.0,5.0
2023-12-31T02:00:00Z,1.71,41.0,17.0,5.0
2023-12-31T03:00:00Z,1.63,38.0,20.0,5.0
2023-12-31T04:00:00Z,1.6,35.0,21.0,5.0
2023-12-31T05:00:00Z,1.59,34.0,22.0,5.0
2023-12-31T06:00:00Z,1.55,36.0,19.0,5.0
2023-12-31T07:00:00Z,1.55,36.0,16.0,5.0
2023-12-31T08:00:00Z,1.59,36.0,15.0,5.0
2023-12-31T09:00:00Z,1.63,33.0,17.0,5.0
2023-12-31T10:00:00Z,1.6,31.0,21.0,5.0
2023-12-31T11:00:00Z,1.57,30.0,25.0,5.0
2023-12-31T12:00:00Z,1.53,29.0,31.0,6.0
2023-12-31T13:00:00Z,1.44,29.0,41.0,6.0
2023-12-31T14:00:00Z,1.34,30.0,51.0,7.0
2023-12-31T15:00:00Z,1.29,30.0,58.0,7.0
2023-12-31T16:00:00Z,1.29,32.0,60.0,6.0
2023-12-31T17:00:00Z,1.31,36.0,54.0,6.0
2023-12-31T18:00:00Z,1.43,43.0,42.0,6.0
2023-12-31T19:00:00Z,1.5,48.0,33.0,6.0
2023-12-31T20:00:00Z,1.51,49.0,28.0,6.0
2023-12-31T21:00:00Z,1.5,52.0,22.0,6.0
2023-12-31T22:00:00Z,1.46,55.0,16.0,7.0
2023-12-31T23:00:00Z,1.55,54.0,14.0,7.0
2024-01-01T00:00:00Z,1.39,49.0,16.0,7.0
2024-01-01T01:00:00Z,1.29,45.0,17.0,7.0
2024-01-01T02:00:00Z,1.21,44.0,17.0,7.0
2024-01-01T03:00:00Z,1.02,37.0,26.0,7.0
2024-01-01T04:00:00Z,0.89,30.0,36.0,7.0
2024-01-01T05:00:00Z,0.75,27.0,40.0,7.0
2024-01-01T06:00:00Z,0.74,27.0,37.0,8.0
2024-01-01T07:00:00Z,0.75,32.0,31.0,8.0
2024-01-01T08:00:00Z,0.77,36.0,26.0,8.0
2024-01-01T09:00:00Z,0.8,36.0,26.0,9.0
2024-01-01T10:00:00Z,0.82,30.0,36.0,10.0
2024-01-01T11:00:00Z,0.86,24.0,47.0,9.0
2024-01-01T12:00:00Z,0.86,21.0,58.0,9.0
2024-01-01T13:00:00Z,0.91,20.0,67.0,9.0
2024-01-01T14:00:00Z,0.92,21.0,74.0,9.0
2024-01-01T15:00:00Z,0.94,22.0,80.0,9.0
2024-01-01T16:00:00Z,0.95,23.0,82.0,8.0
2024-01-01T17:00:00Z,1.01,26.0,77.0,8.0
2024-01-01T18:00:00Z,1.07,31.0,69.0,7.0
2024-01-01T19:00:00Z,1.1,37.0,58.0,7.0
2024-01-01T20:00:00Z,1.13,46.0,46.0,7.0
2024-01-01T21:00:00Z,1.21,56.0,30.0,7.0
2024-01-01T22:00:00Z,1.31,67.0,15.0,7.0
2024-01-01T23:00:00Z,1.31,63.0,21.0,7.0
2024-01-02T00:00:00Z,1.18,55.0,30.0,7.0
2024-01-02T01:00:00Z,1.16,55.0,25.0,7.0
2024-01-02T02:00:00Z,1.16,54.0,24.0,7.0
2024-01-02T03:00:00Z,1.11,44.0,34.0,7.0
2024-01-02T04:00:00Z,1.1,46.0,29.0,7.0
2024-01-02T05:00:00Z,1.09,48.0,24.0,7.0
2024-01-02T06:00:00Z,1.14,51.0,22.0,7.0
2024-01-02T07:00:00Z,1.11,52.0,23.0,7.0
2024-01-02T08:00:00Z,1.14,55.0,21.0,7.0
2024-01-02T09:00:00Z,1.27,52.0,23.0,7.0
2024-01-02T10:00:00Z,1.18,56.0,19.0,7.0
2024-01-02T11:00:00Z,1.08,48.0,35.0,8.0
2024-01-02T12:00:00Z,0.99,41.0,46.0,9.0
2024-01-02T13:00:00Z,0.94,38.0,53.0,10.0
2024-01-02T14:00:00Z,0.93,37.0,59.0,10.0
2024-01-02T15:00:00Z,0.99,37.0,67.0,9.0
2024-01-02T16:00:00Z,1.01,38.0,66.0,9.0
2024-01-02T17:00:00Z,1.0,40.0,65.0,9.0
2024-01-02T18:00:00Z,1.11,54.0,47.0,8.0
2024-01-02T19:00:00Z,1.27,64.0,29.0,8.0
2024-01-02T20:00:00Z,1.35,68.0,21.0,7.0
2024-01-02T21:00:00Z,1.36,63.0,20.0,7.0
2024-01-02T22:00:00Z,1.31,60.0,19.0,7.0
2024-01-02T23:00:00Z,1.31,60.0,13.0,7.0
2024-01-03T00:00:00Z,1.27,56.0,11.0,7.0
2024-01-03T01:00:00Z,1.27,50.0,15.0,6.0
2024-01-03T02:00:00Z,1.17,36.0,29.0,6.0
2024-01-03T03:00:00Z,1.14,30.0,36.0,6.0
2024-01-03T04:00:00Z,1.1,26.0,41.0,6.0
2024-01-03T05:00:00Z,1.1,21.0,46.0,5.0
2024-01-03T06:00:00Z,1.14,20.0,45.0,5.0
2024-01-03T07:00:00Z,1.15,22.0,41.0,5.0
2024-01-03T08:00:00Z,1.26,26.0,37.0,5.0
2024-01-03T09:00:00Z,1.27,27.0,36.0,5.0
2024-01-03T10:00:00Z,1.3,29.0,37.0,5.0
2024-01-03T11:00:00Z,1.31,29.0,42.0,5.0
2024-01-03T12:00:00Z,1.33,28.0,49.0,5.0
2024-01-03T13:00:00Z,1.31,29.0,60.0,6.0
2024-01-03T14:00:00Z,1.3,31.0,67.0,8.0
2024-01-03T15:00:00Z,1.27,32.0,69.0,10.0
2024-01-03T16:00:00Z,1.17,35.0,68.0,11.0
2024-01-03T17:00:00Z,1.11,40.0,62.0,10.0
2024-01-03T18:00:00Z,1.29,60.0,37.0,9.0
2024-01-03T19:00:00Z,1.49,77.0,14.0,8.0
2024-01-03T20:00:00Z,1.62,78.0,7.0,8.0
2024-01-03T21:00:00Z,1.56,75.0,5.0,8.0
2024-01-03T22:00:00Z,1.56,74.0,5.0,8.0
2024-01-03T23:00:00Z,1.36,69.0,12.0,8.0
2024-01-04T00:00:00Z,1.23,59.0,14.0,7.0
2024-01-04T01:00:00Z,1.14,47.0,19.0,6.0
2024-01-04T02:00:00Z,1.13,40.0,20.0,6.0
2024-01-04T03:00:00Z,1.1,35.0,24.0,5.0
2024-01-04T04:00:00Z,1.07,30.0,29.0,5.0
2024-01-04T05:00:00Z,1.04,29.0,31.0,5.0
2024-01-04T06:00:00Z,1.0,27.0,33.0,5.0
2024-01-04T07:00:00Z,0.95,27.0,35.0,5.0
2024-01-04T08:00:00Z,0.96,28.0,36.0,5.0
2024-01-04T09:00:00Z,1.0,26.0,40.0,5.0
2024-01-04T10:00:00Z,1.0,25.0,41.0,5.0
2024-01-04T11:00:00Z,0.96,24.0,43.0,5.0
2024-01-04T12:00:00Z,0.92,23.0,46.0,6.0
2024-01-04T13:00:00Z,0.89,24.0,56.0,7.0
2024-01-04T14:00:00Z,0.79,24.0,66.0,7.0
2024-01-04T15:00:00Z,0.76,26.0,69.0,7.0
2024-01-04T16:00:00Z,0.79,30.0,65.0,7.0
2024-01-04T17:00:00Z,0.78,36.0,55.0,7.0
2024-01-04T18:00:00Z,0.8,44.0,42.0,7.0
2024-01-04T19:00:00Z,0.99,60.0,23.0,7.0
2024-01-04T20:00:00Z,1.05,62.0,21.0,7.0
2024-01-04T21:00:00Z,0.94,56.0,24.0,7.0
2024-01-04T22:00:00Z,0.95,56.0,19.0,7.0
2024-01-04T23:00:00Z,1.01,56.0,16.0,7.0
2024-01-05T00:00:00Z,1.05,61.0,9.0,7.0
2024-01-05T01:00:00Z,0.99,57.0,5.0,7.0
2024-01-05T02:00:00Z,0.97,53.0,6.0,7.0
2024-01-05T03:00:00Z,0.93,54.0,3.0,7.0
2024-01-05T04:00:00Z,0.91,55.0,3.0,7.0
2024-01-05T05:00:00Z,0.9,53.0,3.0,7.0
2024-01-05T06:00:00Z,0.95,53.0,4.0,7.0
2024-01-05T07:00:00Z,1.06,52.0,3.0,7.0
2024-01-05T08:00:00Z,1.16,52.0,3.0,7.0
2024-01-05T09:00:00Z,1.3,50.0,7.0,8.0
2024-01-05T10:00:00Z,1.35,52.0,16.0,10.0
2024-01-05T11:00:00Z,1.21,49.0,32.0,12.0
2024-01-05T12:00:00Z,1.2,44.0,51.0,14.0
2024-01-05T13:00:00Z,1.15,43.0,67.0,15.0
2024-01-05T14:00:00Z,1.07,40.0,82.0,14.0
2024-01-05T15:00:00Z,1.1,41.0,86.0,13.0
2024-01-05T16:00:00Z,1.04,42.0,87.0,12.0
2024-01-05T17:00:00Z,1.04,48.0,78.0,11.0
2024-01-05T18:00:00Z,1.21,77.0,45.0,10.0
2024-01-05T19:00:00Z,1.55,99.0,15.0,10.0
2024-01-05T20:00:00Z,1.8,97.0,13.0,9.0
2024-01-05T21:00:00Z,1.84,92.0,13.0,10.0
2024-01-05T22:00:00Z,1.82,86.0,8.0,9.0
2024-01-05T23:00:00Z,1.75,82.0,6.0,9.0
2024-01-06T00:00:00Z,1.61,74.0,7.0,8.0
2024-01-06T01:00:00Z,1.5,70.0,7.0,8.0
2024-01-06T02:00:00Z,1.53,71.0,5.0,8.0
2024-01-06T03:00:00Z,1.69,73.0,4.0,9.0
2024-01-06T04:00:00Z,1.78,73.0,4.0,9.0
2024-01-06T05:00:00Z,1.68,69.0,4.0,11.0
2024-01-06T06:00:00Z,1.59,66.0,3.0,9.0
2024-01-06T07:00:00Z,1.6,63.0,3.0,8.0
2024-01-06T08:00:00Z,1.59,62.0,5.0,9.0
2024-01-06T09:00:00Z,1.64,65.0,7.0,11.0
2024-01-06T10:00:00Z,1.51,61.0,18.0,14.0
2024-01-06T11:00:00Z,1.36,58.0,36.0,16.0
2024-01-06T12:00:00Z,1.36,58.0,49.0,17.0
2024-01-06T13:00:00Z,1.32,48.0,70.0,18.0
2024-01-06T14:00:00Z,1.17,41.0,79.0,23.0
2024-01-06T15:00:00Z,1.0,38.0,79.0,24.0
2024-01-06T16:00:00Z,1.01,52.0,58.0,19.0
2024-01-06T17:00:00Z,0.91,48.0,58.0,18.0
2024-01-06T18:00:00Z,0.8,44.0,54.0,15.0
2024-01-06T19:00:00Z,0.74,44.0,44.0,13.0
2024-01-06T20:00:00Z,0.6,39.0,40.0,10.0
2024-01-06T21:00:00Z,0.61,39.0,36.0,10.0
2024-01-06T22:00:00Z,0.57,37.0,37.0,9.0
2024-01-06T23:00:00Z,0.54,34.0,39.0,9.0
2024-01-07T00:00:00Z,0.61,35.0,33.0,10.0
2024-01-07T01:00:00Z,0.57,38.0,26.0,9.0
2024-01-07T02:00:00Z,0.56,42.0,19.0,9.0
2024-01-07T03:00:00Z,0.63,49.0,11.0,9.0
2024-01-07T04:00:00Z,0.68,52.0,9.0,10.0
2024-01-07T05:00:00Z,0.64,50.0,10.0,11.0
2024-01-07T06:00:00Z,0.66,50.0,9.0,11.0
2024-01-07T07:00:00Z,0.71,51.0,7.0,12.0
2024-01-07T08:00:00Z,0.72,50.0,8.0,13.0
2024-01-07T09:00:00Z,0.78,41.0,18.0,14.0
2024-01-07T10:00:00Z,0.71,35.0,30.0,14.0
2024-01-07T11:00:00Z,0.64,30.0,38.0,13.0
2024-01-07T12:00:00Z,0.61,27.0,46.0,12.0
2024-01-07T13:00:00Z,0.57,24.0,55.0,12.0
2024-01-07T14:00:00Z,0.53,21.0,62.0,10.0
2024-01-07T15:00:00Z,0.49,20.0,65.0,9.0
2024-01-07T16:00:00Z,0.54,23.0,65.0,8.0
2024-01-07T17:00:00Z,0.5,28.0,60.0,9.0
2024-01-07T18:00:00Z,0.54,35.0,52.0,9.0
2024-01-07T19:00:00Z,0.61,43.0,41.0,10.0
2024-01-07T20:00:00Z,0.61,37.0,42.0,10.0
2024-01-07T21:00:00Z,0.59,34.0,41.0,11.0
2024-01-07T22:00:00Z,0.61,33.0,40.0,9.0
2024-01-07T23:00:00Z,0.64,33.0,39.0,9.0
2024-01-08T00:00:00Z,0.65,34.0,36.0,11.0
2024-01-08T01:00:00Z,0.66,35.0,30.0,9.0
2024-01-08T02:00:00Z,0.61,34.0,29.0,8.0
2024-01-08T03:00:00Z,0.56,30.0,32.0,8.0
2024-01-08T04:00:00Z,0.56,28.0,34.0,8.0
2024-01-08T05:00:00Z,0.59,30.0,32.0,8.0
2024-01-08T06:00:00Z,0.63,28.0,32.0,8.0
2024-01-08T07:00:00Z,0.6,28.0,33.0,8.0
2024-01-08T08:00:00Z,0.61,32.0,29.0,8.0
2024-01-08T09:00:00Z,0.59,30.0,33.0,9.0
2024-01-08T10:00:00Z,0.56,26.0,39.0,9.0
2024-01-08T11:00:00Z,0.57,22.0,46.0,9.0
2024-01-08T12:00:00Z,0.63,21.0,52.0,10.0
2024-01-08T13:00:00Z,0.65,20.0,59.0,10.0
2024-01-08T14:00:00Z,0.66,21.0,64.0,9.0
2024-01-08T15:00:00Z,0.7,23.0,66.0,10.0
2024-01-08T16:00:00Z,0.74,26.0,64.0,10.0
2024-01-08T17:00:00Z,0.74,28.0,59.0,10.0
2024-01-08T18:00:00Z,0.75,31.0,51.0,9.0
2024-01-08T19:00:00Z,0.75,34.0,41.0,9.0
2024-01-08T20:00:00Z,0.79,37.0,35.0,9.0
2024-01-08T21:00:00Z,0.79,41.0,28.0,9.0
2024-01-08T22:00:00Z,0.8,43.0,23.0,9.0
2024-01-08T23:00:00Z,0.8,42.0,22.0,8.0
2024-01-09T00:00:00Z,0.81,37.0,25.0,9.0
2024-01-09T01:00:00Z,0.8,38.0,22.0,8.0
2024-01-09T02:00:00Z,0.85,43.0,15.0,8.0
2024-01-09T03:00:00Z,0.86,48.0,9.0,8.0
2024-01-09T04:00:00Z,0.88,49.0,8.0,7.0
2024-01-09T05:00:00Z,0.93,49.0,6.0,8.0
2024-01-09T06:00:00Z,0.94,49.0,5.0,8.0
2024-01-09T07:00:00Z,1.04,50.0,4.0,8.0
2024-01-09T08:00:00Z,1.15,49.0,4.0,8.0
2024-01-09T09:00:00Z,1.2,49.0,6.0,9.0
2024-01-09T10:00:00Z,1.21,52.0,9.0,10.0
2024-01-09T11:00:00Z,1.11,53.0,14.0,10.0
2024-01-09T12:00:00Z,1.07,44.0,22.0,10.0
2024-01-09T13:00:00Z,1.05,37.0,38.0,9.0
2024-01-09T14:00:00Z,0.99,34.0,45.0,8.0
2024-01-09T15:00:00Z,0.99,38.0,44.0,7.0
2024-01-09T16:00:00Z,1.0,41.0,47.0,7.0
2024-01-09T17:00:00Z,1.02,46.0,38.0,7.0
2024-01-09T18:00:00Z,1.06,51.0,25.0,7.0
2024-01-09T19:00:00Z,1.14,55.0,11.0,8.0
2024-01-09T20:00:00Z,1.16,59.0,6.0,9.0
2024-01-09T21:00:00Z,1.19,63.0,4.0,10.0
2024-01-09T22:00:00Z,1.24,64.0,3.0,11.0
2024-01-09T23:00:00Z,1.2,62.0,4.0,10.0
2024-01-10T00:00:00Z,1.2,59.0,6.0,10.0
2024-01-10T01:00:00Z,1.21,58.0,4.0,10.0
2024-01-10T02:00:00Z,1.24,58.0,4.0,10.0
2024-01-10T03:00:00Z,1.26,59.0,4.0,10.0
2024-01-10T04:00:00Z,1.26,58.0,3.0,10.0
2024-01-10T05:00:00Z,1.26,58.0,3.0,9.0
2024-01-10T06:00:00Z,1.27,57.0,3.0,9.0
2024-01-10T07:00:00Z,1.35,56.0,3.0,8.0
2024-01-10T08:00:00Z,1.44,54.0,4.0,9.0
2024-01-10T09:00:00Z,1.49,52.0,7.0,10.0
2024-01-10T10:00:00Z,1.13,44.0,23.0,10.0
2024-01-10T11:00:00Z,0.73,34.0,40.0,10.0
2024-01-10T12:00:00Z,0.57,25.0,54.0,9.0
2024-01-10T13:00:00Z,0.47,19.0,64.0,7.0
2024-01-10T14:00:00Z,0.46,17.0,71.0,7.0
2024-01-10T15:00:00Z,0.49,19.0,70.0,8.0
2024-01-10T16:00:00Z,0.49,22.0,69.0,7.0
2024-01-10T17:00:00Z,0.47,25.0,65.0,7.0
2024-01-10T18:00:00Z,0.55,35.0,53.0,8.0
2024-01-10T19:00:00Z,0.69,48.0,40.0,9.0
2024-01-10T20:00:00Z,0.86,54.0,35.0,9.0
2024-01-10T21:00:00Z,0.93,59.0,29.0,9.0
2024-01-10T22:00:00Z,0.97,53.0,34.0,8.0
2024-01-10T23:00:00Z,0.99,52.0,32.0,9.0
2024-01-11T00:00:00Z,1.01,50.0,33.0,8.0
2024-01-11T01:00:00Z,1.03,49.0,31.0,8.0
2024-01-11T02:00:00Z,1.03,47.0,33.0,8.0
2024-01-11T03:00:00Z,1.05,46.0,31.0,9.0
2024-01-11T04:00:00Z,1.04,45.0,31.0,9.0
2024-01-11T05:00:00Z,1.01,45.0,30.0,9.0
2024-01-11T06:00:00Z,1.01,47.0,26.0,9.0
2024-01-11T07:00:00Z,1.05,54.0,19.0,9.0
2024-01-11T08:00:00Z,1.13,58.0,13.0,10.0
2024-01-11T09:00:00Z,1.16,56.0,14.0,10.0
2024-01-11T10:00:00Z,1.16,52.0,26.0,10.0
2024-01-11T11:00:00Z,1.13,52.0,37.0,11.0
2024-01-11T12:00:00Z,1.03,44.0,59.0,11.0
2024-01-11T13:00:00Z,0.93,36.0,84.0,11.0
2024-01-11T14:00:00Z,0.81,30.0,103.0,10.0
2024-01-11T15:00:00Z,0.79,30.0,109.0,11.0
2024-01-11T16:00:00Z,0.84,31.0,111.0,11.0
2024-01-11T17:00:00Z,0.83,35.0,106.0,11.0
2024-01-11T18:00:00Z,0.95,56.0,73.0,10.0
2024-01-11T19:00:00Z,1.2,78.0,43.0,10.0
2024-01-11T20:00:00Z,1.31,84.0,30.0,10.0
2024-01-11T21:00:00Z,1.3,83.0,25.0,10.0
2024-01-11T22:00:00Z,1.31,84.0,20.0,10.0
2024-01-11T23:00:00Z,1.43,87.0,13.0,13.0
2024-01-12T00:00:00Z,1.54,89.0,10.0,9.0
2024-01-12T01:00:00Z,1.49,92.0,7.0,9.0
2024-01-12T02:00:00Z,1.32,87.0,7.0,9.0
2024-01-12T03:00:00Z,1.27,85.0,6.0,9.0
2024-01-12T04:00:00Z,1.25,81.0,8.0,9.0
2024-01-12T05:00:00Z,1.23,78.0,7.0,9.0
2024-01-12T06:00:00Z,1.24,76.0,6.0,10.0
2024-01-12T07:00:00Z,1.31,78.0,5.0,11.0
2024-01-12T08:00:00Z,1.36,78.0,5.0,12.0
2024-01-12T09:00:00Z,1.53,77.0,8.0,15.0
2024-01-12T10:00:00Z,1.46,83.0,15.0,19.0
2024-01-12T11:00:00Z,1.47,80.0,32.0,20.0
2024-01-12T12:00:00Z,1.46,74.0,56.0,18.0
2024-01-12T13:00:00Z,1.58,72.0,74.0,17.0
2024-01-12T14:00:00Z,1.5,68.0,90.0,16.0
2024-01-12T15:00:00Z,1.38,62.0,103.0,15.0
2024-01-12T16:00:00Z,1.28,61.0,108.0,14.0
2024-01-12T17:00:00Z,1.31,69.0,98.0,13.0
2024-01-12T18:00:00Z,1.47,86.0,73.0,13.0
2024-01-12T19:00:00Z,1.69,111.0,39.0,12.0
2024-01-12T20:00:00Z,1.66,106.0,38.0,12.0
2024-01-12T21:00:00Z,1.74,111.0,24.0,12.0
2024-01-12T22:00:00Z,1.73,109.0,19.0,12.0
2024-01-12T23:00:00Z,1.71,105.0,12.0,11.0
2024-01-13T00:00:00Z,1.68,101.0,10.0,12.0
2024-01-13T01:00:00Z,1.57,96.0,10.0,12.0
2024-01-13T02:00:00Z,1.55,91.0,10.0,10.0
2024-01-13T03:00:00Z,1.49,85.0,11.0,10.0
2024-01-13T04:00:00Z,1.44,80.0,9.0,10.0
2024-01-13T05:00:00Z,1.39,75.0,8.0,9.0
2024-01-13T06:00:00Z,1.35,70.0,8.0,8.0
2024-01-13T07:00:00Z,1.31,65.0,8.0,7.0
2024-01-13T08:00:00Z,1.3,59.0,8.0,7.0
2024-01-13T09:00:00Z,1.31,50.0,12.0,7.0
2024-01-13T10:00:00Z,1.29,47.0,18.0,7.0
2024-01-13T11:00:00Z,1.25,44.0,27.0,7.0
2024-01-13T12:00:00Z,1.25,42.0,41.0,8.0
2024-01-13T13:00:00Z,1.26,41.0,56.0,9.0
2024-01-13T14:00:00Z,1.23,39.0,76.0,10.0
2024-01-13T15:00:00Z,1.15,38.0,92.0,11.0
2024-01-13T16:00:00Z,1.07,40.0,99.0,11.0
2024-01-13T17:00:00Z,1.11,47.0,94.0,11.0
2024-01-13T18:00:00Z,1.18,67.0,68.0,10.0
2024-01-13T19:00:00Z,1.26,77.0,51.0,10.0
2024-01-13T20:00:00Z,1.28,72.0,51.0,10.0
2024-01-13T21:00:00Z,1.38,79.0,38.0,10.0
2024-01-13T22:00:00Z,1.36,73.0,36.0,10.0
2024-01-13T23:00:00Z,1.33,72.0,26.0,9.0
2024-01-14T00:00:00Z,1.35,73.0,17.0,9.0
2024-01-14T01:00:00Z,1.36,76.0,11.0,8.0
2024-01-14T02:00:00Z,1.43,76.0,9.0,8.0
2024-01-14T03:00:00Z,1.45,73.0,8.0,9.0
2024-01-14T04:00:00Z,1.4,70.0,5.0,8.0
2024-01-14T05:00:00Z,1.44,69.0,5.0,9.0
2024-01-14T06:00:00Z,1.46,69.0,5.0,8.0
2024-01-14T07:00:00Z,1.56,65.0,4.0,9.0
2024-01-14T08:00:00Z,1.63,59.0,10.0,13.0
2024-01-14T09:00:00Z,1.59,51.0,15.0,11.0
2024-01-14T10:00:00Z,1.71,52.0,21.0,11.0
2024-01-14T11:00:00Z,1.75,52.0,32.0,10.0
2024-01-14T12:00:00Z,1.65,46.0,47.0,9.0
2024-01-14T13:00:00Z,1.49,40.0,57.0,9.0
2024-01-14T14:00:00Z,1.3,39.0,50.0,10.0
2024-01-14T15:00:00Z,1.38,43.0,43.0,10.0
2024-01-14T16:00:00Z,1.34,45.0,39.0,9.0
2024-01-14T17:00:00Z,1.26,49.0,35.0,10.0
2024-01-14T18:00:00Z,1.26,59.0,25.0,9.0
2024-01-14T19:00:00Z,1.3,65.0,16.0,9.0
2024-01-14T20:00:00Z,0.79,48.0,32.0,8.0
2024-01-14T21:00:00Z,0.55,33.0,44.0,8.0
2024-01-14T22:00:00Z,0.5,32.0,43.0,8.0
2024-01-14T23:00:00Z,0.51,33.0,40.0,8.0
2024-01-15T00:00:00Z,0.49,31.0,40.0,9.0
2024-01-15T01:00:00Z,0.5,28.0,42.0,8.0
2024-01-15T02:00:00Z,0.49,27.0,45.0,8.0
2024-01-15T03:00:00Z,0.46,24.0,49.0,8.0
2024-01-15T04:00:00Z,0.49,24.0,48.0,7.0
2024-01-15T05:00:00Z,0.5,24.0,48.0,8.0
2024-01-15T06:00:00Z,0.47,25.0,46.0,7.0
2024-01-15T07:00:00Z,0.46,27.0,47.0,7.0
2024-01-15T08:00:00Z,0.55,33.0,42.0,7.0
2024-01-15T09:00:00Z,0.56,26.0,53.0,8.0
2024-01-15T10:00:00Z,0.54,21.0,63.0,9.0
2024-01-15T11:00:00Z,0.53,18.0,68.0,8.0
2024-01-15T12:00:00Z,0.54,17.0,71.0,8.0
2024-01-15T13:00:00Z,0.53,18.0,73.0,8.0
2024-01-15T14:00:00Z,0.54,19.0,74.0,8.0
2024-01-15T15:00:00Z,0.55,21.0,74.0,8.0
2024-01-15T16:00:00Z,0.55,23.0,73.0,9.0
2024-01-15T17:00:00Z,0.55,28.0,67.0,9.0
2024-01-15T18:00:00Z,0.63,38.0,55.0,9.0
2024-01-15T19:00:00Z,0.7,49.0,41.0,9.0
2024-01-15T20:00:00Z,0.7,46.0,42.0,8.0
2024-01-15T21:00:00Z,0.64,36.0,49.0,8.0
2024-01-15T22:00:00Z,0.64,37.0,46.0,9.0
2024-01-15T23:00:00Z,0.65,37.0,45.0,9.0
2024-01-16T00:00:00Z,0.71,37.0,42.0,10.0
2024-01-16T01:00:00Z,0.76,40.0,34.0,11.0
2024-01-16T02:00:00Z,0.71,45.0,25.0,9.0
2024-01-16T03:00:00Z,0.69,43.0,24.0,8.0
2024-01-16T04:00:00Z,0.6,37.0,29.0,7.0
2024-01-16T05:00:00Z,0.54,32.0,32.0,7.0
2024-01-16T06:00:00Z,0.56,29.0,35.0,7.0
2024-01-16T07:00:00Z,0.61,32.0,35.0,7.0
2024-01-16T08:00:00Z,0.74,37.0,30.0,8.0
2024-01-16T09:00:00Z,0.65,37.0,34.0,7.0
2024-01-16T10:00:00Z,0.63,32.0,40.0,8.0
2024-01-16T11:00:00Z,0.56,28.0,46.0,8.0
2024-01-16T12:00:00Z,0.51,29.0,49.0,7.0
2024-01-16T13:00:00Z,0.5,29.0,50.0,8.0
2024-01-16T14:00:00Z,0.51,32.0,44.0,7.0
2024-01-16T15:00:00Z,0.5,36.0,39.0,7.0
2024-01-16T16:00:00Z,0.51,37.0,36.0,7.0
2024-01-16T17:00:00Z,0.55,38.0,32.0,7.0
2024-01-16T18:00:00Z,0.54,36.0,30.0,7.0
2024-01-16T19:00:00Z,0.55,38.0,25.0,7.0
2024-01-16T20:00:00Z,0.6,40.0,19.0,6.0
2024-01-16T21:00:00Z,0.64,39.0,18.0,6.0
2024-01-16T22:00:00Z,0.64,40.0,16.0,6.0
2024-01-16T23:00:00Z,0.61,37.0,17.0,5.0
2024-01-17T00:00:00Z,0.57,33.0,19.0,5.0
2024-01-17T01:00:00Z,0.52,31.0,20.0,5.0
2024-01-17T02:00:00Z,0.51,33.0,16.0,5.0
2024-01-17T03:00:00Z,0.5,33.0,15.0,5.0
2024-01-17T04:00:00Z,0.51,32.0,15.0,5.0
2024-01-17T05:00:00Z,0.54,33.0,12.0,5.0
2024-01-17T06:00:00Z,0.57,36.0,9.0,6.0
2024-01-17T07:00:00Z,0.64,39.0,6.0,6.0
2024-01-17T08:00:00Z,0.71,40.0,6.0,6.0
2024-01-17T09:00:00Z,0.76,34.0,10.0,6.0
2024-01-17T10:00:00Z,0.75,28.0,19.0,6.0
2024-01-17T11:00:00Z,0.7,26.0,23.0,6.0
2024-01-17T12:00:00Z,0.76,27.0,25.0,5.0
2024-01-17T13:00:00Z,0.8,30.0,27.0,5.0
2024-01-17T14:00:00Z,0.76,29.0,33.0,5.0
2024-01-17T15:00:00Z,0.74,29.0,40.0,5.0
2024-01-17T16:00:00Z,0.76,29.0,43.0,5.0
2024-01-17T17:00:00Z,0.78,28.0,44.0,5.0
2024-01-17T18:00:00Z,0.74,26.0,47.0,5.0
2024-01-17T19:00:00Z,0.74,27.0,40.0,5.0
2024-01-17T20:00:00Z,0.78,29.0,32.0,5.0
2024-01-17T21:00:00Z,0.75,29.0,30.0,5.0
2024-01-17T22:00:00Z,0.79,29.0,29.0,5.0
2024-01-17T23:00:00Z,0.81,29.0,27.0,5.0
2024-01-18T00:00:00Z,0.82,32.0,22.0,5.0
2024-01-18T01:00:00Z,0.93,37.0,17.0,6.0
2024-01-18T02:00:00Z,0.96,38.0,16.0,6.0
2024-01-18T03:00:00Z,1.05,39.0,16.0,6.0
2024-01-18T04:00:00Z,1.15,42.0,10.0,6.0
2024-01-18T05:00:00Z,1.16,46.0,5.0,6.0
2024-01-18T06:00:00Z,1.18,47.0,6.0,6.0
2024-01-18T07:00:00Z,1.12,44.0,10.0,7.0
2024-01-18T08:00:00Z,0.89,36.0,18.0,6.0
2024-01-18T09:00:00Z,0.76,29.0,27.0,6.0
2024-01-18T10:00:00Z,0.79,29.0,27.0,6.0
2024-01-18T11:00:00Z,0.82,28.0,25.0,6.0
2024-01-18T12:00:00Z,0.84,29.0,26.0,5.0
2024-01-18T13:00:00Z,0.8,30.0,27.0,5.0
2024-01-18T14:00:00Z,0.8,33.0,27.0,6.0
2024-01-18T15:00:00Z,0.81,36.0,25.0,5.0
2024-01-18T16:00:00Z,0.84,39.0,20.0,5.0
2024-01-18T17:00:00Z,0.88,41.0,19.0,5.0
2024-01-18T18:00:00Z,0.88,41.0,18.0,6.0
2024-01-18T19:00:00Z,0.88,40.0,19.0,6.0
2024-01-18T20:00:00Z,0.84,38.0,20.0,6.0
2024-01-18T21:00:00Z,0.84,36.0,24.0,6.0
2024-01-18T22:00:00Z,0.79,30.0,31.0,6.0
2024-01-18T23:00:00Z,0.75,27.0,35.0,6.0
2024-01-19T00:00:00Z,0.67,25.0,37.0,6.0
2024-01-19T01:00:00Z,0.64,23.0,42.0,6.0
2024-01-19T02:00:00Z,0.61,20.0,46.0,5.0
2024-01-19T03:00:00Z,0.59,21.0,44.0,5.0
2024-01-19T04:00:00Z,0.59,22.0,41.0,5.0
2024-01-19T05:00:00Z,0.59,23.0,39.0,5.0
2024-01-19T06:00:00Z,0.6,25.0,39.0,5.0
2024-01-19T07:00:00Z,0.61,25.0,39.0,5.0
2024-01-19T08:00:00Z,0.6,26.0,39.0,6.0
2024-01-19T09:00:00Z,0.64,28.0,40.0,6.0
2024-01-19T10:00:00Z,0.64,27.0,41.0,5.0
2024-01-19T11:00:00Z,0.64,28.0,43.0,6.0
2024-01-19T12:00:00Z,0.61,28.0,43.0,6.0
2024-01-19T13:00:00Z,0.66,29.0,46.0,9.0
2024-01-19T14:00:00Z,0.64,30.0,47.0,8.0
2024-01-19T15:00:00Z,0.66,30.0,48.0,8.0
2024-01-19T16:00:00Z,0.68,34.0,42.0,8.0
2024-01-19T17:00:00Z,0.69,38.0,35.0,8.0
2024-01-19T18:00:00Z,0.75,38.0,32.0,9.0
2024-01-19T19:00:00Z,0.74,38.0,30.0,9.0
2024-01-19T20:00:00Z,0.73,39.0,27.0,9.0
2024-01-19T21:00:00Z,0.74,39.0,24.0,8.0
2024-01-19T22:00:00Z,0.74,37.0,25.0,8.0
2024-01-19T23:00:00Z,0.78,37.0,22.0,9.0
2024-01-20T00:00:00Z,0.81,33.0,23.0,8.0
2024-01-20T01:00:00Z,0.81,35.0,18.0,8.0
2024-01-20T02:00:00Z,0.79,33.0,19.0,7.0
2024-01-20T03:00:00Z,0.77,30.0,23.0,7.0
2024-01-20T04:00:00Z,0.74,30.0,23.0,7.0
2024-01-20T05:00:00Z,0.76,29.0,22.0,6.0
2024-01-20T06:00:00Z,0.74,31.0,18.0,6.0
2024-01-20T07:00:00Z,0.72,29.0,18.0,6.0
2024-01-20T08:00:00Z,0.71,27.0,22.0,6.0
2024-01-20T09:00:00Z,0.66,24.0,26.0,7.0
2024-01-20T10:00:00Z,0.65,24.0,29.0,7.0
2024-01-20T11:00:00Z,0.69,23.0,33.0,7.0
2024-01-20T12:00:00Z,0.66,23.0,35.0,7.0
2024-01-20T13:00:00Z,0.7,25.0,34.0,6.0
2024-01-20T14:00:00Z,0.74,27.0,32.0,6.0
2024-01-20T15:00:00Z,0.76,30.0,29.0,7.0
2024-01-20T16:00:00Z,0.76,37.0,22.0,7.0
2024-01-20T17:00:00Z,0.81,39.0,20.0,7.0
2024-01-20T18:00:00Z,0.83,39.0,20.0,7.0
2024-01-20T19:00:00Z,0.8,35.0,24.0,6.0
2024-01-20T20:00:00Z,0.81,33.0,23.0,6.0
2024-01-20T21:00:00Z,0.8,31.0,24.0,6.0
2024-01-20T22:00:00Z,0.79,33.0,20.0,6.0
2024-01-20T23:00:00Z,0.81,36.0,14.0,7.0
2024-01-21T00:00:00Z,0.81,38.0,10.0,7.0
2024-01-21T01:00:00Z,0.86,38.0,9.0,7.0
2024-01-21T02:00:00Z,0.84,36.0,11.0,7.0
2024-01-21T03:00:00Z,0.84,34.0,12.0,7.0
2024-01-21T04:00:00Z,0.84,34.0,12.0,7.0
2024-01-21T05:00:00Z,0.89,34.0,12.0,7.0
2024-01-21T06:00:00Z,0.89,34.0,14.0,7.0
2024-01-21T07:00:00Z,0.76,28.0,26.0,7.0
2024-01-21T08:00:00Z,0.69,24.0,39.0,7.0
2024-01-21T09:00:00Z,0.67,24.0,43.0,8.0
2024-01-21T10:00:00Z,0.7,22.0,49.0,9.0
2024-01-21T11:00:00Z,0.81,22.0,52.0,10.0
2024-01-21T12:00:00Z,0.84,23.0,52.0,9.0
2024-01-21T13:00:00Z,0.85,23.0,60.0,9.0
2024-01-21T14:00:00Z,0.83,22.0,66.0,11.0
2024-01-21T15:00:00Z,0.79,23.0,64.0,10.0
2024-01-21T16:00:00Z,0.84,26.0,57.0,9.0
2024-01-21T17:00:00Z,0.81,29.0,51.0,8.0
2024-01-21T18:00:00Z,0.7,25.0,54.0,8.0
2024-01-21T19:00:00Z,0.59,19.0,59.0,8.0
2024-01-21T20:00:00Z,0.56,18.0,58.0,7.0
2024-01-21T21:00:00Z,0.56,19.0,55.0,7.0
2024-01-21T22:00:00Z,0.59,21.0,49.0,7.0
2024-01-21T23:00:00Z,0.51,14.0,62.0,6.0
2024-01-22T00:00:00Z,0.51,12.0,65.0,6.0
2024-01-22T01:00:00Z,0.49,12.0,63.0,7.0
2024-01-22T02:00:00Z,0.51,13.0,61.0,8.0
2024-01-22T03:00:00Z,0.54,14.0,58.0,7.0
2024-01-22T04:00:00Z,0.55,17.0,53.0,6.0
2024-01-22T05:00:00Z,0.55,22.0,41.0,6.0
2024-01-22T06:00:00Z,0.6,26.0,36.0,7.0
2024-01-22T07:00:00Z,0.59,20.0,47.0,7.0
2024-01-22T08:00:00Z,0.54,14.0,61.0,6.0
2024-01-22T09:00:00Z,0.54,14.0,63.0,7.0
2024-01-22T10:00:00Z,0.55,14.0,65.0,6.0
2024-01-22T11:00:00Z,0.54,13.0,67.0,6.0
2024-01-22T12:00:00Z,0.52,12.0,71.0,6.0
2024-01-22T13:00:00Z,0.5,13.0,71.0,6.0
2024-01-22T14:00:00Z,0.5,14.0,70.0,6.0
2024-01-22T15:00:00Z,0.48,16.0,67.0,6.0
2024-01-22T16:00:00Z,0.51,19.0,61.0,6.0
2024-01-22T17:00:00Z,0.51,22.0,56.0,6.0
2024-01-22T18:00:00Z,0.54,24.0,51.0,7.0
2024-01-22T19:00:00Z,0.53,24.0,50.0,7.0
2024-01-22T20:00:00Z,0.56,25.0,46.0,8.0
2024-01-22T21:00:00Z,0.59,26.0,43.0,7.0
2024-01-22T22:00:00Z,0.56,27.0,40.0,7.0
2024-01-22T23:00:00Z,0.63,25.0,40.0,8.0
2024-01-23T00:00:00Z,0.69,28.0,35.0,8.0
2024-01-23T01:00:00Z,0.75,30.0,32.0,9.0
2024-01-23T02:00:00Z,0.68,29.0,31.0,8.0
2024-01-23T03:00:00Z,0.65,27.0,32.0,9.0
2024-01-23T04:00:00Z,0.64,24.0,36.0,8.0
2024-01-23T05:00:00Z,0.63,27.0,33.0,9.0
2024-01-23T06:00:00Z,0.69,32.0,29.0,9.0
2024-01-23T07:00:00Z,0.67,27.0,40.0,10.0
2024-01-23T08:00:00Z,0.66,21.0,52.0,9.0
2024-01-23T09:00:00Z,0.63,17.0,61.0,9.0
2024-01-23T10:00:00Z,0.6,14.0,68.0,8.0
2024-01-23T11:00:00Z,0.65,14.0,70.0,8.0
2024-01-23T12:00:00Z,0.64,13.0,73.0,8.0
2024-01-23T13:00:00Z,0.63,15.0,72.0,8.0
2024-01-23T14:00:00Z,0.63,16.0,71.0,9.0
2024-01-23T15:00:00Z,0.61,18.0,68.0,8.0
2024-01-23T16:00:00Z,0.65,22.0,62.0,8.0
2024-01-23T17:00:00Z,0.71,27.0,54.0,8.0
2024-01-23T18:00:00Z,0.71,25.0,54.0,9.0
2024-01-23T19:00:00Z,0.67,25.0,53.0,9.0
2024-01-23T20:00:00Z,0.69,26.0,50.0,9.0
2024-01-23T21:00:00Z,0.69,28.0,45.0,10.0
2024-01-23T22:00:00Z,0.71,30.0,42.0,10.0
2024-01-23T23:00:00Z,0.67,31.0,39.0,10.0
2024-01-24T00:00:00Z,0.71,34.0,34.0,11.0
2024-01-24T01:00:00Z,0.74,36.0,31.0,11.0
2024-01-24T02:00:00Z,0.76,38.0,27.0,11.0
2024-01-24T03:00:00Z,0.81,44.0,18.0,10.0
2024-01-24T04:00:00Z,0.84,47.0,14.0,10.0
2024-01-24T05:00:00Z,0.87,52.0,8.0,9.0
2024-01-24T06:00:00Z,0.95,52.0,9.0,9.0
2024-01-24T07:00:00Z,1.03,49.0,18.0,11.0
2024-01-24T08:00:00Z,0.9,36.0,38.0,12.0
2024-01-24T09:00:00Z,0.79,30.0,50.0,12.0
2024-01-24T10:00:00Z,0.76,26.0,56.0,11.0
2024-01-24T11:00:00Z,0.71,25.0,61.0,10.0
2024-01-24T12:00:00Z,0.6,21.0,68.0,10.0
2024-01-24T13:00:00Z,0.59,19.0,70.0,10.0
2024-01-24T14:00:00Z,0.56,19.0,71.0,10.0
2024-01-24T15:00:00Z,0.57,23.0,68.0,10.0
2024-01-24T16:00:00Z,0.68,33.0,56.0,10.0
2024-01-24T17:00:00Z,0.8,49.0,37.0,9.0
2024-01-24T18:00:00Z,0.91,64.0,19.0,9.0
2024-01-24T19:00:00Z,0.98,66.0,13.0,10.0
2024-01-24T20:00:00Z,1.06,66.0,9.0,9.0
2024-01-24T21:00:00Z,1.1,68.0,7.0,10.0
2024-01-24T22:00:00Z,1.05,64.0,8.0,10.0
2024-01-24T23:00:00Z,1.0,63.0,7.0,10.0
2024-01-25T00:00:00Z,0.98,61.0,7.0,10.0
2024-01-25T01:00:00Z,1.0,60.0,5.0,9.0
2024-01-25T02:00:00Z,0.96,59.0,4.0,9.0
2024-01-25T03:00:00Z,0.99,59.0,3.0,9.0
2024-01-25T04:00:00Z,0.99,59.0,4.0,9.0
2024-01-25T05:00:00Z,1.03,59.0,4.0,9.0
2024-01-25T06:00:00Z,1.1,59.0,5.0,9.0
2024-01-25T07:00:00Z,1.25,57.0,10.0,11.0
2024-01-25T08:00:00Z,1.16,56.0,21.0,13.0
2024-01-25T09:00:00Z,1.0,45.0,40.0,13.0
2024-01-25T10:00:00Z,0.81,31.0,63.0,13.0
2024-01-25T11:00:00Z,0.67,26.0,75.0,12.0
2024-01-25T12:00:00Z,0.63,22.0,82.0,12.0
2024-01-25T13:00:00Z,0.65,22.0,84.0,11.0
2024-01-25T14:00:00Z,0.64,22.0,86.0,11.0
2024-01-25T15:00:00Z,0.66,24.0,82.0,11.0
2024-01-25T16:00:00Z,0.69,33.0,68.0,10.0
2024-01-25T17:00:00Z,0.8,48.0,44.0,10.0
2024-01-25T18:00:00Z,0.91,64.0,23.0,9.0
2024-01-25T19:00:00Z,1.02,70.0,15.0,10.0
2024-01-25T20:00:00Z,1.0,64.0,16.0,10.0
2024-01-25T21:00:00Z,1.03,66.0,11.0,10.0
2024-01-25T22:00:00Z,1.06,67.0,8.0,9.0
2024-01-25T23:00:00Z,1.05,65.0,7.0,9.0
2024-01-26T00:00:00Z,1.03,64.0,7.0,10.0
2024-01-26T01:00:00Z,0.97,61.0,9.0,10.0
2024-01-26T02:00:00Z,1.0,63.0,6.0,9.0
2024-01-26T03:00:00Z,1.0,62.0,5.0,9.0
2024-01-26T04:00:00Z,1.0,62.0,6.0,9.0
2024-01-26T05:00:00Z,1.02,61.0,4.0,9.0
2024-01-26T06:00:00Z,1.22,62.0,5.0,10.0
2024-01-26T07:00:00Z,1.49,62.0,7.0,12.0
2024-01-26T08:00:00Z,1.25,58.0,21.0,15.0
2024-01-26T09:00:00Z,0.99,42.0,43.0,15.0
2024-01-26T10:00:00Z,0.84,34.0,58.0,13.0
2024-01-26T11:00:00Z,0.76,28.0,71.0,11.0
2024-01-26T12:00:00Z,0.68,26.0,74.0,11.0
2024-01-26T13:00:00Z,0.68,28.0,75.0,11.0
2024-01-26T14:00:00Z,0.65,29.0,75.0,10.0
2024-01-26T15:00:00Z,0.63,31.0,73.0,10.0
2024-01-26T16:00:00Z,0.72,45.0,55.0,10.0
2024-01-26T17:00:00Z,0.84,65.0,28.0,10.0
2024-01-26T18:00:00Z,1.02,74.0,15.0,10.0
2024-01-26T19:00:00Z,1.17,76.0,9.0,10.0
2024-01-26T20:00:00Z,1.25,74.0,9.0,11.0
2024-01-26T21:00:00Z,1.31,72.0,7.0,9.0
2024-01-26T22:00:00Z,1.33,70.0,6.0,9.0
2024-01-26T23:00:00Z,1.24,66.0,8.0,9.0
2024-01-27T00:00:00Z,1.11,67.0,5.0,9.0
2024-01-27T01:00:00Z,1.03,64.0,4.0,8.0
2024-01-27T02:00:00Z,0.98,63.0,4.0,8.0
2024-01-27T03:00:00Z,0.98,59.0,4.0,8.0
2024-01-27T04:00:00Z,0.9,60.0,3.0,8.0
2024-01-27T05:00:00Z,0.97,61.0,4.0,9.0
2024-01-27T06:00:00Z,1.03,64.0,5.0,10.0
2024-01-27T07:00:00Z,1.19,62.0,7.0,11.0
2024-01-27T08:00:00Z,1.26,69.0,13.0,13.0
2024-01-27T09:00:00Z,1.07,62.0,26.0,14.0
2024-01-27T10:00:00Z,0.95,54.0,43.0,16.0
2024-01-27T11:00:00Z,0.77,34.0,70.0,13.0
2024-01-27T12:00:00Z,0.71,28.0,81.0,12.0
2024-01-27T13:00:00Z,0.69,26.0,87.0,12.0
2024-01-27T14:00:00Z,0.69,27.0,86.0,12.0
2024-01-27T15:00:00Z,0.71,29.0,82.0,12.0
2024-01-27T16:00:00Z,0.86,42.0,64.0,13.0
2024-01-27T17:00:00Z,1.04,51.0,51.0,14.0
2024-01-27T18:00:00Z,1.09,52.0,48.0,14.0
2024-01-27T19:00:00Z,1.1,57.0,39.0,15.0
2024-01-27T20:00:00Z,1.23,72.0,21.0,15.0
2024-01-27T21:00:00Z,1.23,69.0,20.0,16.0
2024-01-27T22:00:00Z,1.17,61.0,20.0,15.0
2024-01-27T23:00:00Z,1.16,62.0,15.0,15.0
2024-01-28T00:00:00Z,1.17,64.0,12.0,15.0
2024-01-28T01:00:00Z,1.11,62.0,11.0,15.0
2024-01-28T02:00:00Z,1.11,64.0,7.0,15.0
2024-01-28T03:00:00Z,1.19,66.0,5.0,17.0
2024-01-28T04:00:00Z,1.23,66.0,4.0,17.0
2024-01-28T05:00:00Z,1.29,64.0,4.0,14.0
2024-01-28T06:00:00Z,1.37,63.0,4.0,14.0
2024-01-28T07:00:00Z,1.4,60.0,9.0,15.0
2024-01-28T08:00:00Z,1.34,59.0,19.0,17.0
2024-01-28T09:00:00Z,1.13,49.0,39.0,19.0
2024-01-28T10:00:00Z,1.09,43.0,56.0,18.0
2024-01-28T11:00:00Z,0.94,33.0,72.0,16.0
2024-01-28T12:00:00Z,0.83,28.0,83.0,14.0
2024-01-28T13:00:00Z,0.79,27.0,90.0,14.0
2024-01-28T14:00:00Z,0.77,28.0,91.0,13.0
2024-01-28T15:00:00Z,0.76,32.0,89.0,13.0
2024-01-28T16:00:00Z,0.81,38.0,81.0,13.0
2024-01-28T17:00:00Z,0.91,49.0,64.0,13.0
2024-01-28T18:00:00Z,1.0,63.0,44.0,13.0
2024-01-28T19:00:00Z,1.06,66.0,37.0,13.0
2024-01-28T20:00:00Z,1.04,58.0,48.0,13.0
2024-01-28T21:00:00Z,1.03,56.0,38.0,12.0
2024-01-28T22:00:00Z,1.01,52.0,39.0,12.0
2024-01-28T23:00:00Z,0.99,51.0,39.0,12.0
2024-01-29T00:00:00Z,0.97,51.0,36.0,12.0
2024-01-29T01:00:00Z,1.0,50.0,35.0,12.0
2024-01-29T02:00:00Z,1.01,56.0,23.0,11.0
2024-01-29T03:00:00Z,1.03,59.0,23.0,11.0
2024-01-29T04:00:00Z,1.01,61.0,17.0,10.0
2024-01-29T05:00:00Z,1.07,67.0,12.0,10.0
2024-01-29T06:00:00Z,1.19,70.0,8.0,11.0
2024-01-29T07:00:00Z,1.17,63.0,14.0,12.0
2024-01-29T08:00:00Z,1.1,56.0,30.0,15.0
2024-01-29T09:00:00Z,1.17,50.0,48.0,15.0
2024-01-29T10:00:00Z,1.1,42.0,67.0,15.0
2024-01-29T11:00:00Z,1.01,33.0,88.0,14.0
2024-01-29T12:00:00Z,0.96,32.0,100.0,14.0
2024-01-29T13:00:00Z,0.91,32.0,102.0,14.0
2024-01-29T14:00:00Z,0.93,33.0,101.0,13.0
2024-01-29T15:00:00Z,1.06,42.0,94.0,14.0
2024-01-29T16:00:00Z,1.1,49.0,81.0,13.0
2024-01-29T17:00:00Z,1.14,55.0,70.0,13.0
2024-01-29T18:00:00Z,1.18,63.0,57.0,13.0
2024-01-29T19:00:00Z,1.26,66.0,49.0,13.0
2024-01-29T20:00:00Z,1.35,66.0,45.0,13.0
2024-01-29T21:00:00Z,1.38,61.0,46.0,13.0
2024-01-29T22:00:00Z,1.33,53.0,51.0,13.0
2024-01-29T23:00:00Z,1.25,46.0,53.0,11.0
2024-01-30T00:00:00Z,1.13,38.0,58.0,10.0
2024-01-30T01:00:00Z,1.08,33.0,62.0,9.0
2024-01-30T02:00:00Z,1.0,31.0,64.0,9.0
2024-01-30T03:00:00Z,0.95,30.0,64.0,9.0
2024-01-30T04:00:00Z,0.98,30.0,63.0,9.0
2024-01-30T05:00:00Z,0.98,33.0,56.0,8.0
2024-01-30T06:00:00Z,1.04,36.0,52.0,8.0
2024-01-30T07:00:00Z,1.1,40.0,47.0,8.0
2024-01-30T08:00:00Z,1.1,42.0,44.0,8.0
2024-01-30T09:00:00Z,1.08,42.0,45.0,9.0
2024-01-30T10:00:00Z,1.06,37.0,54.0,10.0
2024-01-30T11:00:00Z,1.04,35.0,61.0,11.0
2024-01-30T12:00:00Z,1.02,31.0,70.0,10.0
2024-01-30T13:00:00Z,0.95,30.0,74.0,10.0
2024-01-30T14:00:00Z,0.95,29.0,77.0,9.0
2024-01-30T15:00:00Z,0.95,36.0,67.0,8.0
2024-01-30T16:00:00Z,0.99,42.0,51.0,8.0
2024-01-30T17:00:00Z,1.06,44.0,40.0,7.0
2024-01-30T18:00:00Z,1.03,44.0,30.0,7.0
2024-01-30T19:00:00Z,1.01,41.0,29.0,7.0
2024-01-30T20:00:00Z,1.03,40.0,26.0,7.0
2024-01-30T21:00:00Z,1.05,41.0,23.0,7.0
2024-01-30T22:00:00Z,1.01,38.0,24.0,7.0
2024-01-30T23:00:00Z,0.94,37.0,23.0,7.0
2024-01-31T00:00:00Z,0.91,32.0,28.0,7.0
2024-01-31T01:00:00Z,0.85,23.0,39.0,6.0
2024-01-31T02:00:00Z,0.85,22.0,41.0,6.0
2024-01-31T03:00:00Z,0.85,22.0,38.0,6.0
2024-01-31T04:00:00Z,0.9,27.0,29.0,6.0
2024-01-31T05:00:00Z,0.93,31.0,24.0,6.0
2024-01-31T06:00:00Z,0.94,34.0,20.0,6.0
2024-01-31T07:00:00Z,0.95,35.0,22.0,7.0
2024-01-31T08:00:00Z,0.94,35.0,25.0,6.0
2024-01-31T09:00:00Z,0.94,34.0,35.0,6.0
2024-01-31T10:00:00Z,0.96,30.0,44.0,7.0
2024-01-31T11:00:00Z,0.97,29.0,46.0,6.0
2024-01-31T12:00:00Z,0.97,29.0,46.0,6.0
2024-01-31T13:00:00Z,1.05,31.0,46.0,7.0
2024-01-31T14:00:00Z,1.13,33.0,46.0,7.0
2024-01-31T15:00:00Z,1.09,35.0,43.0,7.0
2024-01-31T16:00:00Z,1.02,36.0,41.0,6.0
2024-01-31T17:00:00Z,1.04,34.0,39.0,6.0
2024-01-31T18:00:00Z,1.15,36.0,32.0,6.0
2024-01-31T19:00:00Z,1.11,40.0,23.0,6.0
2024-01-31T20:00:00Z,0.94,28.0,35.0,6.0
2024-01-31T21:00:00Z,0.86,25.0,41.0,6.0
2024-01-31T22:00:00Z,0.8,22.0,49.0,6.0
2024-01-31T23:00:00Z,0.79,20.0,59.0,6.0
2024-02-01T00:00:00Z,0.85,19.0,68.0,6.0
2024-02-01T01:00:00Z,0.84,18.0,72.0,6.0
2024-02-01T02:00:00Z,0.78,17.0,68.0,6.0
2024-02-01T03:00:00Z,0.67,15.0,69.0,5.0
2024-02-01T04:00:00Z,0.57,12.0,74.0,5.0
2024-02-01T05:00:00Z,0.49,11.0,73.0,5.0
2024-02-01T06:00:00Z,0.54,12.0,68.0,5.0
2024-02-01T07:00:00Z,0.55,13.0,67.0,5.0
2024-02-01T08:00:00Z,0.54,13.0,68.0,6.0
2024-02-01T09:00:00Z,0.49,16.0,66.0,6.0
2024-02-01T10:00:00Z,0.53,16.0,68.0,6.0
2024-02-01T11:00:00Z,0.53,16.0,68.0,7.0
2024-02-01T12:00:00Z,0.52,16.0,67.0,9.0
2024-02-01T13:00:00Z,0.53,19.0,64.0,8.0
2024-02-01T14:00:00Z,0.55,20.0,63.0,8.0
2024-02-01T15:00:00Z,0.51,20.0,64.0,8.0
2024-02-01T16:00:00Z,0.53,22.0,61.0,8.0
2024-02-01T17:00:00Z,0.55,23.0,58.0,8.0
2024-02-01T18:00:00Z,0.54,21.0,59.0,9.0
2024-02-01T19:00:00Z,0.55,19.0,58.0,8.0
2024-02-01T20:00:00Z,0.55,20.0,54.0,8.0
2024-02-01T21:00:00Z,0.55,21.0,50.0,7.0
2024-02-01T22:00:00Z,0.55,21.0,47.0,8.0
2024-02-01T23:00:00Z,0.55,20.0,48.0,8.0
2024-02-02T00:00:00Z,0.57,18.0,51.0,8.0
2024-02-02T01:00:00Z,0.57,16.0,53.0,8.0
2024-02-02T02:00:00Z,0.59,16.0,53.0,8.0
2024-02-02T03:00:00Z,0.55,15.0,54.0,8.0
2024-02-02T04:00:00Z,0.59,15.0,54.0,8.0
2024-02-02T05:00:00Z,0.59,17.0,50.0,8.0
2024-02-02T06:00:00Z,0.6,19.0,47.0,8.0
2024-02-02T07:00:00Z,0.6,20.0,47.0,8.0
2024-02-02T08:00:00Z,0.6,20.0,50.0,8.0
2024-02-02T09:00:00Z,0.6,20.0,53.0,8.0
2024-02-02T10:00:00Z,0.64,19.0,56.0,9.0
2024-02-02T11:00:00Z,0.66,20.0,58.0,8.0
2024-02-02T12:00:00Z,0.66,20.0,59.0,9.0
2024-02-02T13:00:00Z,0.69,23.0,57.0,9.0
2024-02-02T14:00:00Z,0.66,26.0,54.0,9.0
2024-02-02T15:00:00Z,0.67,29.0,51.0,10.0
2024-02-02T16:00:00Z,0.69,29.0,51.0,9.0
2024-02-02T17:00:00Z,0.7,29.0,50.0,10.0
2024-02-02T18:00:00Z,0.71,30.0,47.0,11.0
2024-02-02T19:00:00Z,0.75,31.0,43.0,12.0
2024-02-02T20:00:00Z,0.75,31.0,42.0,13.0
2024-02-02T21:00:00Z,0.74,29.0,43.0,12.0
2024-02-02T22:00:00Z,0.74,28.0,42.0,10.0
2024-02-02T23:00:00Z,0.73,27.0,40.0,9.0
2024-02-03T00:00:00Z,0.78,27.0,38.0,9.0
2024-02-03T01:00:00Z,0.85,28.0,37.0,10.0
2024-02-03T02:00:00Z,0.81,25.0,39.0,10.0
2024-02-03T03:00:00Z,0.75,23.0,40.0,10.0
2024-02-03T04:00:00Z,0.77,24.0,36.0,9.0
2024-02-03T05:00:00Z,0.79,24.0,39.0,10.0
2024-02-03T06:00:00Z,0.8,22.0,44.0,11.0
2024-02-03T07:00:00Z,0.78,21.0,49.0,10.0
2024-02-03T08:00:00Z,0.72,19.0,57.0,11.0
2024-02-03T09:00:00Z,0.68,19.0,59.0,10.0
2024-02-03T10:00:00Z,0.72,19.0,58.0,11.0
2024-02-03T11:00:00Z,0.67,19.0,61.0,10.0
2024-02-03T12:00:00Z,0.66,19.0,65.0,10.0
2024-02-03T13:00:00Z,0.66,18.0,69.0,9.0
2024-02-03T14:00:00Z,0.66,20.0,70.0,9.0
2024-02-03T15:00:00Z,0.64,23.0,66.0,8.0
2024-02-03T16:00:00Z,0.65,24.0,63.0,7.0
2024-02-03T17:00:00Z,0.69,26.0,58.0,8.0
2024-02-03T18:00:00Z,0.75,30.0,50.0,7.0
2024-02-03T19:00:00Z,0.78,31.0,47.0,8.0
2024-02-03T20:00:00Z,0.8,31.0,41.0,7.0
2024-02-03T21:00:00Z,0.86,33.0,35.0,7.0
2024-02-03T22:00:00Z,0.9,33.0,32.0,7.0
2024-02-03T23:00:00Z,0.9,33.0,30.0,8.0
2024-02-04T00:00:00Z,0.91,33.0,31.0,8.0
2024-02-04T01:00:00Z,0.91,32.0,31.0,9.0
2024-02-04T02:00:00Z,0.85,31.0,30.0,9.0
2024-02-04T03:00:00Z,0.81,28.0,36.0,9.0
2024-02-04T04:00:00Z,0.7,24.0,44.0,9.0
2024-02-04T05:00:00Z,0.61,21.0,50.0,9.0
2024-02-04T06:00:00Z,0.61,19.0,53.0,8.0
2024-02-04T07:00:00Z,0.64,21.0,53.0,8.0
2024-02-04T08:00:00Z,0.62,20.0,55.0,8.0
2024-02-04T09:00:00Z,0.61,21.0,59.0,8.0
2024-02-04T10:00:00Z,0.61,20.0,62.0,7.0
2024-02-04T11:00:00Z,0.61,21.0,63.0,7.0
2024-02-04T12:00:00Z,0.6,23.0,62.0,7.0
2024-02-04T13:00:00Z,0.62,22.0,64.0,7.0
2024-02-04T14:00:00Z,0.62,23.0,63.0,7.0
2024-02-04T15:00:00Z,0.65,24.0,62.0,8.0
2024-02-04T16:00:00Z,0.66,25.0,59.0,7.0
2024-02-04T17:00:00Z,0.64,23.0,56.0,6.0
2024-02-04T18:00:00Z,0.61,24.0,53.0,7.0
2024-02-04T19:00:00Z,0.63,23.0,52.0,7.0
2024-02-04T20:00:00Z,0.63,22.0,54.0,7.0
2024-02-04T21:00:00Z,0.71,22.0,53.0,7.0
2024-02-04T22:00:00Z,0.82,22.0,52.0,7.0
2024-02-04T23:00:00Z,0.77,20.0,53.0,7.0
2024-02-05T00:00:00Z,0.75,21.0,48.0,6.0
2024-02-05T01:00:00Z,0.76,22.0,44.0,6.0
2024-02-05T02:00:00Z,0.72,21.0,44.0,6.0
2024-02-05T03:00:00Z,0.7,21.0,43.0,6.0
2024-02-05T04:00:00Z,0.68,19.0,47.0,6.0
2024-02-05T05:00:00Z,0.66,19.0,47.0,6.0
2024-02-05T06:00:00Z,0.68,18.0,49.0,6.0
2024-02-05T07:00:00Z,0.61,15.0,53.0,6.0
2024-02-05T08:00:00Z,0.65,15.0,54.0,6.0
2024-02-05T09:00:00Z,0.65,15.0,57.0,6.0
2024-02-05T10:00:00Z,0.65,14.0,62.0,6.0
2024-02-05T11:00:00Z,0.61,14.0,65.0,6.0
2024-02-05T12:00:00Z,0.6,13.0,73.0,6.0
2024-02-05T13:00:00Z,0.6,12.0,83.0,6.0
2024-02-05T14:00:00Z,0.61,12.0,87.0,6.0
2024-02-05T15:00:00Z,0.61,13.0,89.0,5.0
2024-02-05T16:00:00Z,0.68,18.0,90.0,6.0
2024-02-05T17:00:00Z,0.71,21.0,87.0,6.0
2024-02-05T18:00:00Z,0.72,21.0,86.0,6.0
2024-02-05T19:00:00Z,0.75,24.0,82.0,6.0
2024-02-05T20:00:00Z,0.78,27.0,76.0,7.0
2024-02-05T21:00:00Z,0.81,28.0,73.0,6.0
2024-02-05T22:00:00Z,0.82,27.0,73.0,6.0
2024-02-05T23:00:00Z,0.84,26.0,73.0,6.0
2024-02-06T00:00:00Z,0.81,23.0,74.0,6.0
2024-02-06T01:00:00Z,0.82,24.0,68.0,6.0
2024-02-06T02:00:00Z,0.84,27.0,62.0,6.0
2024-02-06T03:00:00Z,0.86,29.0,55.0,6.0
2024-02-06T04:00:00Z,0.93,30.0,48.0,6.0
2024-02-06T05:00:00Z,0.96,31.0,47.0,6.0
2024-02-06T06:00:00Z,1.05,35.0,42.0,6.0
2024-02-06T07:00:00Z,1.2,40.0,40.0,8.0
2024-02-06T08:00:00Z,1.25,38.0,52.0,11.0
2024-02-06T09:00:00Z,1.24,36.0,66.0,13.0
2024-02-06T10:00:00Z,1.13,34.0,83.0,13.0
2024-02-06T11:00:00Z,0.96,25.0,96.0,12.0
2024-02-06T12:00:00Z,0.96,23.0,103.0,12.0
2024-02-06T13:00:00Z,1.0,22.0,107.0,12.0
2024-02-06T15:00:00Z,0.96,22.0,105.0,11.0
2024-02-06T16:00:00Z,1.11,27.0,96.0,12.0
2024-02-06T17:00:00Z,1.33,36.0,82.0,12.0
2024-02-06T18:00:00Z,1.41,45.0,65.0,13.0
2024-02-06T19:00:00Z,1.54,52.0,49.0,11.0
2024-02-06T20:00:00Z,1.56,59.0,37.0,11.0
2024-02-06T21:00:00Z,1.64,69.0,23.0,9.0
2024-02-06T22:00:00Z,1.66,71.0,16.0,9.0
2024-02-06T23:00:00Z,1.61,63.0,26.0,9.0
2024-02-07T00:00:00Z,1.43,50.0,47.0,9.0
2024-02-07T01:00:00Z,1.35,37.0,64.0,10.0
2024-02-07T02:00:00Z,1.29,33.0,70.0,10.0
2024-02-07T03:00:00Z,1.29,30.0,68.0,10.0
2024-02-07T04:00:00Z,1.35,31.0,61.0,11.0
2024-02-07T05:00:00Z,1.38,34.0,52.0,12.0
2024-02-07T06:00:00Z,1.45,48.0,34.0,10.0
2024-02-07T07:00:00Z,1.52,43.0,39.0,11.0
2024-02-07T08:00:00Z,1.49,38.0,52.0,11.0
2024-02-07T09:00:00Z,1.36,32.0,69.0,11.0
2024-02-07T10:00:00Z,1.21,26.0,85.0,11.0
2024-02-07T11:00:00Z,1.09,21.0,98.0,11.0
2024-02-07T12:00:00Z,1.05,21.0,109.0,12.0
2024-02-07T13:00:00Z,1.1,22.0,115.0,12.0
2024-02-07T14:00:00Z,1.15,21.0,120.0,12.0
2024-02-07T15:00:00Z,1.2,21.0,121.0,11.0
2024-02-07T16:00:00Z,1.2,24.0,118.0,10.0
2024-02-07T17:00:00Z,1.34,34.0,104.0,10.0
2024-02-07T18:00:00Z,1.43,39.0,87.0,10.0
2024-02-07T19:00:00Z,1.41,36.0,86.0,9.0
2024-02-07T20:00:00Z,1.36,36.0,82.0,10.0
2024-02-07T21:00:00Z,1.35,37.0,74.0,9.0
2024-02-07T22:00:00Z,1.31,35.0,71.0,9.0
2024-02-07T23:00:00Z,1.24,27.0,67.0,9.0
2024-02-08T00:00:00Z,1.19,28.0,70.0,8.0
2024-02-08T01:00:00Z,1.19,26.0,74.0,8.0
2024-02-08T02:00:00Z,1.2,24.0,72.0,8.0
2024-02-08T03:00:00Z,1.28,24.0,73.0,9.0
2024-02-08T04:00:00Z,1.32,24.0,70.0,9.0
2024-02-08T05:00:00Z,1.32,27.0,63.0,8.0
2024-02-08T06:00:00Z,1.41,39.0,46.0,8.0
2024-02-08T07:00:00Z,1.51,40.0,46.0,9.0
2024-02-08T08:00:00Z,1.51,35.0,56.0,11.0
2024-02-08T09:00:00Z,1.39,28.0,74.0,12.0
2024-02-08T10:00:00Z,1.21,23.0,91.0,12.0
2024-02-08T11:00:00Z,1.11,19.0,106.0,11.0
2024-02-08T12:00:00Z,1.03,16.0,113.0,10.0
2024-02-08T13:00:00Z,1.03,16.0,116.0,10.0
2024-02-08T14:00:00Z,0.93,15.0,118.0,9.0
2024-02-08T15:00:00Z,0.93,17.0,115.0,9.0
2024-02-08T16:00:00Z,1.04,22.0,105.0,8.0
2024-02-08T17:00:00Z,1.18,32.0,89.0,8.0
2024-02-08T18:00:00Z,1.3,44.0,69.0,9.0
2024-02-08T19:00:00Z,1.34,45.0,68.0,9.0
2024-02-08T20:00:00Z,1.38,33.0,89.0,9.0
2024-02-08T21:00:00Z,1.34,30.0,90.0,9.0
2024-02-08T22:00:00Z,1.28,29.0,83.0,8.0
2024-02-08T23:00:00Z,1.21,29.0,75.0,8.0
2024-02-09T00:00:00Z,1.2,29.0,73.0,8.0
2024-02-09T01:00:00Z,1.15,28.0,74.0,8.0
2024-02-09T02:00:00Z,1.15,26.0,77.0,7.0
2024-02-09T03:00:00Z,1.16,27.0,73.0,7.0
2024-02-09T04:00:00Z,1.15,28.0,69.0,7.0
2024-02-09T05:00:00Z,1.13,28.0,72.0,7.0
2024-02-09T06:00:00Z,1.16,34.0,67.0,8.0
2024-02-09T07:00:00Z,1.21,36.0,70.0,10.0
2024-02-09T08:00:00Z,1.14,29.0,90.0,12.0
2024-02-09T09:00:00Z,1.13,24.0,100.0,12.0
2024-02-09T10:00:00Z,1.11,19.0,106.0,11.0
2024-02-09T11:00:00Z,1.09,17.0,112.0,11.0
2024-02-09T12:00:00Z,1.0,16.0,117.0,11.0
2024-02-09T13:00:00Z,0.9,16.0,118.0,11.0
2024-02-09T14:00:00Z,0.89,16.0,118.0,12.0
2024-02-09T15:00:00Z,0.9,16.0,115.0,11.0
2024-02-09T16:00:00Z,0.91,18.0,108.0,11.0
2024-02-09T17:00:00Z,1.01,22.0,97.0,14.0
2024-02-09T18:00:00Z,1.06,28.0,82.0,15.0
2024-02-09T19:00:00Z,1.09,38.0,64.0,16.0
2024-02-09T20:00:00Z,1.16,48.0,49.0,16.0
2024-02-09T21:00:00Z,1.21,55.0,34.0,14.0
2024-02-09T22:00:00Z,1.2,51.0,31.0,12.0
2024-02-09T23:00:00Z,1.23,47.0,27.0,40.0
2024-02-10T00:00:00Z,1.2,41.0,31.0,21.0
2024-02-10T01:00:00Z,1.13,32.0,35.0,14.0
2024-02-10T02:00:00Z,1.1,26.0,37.0,13.0
2024-02-10T03:00:00Z,1.14,22.0,36.0,12.0
2024-02-10T04:00:00Z,1.13,22.0,32.0,10.0
2024-02-10T05:00:00Z,1.13,23.0,31.0,11.0
2024-02-10T06:00:00Z,1.13,24.0,29.0,12.0
2024-02-10T07:00:00Z,1.19,25.0,28.0,20.0
2024-02-10T08:00:00Z,1.15,22.0,40.0,17.0
2024-02-10T09:00:00Z,1.06,19.0,53.0,17.0
2024-02-10T10:00:00Z,1.05,20.0,63.0,17.0
2024-02-10T11:00:00Z,1.05,19.0,81.0,18.0
2024-02-10T12:00:00Z,1.04,18.0,91.0,18.0
2024-02-10T13:00:00Z,1.0,17.0,97.0,16.0
2024-02-10T14:00:00Z,0.91,17.0,98.0,15.0
2024-02-10T15:00:00Z,0.95,19.0,90.0,15.0
2024-02-10T16:00:00Z,1.04,23.0,72.0,13.0
2024-02-10T17:00:00Z,1.1,27.0,58.0,12.0
2024-02-10T18:00:00Z,1.2,37.0,39.0,12.0
2024-02-10T19:00:00Z,1.21,41.0,33.0,13.0
2024-02-10T20:00:00Z,1.21,37.0,38.0,12.0
2024-02-10T21:00:00Z,1.27,36.0,38.0,10.0
2024-02-10T22:00:00Z,1.31,35.0,38.0,9.0
2024-02-10T23:00:00Z,1.22,30.0,44.0,8.0
2024-02-11T00:00:00Z,1.24,26.0,52.0,9.0
2024-02-11T01:00:00Z,1.36,25.0,49.0,8.0
2024-02-11T02:00:00Z,1.39,25.0,42.0,8.0
2024-02-11T03:00:00Z,1.41,27.0,35.0,8.0
2024-02-11T04:00:00Z,1.4,27.0,30.0,7.0
2024-02-11T05:00:00Z,1.4,27.0,30.0,7.0
2024-02-11T06:00:00Z,1.44,30.0,23.0,7.0
2024-02-11T07:00:00Z,1.48,31.0,20.0,8.0
2024-02-11T08:00:00Z,1.4,32.0,39.0,10.0
2024-02-11T09:00:00Z,1.32,27.0,66.0,12.0
2024-02-11T10:00:00Z,1.18,19.0,86.0,14.0
2024-02-11T11:00:00Z,1.01,15.0,105.0,15.0
2024-02-11T12:00:00Z,0.78,11.0,110.0,12.0
2024-02-11T13:00:00Z,0.71,10.0,113.0,12.0
2024-02-11T14:00:00Z,0.66,11.0,113.0,10.0
2024-02-11T15:00:00Z,0.6,11.0,112.0,10.0
2024-02-11T16:00:00Z,0.5,13.0,102.0,9.0
2024-02-11T17:00:00Z,0.59,23.0,84.0,10.0
2024-02-11T18:00:00Z,0.7,38.0,63.0,14.0
2024-02-11T19:00:00Z,0.71,38.0,60.0,15.0
2024-02-11T20:00:00Z,0.69,32.0,61.0,13.0
2024-02-11T21:00:00Z,0.6,20.0,75.0,12.0
2024-02-11T22:00:00Z,0.58,15.0,80.0,10.0
2024-02-11T23:00:00Z,0.6,14.0,82.0,11.0
2024-02-12T00:00:00Z,0.59,13.0,80.0,10.0
2024-02-12T01:00:00Z,0.63,14.0,75.0,10.0
2024-02-12T02:00:00Z,0.64,15.0,72.0,9.0
2024-02-12T03:00:00Z,0.63,14.0,70.0,9.0
2024-02-12T04:00:00Z,0.59,12.0,71.0,9.0
2024-02-12T05:00:00Z,0.57,13.0,70.0,9.0
2024-02-12T06:00:00Z,0.59,14.0,69.0,9.0
2024-02-12T07:00:00Z,0.59,14.0,69.0,9.0
2024-02-12T08:00:00Z,0.63,14.0,73.0,10.0
2024-02-12T09:00:00Z,0.63,14.0,79.0,10.0
2024-02-12T10:00:00Z,0.6,12.0,88.0,10.0
2024-02-12T11:00:00Z,0.58,10.0,97.0,9.0
2024-02-12T12:00:00Z,0.58,10.0,104.0,8.0
2024-02-12T13:00:00Z,0.56,10.0,109.0,8.0
2024-02-12T14:00:00Z,0.52,10.0,111.0,8.0
2024-02-12T15:00:00Z,0.49,11.0,107.0,8.0
2024-02-12T16:00:00Z,0.49,13.0,102.0,8.0
2024-02-12T17:00:00Z,0.54,15.0,93.0,9.0
2024-02-12T18:00:00Z,0.59,17.0,88.0,10.0
2024-02-12T19:00:00Z,0.59,18.0,83.0,11.0
2024-02-12T20:00:00Z,0.61,18.0,80.0,11.0
2024-02-12T21:00:00Z,0.63,20.0,74.0,11.0
2024-02-12T22:00:00Z,0.63,17.0,76.0,10.0
2024-02-12T23:00:00Z,0.6,16.0,76.0,10.0
2024-02-13T00:00:00Z,0.6,15.0,73.0,10.0
2024-02-13T01:00:00Z,0.63,14.0,72.0,9.0
2024-02-13T02:00:00Z,0.63,14.0,69.0,10.0
2024-02-13T03:00:00Z,0.64,16.0,62.0,10.0
2024-02-13T04:00:00Z,0.61,15.0,58.0,9.0
2024-02-13T05:00:00Z,0.64,18.0,53.0,9.0
2024-02-13T06:00:00Z,0.68,24.0,46.0,9.0
2024-02-13T07:00:00Z,0.68,19.0,56.0,10.0
2024-02-13T08:00:00Z,0.67,17.0,65.0,10.0
2024-02-13T09:00:00Z,0.66,16.0,72.0,10.0
2024-02-13T10:00:00Z,0.67,14.0,85.0,9.0
2024-02-13T11:00:00Z,0.64,13.0,97.0,10.0
2024-02-13T12:00:00Z,0.52,11.0,103.0,9.0
2024-02-13T13:00:00Z,0.51,12.0,107.0,10.0
2024-02-13T14:00:00Z,0.51,13.0,108.0,9.0
2024-02-13T15:00:00Z,0.52,13.0,105.0,9.0
2024-02-13T16:00:00Z,0.5,17.0,94.0,10.0
2024-02-13T17:00:00Z,0.53,21.0,80.0,11.0
2024-02-13T18:00:00Z,0.54,20.0,73.0,12.0
2024-02-13T19:00:00Z,0.59,20.0,69.0,12.0
2024-02-13T20:00:00Z,0.61,20.0,62.0,12.0
2024-02-13T21:00:00Z,0.6,19.0,58.0,12.0
2024-02-13T22:00:00Z,0.61,22.0,51.0,11.0
2024-02-13T23:00:00Z,0.63,21.0,47.0,11.0
2024-02-14T00:00:00Z,0.64,22.0,43.0,11.0
2024-02-14T01:00:00Z,0.66,21.0,41.0,11.0
2024-02-14T02:00:00Z,0.71,23.0,35.0,10.0
2024-02-14T03:00:00Z,0.74,26.0,28.0,9.0
2024-02-14T04:00:00Z,0.74,30.0,22.0,9.0
2024-02-14T05:00:00Z,0.8,34.0,20.0,9.0
2024-02-14T06:00:00Z,0.83,31.0,21.0,11.0
2024-02-14T07:00:00Z,0.89,28.0,28.0,14.0
2024-02-14T08:00:00Z,0.8,25.0,46.0,14.0
2024-02-14T09:00:00Z,0.76,24.0,59.0,13.0
2024-02-14T10:00:00Z,0.79,23.0,76.0,13.0
2024-02-14T11:00:00Z,0.78,21.0,91.0,12.0
2024-02-14T12:00:00Z,0.7,15.0,107.0,12.0
2024-02-14T13:00:00Z,0.64,14.0,112.0,11.0
2024-02-14T14:00:00Z,0.61,13.0,113.0,13.0
2024-02-14T15:00:00Z,0.73,14.0,111.0,12.0
2024-02-14T16:00:00Z,0.69,19.0,100.0,12.0
2024-02-14T17:00:00Z,0.76,27.0,85.0,12.0
2024-02-14T18:00:00Z,0.9,31.0,79.0,12.0
2024-02-14T19:00:00Z,0.93,28.0,83.0,13.0
2024-02-14T20:00:00Z,0.95,28.0,67.0,13.0
2024-02-14T21:00:00Z,1.01,24.0,63.0,12.0
2024-02-14T22:00:00Z,0.79,15.0,79.0,10.0
2024-02-14T23:00:00Z,0.75,13.0,76.0,9.0
2024-02-15T00:00:00Z,0.7,11.0,68.0,7.0
2024-02-15T01:00:00Z,0.7,11.0,65.0,6.0
2024-02-15T02:00:00Z,0.65,10.0,67.0,7.0
2024-02-15T03:00:00Z,0.54,8.0,69.0,7.0
2024-02-15T04:00:00Z,0.48,8.0,69.0,7.0
2024-02-15T05:00:00Z,0.46,8.0,69.0,7.0
2024-02-15T06:00:00Z,0.48,9.0,66.0,6.0
2024-02-15T07:00:00Z,0.48,10.0,63.0,6.0
2024-02-15T08:00:00Z,0.46,11.0,63.0,7.0
2024-02-15T09:00:00Z,0.51,11.0,65.0,7.0
2024-02-15T10:00:00Z,0.45,10.0,72.0,7.0
2024-02-15T11:00:00Z,0.46,9.0,79.0,7.0
2024-02-15T12:00:00Z,0.56,11.0,83.0,8.0
2024-02-15T13:00:00Z,0.53,10.0,88.0,8.0
2024-02-15T14:00:00Z,0.46,11.0,91.0,8.0
2024-02-15T15:00:00Z,0.44,11.0,89.0,8.0
2024-02-15T16:00:00Z,0.44,13.0,85.0,8.0
2024-02-15T17:00:00Z,0.47,17.0,77.0,8.0
2024-02-15T18:00:00Z,0.51,21.0,67.0,8.0
2024-02-15T19:00:00Z,0.53,21.0,64.0,8.0
2024-02-15T20:00:00Z,0.54,25.0,55.0,9.0
2024-02-15T21:00:00Z,0.56,28.0,50.0,9.0
2024-02-15T22:00:00Z,0.55,19.0,59.0,8.0
2024-02-15T23:00:00Z,0.5,15.0,59.0,7.0
2024-02-16T00:00:00Z,0.5,15.0,58.0,8.0
2024-02-16T01:00:00Z,0.51,17.0,54.0,7.0
2024-02-16T02:00:00Z,0.51,17.0,51.0,8.0
2024-02-16T03:00:00Z,0.53,18.0,47.0,8.0
2024-02-16T04:00:00Z,0.55,19.0,44.0,8.0
2024-02-16T05:00:00Z,0.56,22.0,39.0,8.0
2024-02-16T06:00:00Z,0.61,25.0,38.0,8.0
2024-02-16T07:00:00Z,0.64,21.0,48.0,9.0
2024-02-16T08:00:00Z,0.56,16.0,62.0,8.0
2024-02-16T09:00:00Z,0.5,13.0,74.0,8.0
2024-02-16T10:00:00Z,0.47,11.0,84.0,8.0
2024-02-16T11:00:00Z,0.44,10.0,89.0,7.0
2024-02-16T12:00:00Z,0.45,10.0,94.0,7.0
2024-02-16T13:00:00Z,0.45,11.0,98.0,7.0
2024-02-16T14:00:00Z,0.46,12.0,98.0,8.0
2024-02-16T15:00:00Z,0.44,12.0,95.0,8.0
2024-02-16T16:00:00Z,0.46,15.0,89.0,8.0
2024-02-16T17:00:00Z,0.5,17.0,82.0,9.0
2024-02-16T18:00:00Z,0.59,17.0,80.0,9.0
2024-02-16T19:00:00Z,0.6,18.0,76.0,10.0
2024-02-16T20:00:00Z,0.61,17.0,75.0,10.0
2024-02-16T21:00:00Z,0.6,20.0,65.0,9.0
2024-02-16T22:00:00Z,0.6,20.0,63.0,8.0
2024-02-16T23:00:00Z,0.6,20.0,60.0,8.0
2024-02-17T00:00:00Z,0.59,21.0,57.0,8.0
2024-02-17T01:00:00Z,0.59,19.0,56.0,9.0
2024-02-17T02:00:00Z,0.6,19.0,53.0,9.0
2024-02-17T03:00:00Z,0.61,20.0,49.0,8.0
2024-02-17T04:00:00Z,0.61,21.0,46.0,8.0
2024-02-17T05:00:00Z,0.63,24.0,42.0,8.0
2024-02-17T06:00:00Z,0.65,24.0,42.0,8.0
2024-02-17T07:00:00Z,0.68,20.0,48.0,9.0
2024-02-17T08:00:00Z,0.7,19.0,54.0,10.0
2024-02-17T09:00:00Z,0.7,17.0,61.0,9.0
2024-02-17T10:00:00Z,0.69,16.0,71.0,9.0
2024-02-17T11:00:00Z,0.65,15.0,85.0,8.0
2024-02-17T12:00:00Z,0.55,13.0,94.0,8.0
2024-02-17T13:00:00Z,0.57,13.0,98.0,8.0
2024-02-17T14:00:00Z,0.59,14.0,99.0,8.0
2024-02-17T15:00:00Z,0.65,16.0,99.0,8.0
2024-02-17T16:00:00Z,0.66,17.0,95.0,8.0
2024-02-17T17:00:00Z,0.74,22.0,85.0,8.0
2024-02-17T18:00:00Z,0.79,23.0,81.0,9.0
2024-02-17T19:00:00Z,0.76,27.0,74.0,9.0
2024-02-17T20:00:00Z,0.65,28.0,69.0,9.0
2024-02-17T21:00:00Z,0.65,27.0,60.0,9.0
2024-02-17T22:00:00Z,0.65,24.0,57.0,8.0
2024-02-17T23:00:00Z,0.63,22.0,52.0,8.0
2024-02-18T00:00:00Z,0.64,23.0,46.0,9.0
2024-02-18T01:00:00Z,0.63,22.0,41.0,8.0
2024-02-18T02:00:00Z,0.61,21.0,39.0,8.0
2024-02-18T03:00:00Z,0.59,21.0,37.0,8.0
2024-02-18T04:00:00Z,0.59,20.0,36.0,8.0
2024-02-18T05:00:00Z,0.59,22.0,31.0,8.0
2024-02-18T06:00:00Z,0.65,27.0,25.0,9.0
2024-02-18T07:00:00Z,0.69,28.0,22.0,10.0
2024-02-18T08:00:00Z,0.71,23.0,32.0,11.0
2024-02-18T09:00:00Z,0.71,19.0,45.0,11.0
2024-02-18T10:00:00Z,0.69,18.0,52.0,11.0
2024-02-18T11:00:00Z,0.76,17.0,53.0,12.0
2024-02-18T12:00:00Z,0.76,18.0,48.0,15.0
2024-02-18T13:00:00Z,0.79,21.0,41.0,16.0
2024-02-18T14:00:00Z,0.8,24.0,34.0,16.0
2024-02-18T15:00:00Z,0.84,30.0,23.0,15.0
2024-02-18T16:00:00Z,0.9,38.0,14.0,14.0
2024-02-18T17:00:00Z,1.01,43.0,9.0,13.0
2024-02-18T18:00:00Z,1.02,45.0,4.0,13.0
2024-02-18T19:00:00Z,0.91,41.0,6.0,12.0
2024-02-18T20:00:00Z,0.94,36.0,14.0,10.0
2024-02-18T21:00:00Z,1.09,39.0,11.0,9.0
2024-02-18T22:00:00Z,1.13,42.0,5.0,9.0
2024-02-18T23:00:00Z,1.09,32.0,8.0,9.0
2024-02-19T00:00:00Z,1.1,26.0,10.0,8.0
2024-02-19T01:00:00Z,1.11,25.0,10.0,8.0
2024-02-19T02:00:00Z,1.13,25.0,9.0,8.0
2024-02-19T03:00:00Z,1.14,31.0,6.0,7.0
2024-02-19T04:00:00Z,1.01,23.0,17.0,7.0
2024-02-19T05:00:00Z,0.93,20.0,21.0,7.0
2024-02-19T06:00:00Z,0.96,22.0,22.0,7.0
2024-02-19T07:00:00Z,0.85,19.0,30.0,7.0
2024-02-19T08:00:00Z,0.55,13.0,57.0,7.0
2024-02-19T09:00:00Z,0.54,14.0,65.0,8.0
2024-02-19T10:00:00Z,0.43,15.0,65.0,8.0
2024-02-19T11:00:00Z,0.43,15.0,67.0,8.0
2024-02-19T12:00:00Z,0.45,16.0,68.0,8.0
2024-02-19T13:00:00Z,0.45,17.0,68.0,8.0
2024-02-19T14:00:00Z,0.45,17.0,68.0,8.0
2024-02-19T15:00:00Z,0.45,15.0,69.0,8.0
2024-02-19T16:00:00Z,0.46,16.0,67.0,9.0
2024-02-19T17:00:00Z,0.46,16.0,64.0,8.0
2024-02-19T18:00:00Z,0.49,15.0,63.0,9.0
2024-02-19T19:00:00Z,0.46,12.0,68.0,8.0
2024-02-19T20:00:00Z,0.45,12.0,72.0,7.0
2024-02-19T21:00:00Z,0.45,12.0,70.0,7.0
2024-02-19T22:00:00Z,0.47,12.0,69.0,7.0
2024-02-19T23:00:00Z,0.49,11.0,70.0,6.0
2024-02-20T00:00:00Z,0.49,10.0,72.0,7.0
2024-02-20T01:00:00Z,0.5,8.0,73.0,6.0
2024-02-20T02:00:00Z,0.5,8.0,75.0,6.0
2024-02-20T03:00:00Z,0.55,8.0,72.0,6.0
2024-02-20T04:00:00Z,0.56,8.0,72.0,7.0
2024-02-20T05:00:00Z,0.55,10.0,71.0,7.0
2024-02-20T06:00:00Z,0.6,12.0,68.0,8.0
2024-02-20T07:00:00Z,0.59,13.0,67.0,8.0
2024-02-20T08:00:00Z,0.6,13.0,67.0,6.0
2024-02-20T09:00:00Z,0.53,13.0,69.0,6.0
2024-02-20T10:00:00Z,0.49,13.0,70.0,6.0
2024-02-20T11:00:00Z,0.52,13.0,69.0,7.0
2024-02-20T12:00:00Z,0.5,14.0,68.0,7.0
2024-02-20T13:00:00Z,0.47,16.0,66.0,6.0
2024-02-20T14:00:00Z,0.46,16.0,63.0,6.0
2024-02-20T15:00:00Z,0.47,16.0,62.0,6.0
2024-02-20T16:00:00Z,0.54,18.0,60.0,5.0
2024-02-20T17:00:00Z,0.53,20.0,56.0,6.0
2024-02-20T18:00:00Z,0.5,17.0,58.0,6.0
2024-02-20T19:00:00Z,0.47,16.0,58.0,6.0
2024-02-20T20:00:00Z,0.45,14.0,61.0,7.0
2024-02-20T21:00:00Z,0.45,12.0,64.0,7.0
2024-02-20T22:00:00Z,0.41,11.0,64.0,7.0
2024-02-20T23:00:00Z,0.47,12.0,61.0,6.0
2024-02-21T00:00:00Z,0.42,10.0,67.0,6.0
2024-02-21T01:00:00Z,0.41,10.0,67.0,6.0
2024-02-21T02:00:00Z,0.47,12.0,62.0,6.0
2024-02-21T03:00:00Z,0.56,11.0,60.0,6.0
2024-02-21T04:00:00Z,0.61,11.0,59.0,6.0
2024-02-21T05:00:00Z,0.65,12.0,58.0,6.0
2024-02-21T06:00:00Z,0.66,13.0,57.0,6.0
2024-02-21T07:00:00Z,0.61,13.0,57.0,7.0
2024-02-21T08:00:00Z,0.59,14.0,56.0,7.0
2024-02-21T09:00:00Z,0.66,15.0,55.0,7.0
2024-02-21T10:00:00Z,0.59,14.0,57.0,7.0
2024-02-21T11:00:00Z,0.59,14.0,58.0,7.0
2024-02-21T12:00:00Z,0.59,15.0,56.0,7.0
2024-02-21T13:00:00Z,0.56,14.0,61.0,7.0
2024-02-21T14:00:00Z,0.6,15.0,62.0,8.0
2024-02-21T15:00:00Z,0.59,16.0,62.0,7.0
2024-02-21T16:00:00Z,0.58,16.0,61.0,7.0
2024-02-21T17:00:00Z,0.58,17.0,61.0,7.0
2024-02-21T18:00:00Z,0.63,16.0,61.0,7.0
2024-02-21T19:00:00Z,0.61,16.0,60.0,8.0
2024-02-21T20:00:00Z,0.59,16.0,62.0,8.0
2024-02-21T21:00:00Z,0.58,15.0,62.0,8.0
2024-02-21T22:00:00Z,0.56,14.0,64.0,8.0
2024-02-21T23:00:00Z,0.55,14.0,64.0,8.0
2024-02-22T00:00:00Z,0.58,13.0,64.0,9.0
2024-02-22T01:00:00Z,0.61,13.0,64.0,9.0
2024-02-22T02:00:00Z,0.62,12.0,65.0,8.0
2024-02-22T03:00:00Z,0.56,12.0,65.0,8.0
2024-02-22T04:00:00Z,0.55,12.0,66.0,8.0
2024-02-22T05:00:00Z,0.53,12.0,67.0,8.0
2024-02-22T06:00:00Z,0.56,13.0,66.0,8.0
2024-02-22T07:00:00Z,0.59,14.0,66.0,9.0
2024-02-22T08:00:00Z,0.66,15.0,66.0,9.0
2024-02-22T09:00:00Z,0.65,14.0,70.0,10.0
2024-02-22T10:00:00Z,0.6,12.0,77.0,11.0
2024-02-22T11:00:00Z,0.61,11.0,82.0,11.0
2024-02-22T12:00:00Z,0.56,13.0,85.0,12.0
2024-02-22T13:00:00Z,0.5,13.0,91.0,11.0
2024-02-22T14:00:00Z,0.54,15.0,92.0,11.0
2024-02-22T15:00:00Z,0.54,16.0,89.0,11.0
2024-02-22T16:00:00Z,0.54,18.0,84.0,11.0
2024-02-22T17:00:00Z,0.53,22.0,77.0,11.0
2024-02-22T18:00:00Z,0.54,23.0,73.0,10.0
2024-02-22T19:00:00Z,0.59,24.0,69.0,11.0
2024-02-22T20:00:00Z,0.65,23.0,68.0,10.0
2024-02-22T21:00:00Z,0.64,23.0,65.0,10.0
2024-02-22T22:00:00Z,0.59,21.0,64.0,10.0
2024-02-22T23:00:00Z,0.55,19.0,66.0,10.0
2024-02-23T00:00:00Z,0.55,19.0,67.0,10.0
2024-02-23T01:00:00Z,0.55,18.0,66.0,9.0
2024-02-23T02:00:00Z,0.54,18.0,64.0,8.0
2024-02-23T03:00:00Z,0.55,17.0,61.0,8.0
2024-02-23T04:00:00Z,0.45,19.0,56.0,8.0
2024-02-23T05:00:00Z,0.45,21.0,54.0,8.0
2024-02-23T06:00:00Z,0.49,21.0,55.0,9.0
2024-02-23T07:00:00Z,0.49,16.0,68.0,9.0
2024-02-23T08:00:00Z,0.49,14.0,73.0,10.0
2024-02-23T09:00:00Z,0.55,14.0,78.0,10.0
2024-02-23T10:00:00Z,0.55,14.0,84.0,11.0
2024-02-23T11:00:00Z,0.55,14.0,92.0,11.0
2024-02-23T12:00:00Z,0.49,13.0,97.0,10.0
2024-02-23T13:00:00Z,0.51,15.0,100.0,10.0
2024-02-23T14:00:00Z,0.53,16.0,98.0,10.0
2024-02-23T15:00:00Z,0.53,18.0,95.0,10.0
2024-02-23T16:00:00Z,0.54,20.0,93.0,10.0
2024-02-23T17:00:00Z,0.56,22.0,89.0,10.0
2024-02-23T18:00:00Z,0.58,24.0,83.0,10.0
2024-02-23T19:00:00Z,0.6,24.0,81.0,10.0
2024-02-23T20:00:00Z,0.6,23.0,78.0,10.0
2024-02-23T21:00:00Z,0.6,22.0,73.0,10.0
2024-02-23T22:00:00Z,0.61,22.0,70.0,10.0
2024-02-23T23:00:00Z,0.59,21.0,68.0,9.0
2024-02-24T00:00:00Z,0.59,19.0,69.0,9.0
2024-02-24T01:00:00Z,0.59,18.0,67.0,9.0
2024-02-24T02:00:00Z,0.61,19.0,63.0,9.0
2024-02-24T03:00:00Z,0.61,19.0,59.0,9.0
2024-02-24T04:00:00Z,0.61,19.0,56.0,9.0
2024-02-24T05:00:00Z,0.64,21.0,53.0,8.0
2024-02-24T06:00:00Z,0.65,22.0,50.0,8.0
2024-02-24T07:00:00Z,0.66,21.0,52.0,8.0
2024-02-24T08:00:00Z,0.68,19.0,54.0,7.0
2024-02-24T09:00:00Z,0.66,19.0,56.0,7.0
2024-02-24T10:00:00Z,0.64,18.0,59.0,7.0
2024-02-24T11:00:00Z,0.64,18.0,61.0,7.0
2024-02-24T12:00:00Z,0.63,17.0,62.0,7.0
2024-02-24T13:00:00Z,0.59,16.0,68.0,7.0
2024-02-24T14:00:00Z,0.6,17.0,71.0,7.0
2024-02-24T15:00:00Z,0.61,19.0,69.0,6.0
2024-02-24T16:00:00Z,0.63,20.0,68.0,6.0
2024-02-24T17:00:00Z,0.63,20.0,73.0,6.0
2024-02-24T18:00:00Z,0.63,19.0,77.0,7.0
2024-02-24T19:00:00Z,0.6,19.0,79.0,7.0
2024-02-24T20:00:00Z,0.59,18.0,80.0,7.0
2024-02-24T21:00:00Z,0.58,18.0,77.0,6.0
2024-02-24T22:00:00Z,0.59,16.0,76.0,6.0
2024-02-24T23:00:00Z,0.6,19.0,68.0,6.0
2024-02-25T00:00:00Z,0.61,20.0,65.0,6.0
2024-02-25T01:00:00Z,0.6,20.0,62.0,6.0
2024-02-25T02:00:00Z,0.6,20.0,60.0,6.0
2024-02-25T03:00:00Z,0.64,23.0,54.0,7.0
2024-02-25T04:00:00Z,0.64,25.0,53.0,6.0
2024-02-25T05:00:00Z,0.65,33.0,41.0,7.0
2024-02-25T06:00:00Z,0.75,36.0,38.0,8.0
2024-02-25T07:00:00Z,0.7,29.0,56.0,9.0
2024-02-25T08:00:00Z,0.7,24.0,75.0,12.0
2024-02-25T09:00:00Z,0.69,22.0,86.0,12.0
2024-02-25T10:00:00Z,0.68,20.0,93.0,13.0
2024-02-25T11:00:00Z,0.66,18.0,98.0,12.0
2024-02-25T12:00:00Z,0.63,17.0,104.0,11.0
2024-02-25T13:00:00Z,0.59,17.0,110.0,10.0
2024-02-25T14:00:00Z,0.56,17.0,112.0,10.0
2024-02-25T15:00:00Z,0.56,19.0,111.0,10.0
2024-02-25T16:00:00Z,0.63,23.0,107.0,10.0
2024-02-25T17:00:00Z,0.7,29.0,99.0,10.0
2024-02-25T18:00:00Z,0.73,34.0,90.0,10.0
2024-02-25T19:00:00Z,0.75,42.0,78.0,10.0
2024-02-25T20:00:00Z,0.84,50.0,63.0,10.0
2024-02-25T21:00:00Z,0.9,57.0,54.0,10.0
2024-02-25T22:00:00Z,0.89,51.0,64.0,11.0
2024-02-25T23:00:00Z,0.84,47.0,63.0,10.0
2024-02-26T00:00:00Z,0.84,41.0,71.0,10.0
2024-02-26T01:00:00Z,0.78,36.0,73.0,11.0
2024-02-26T02:00:00Z,0.82,38.0,65.0,11.0
2024-02-26T03:00:00Z,0.86,41.0,54.0,10.0
2024-02-26T04:00:00Z,0.99,51.0,42.0,11.0
2024-02-26T05:00:00Z,1.06,66.0,27.0,12.0
2024-02-26T06:00:00Z,1.09,61.0,34.0,14.0
2024-02-26T07:00:00Z,1.07,52.0,50.0,15.0
2024-02-26T08:00:00Z,0.99,40.0,69.0,13.0
2024-02-26T09:00:00Z,0.88,29.0,86.0,12.0
2024-02-26T10:00:00Z,0.66,20.0,92.0,12.0
2024-02-26T11:00:00Z,0.55,17.0,93.0,10.0
2024-02-26T12:00:00Z,0.49,17.0,94.0,9.0
2024-02-26T13:00:00Z,0.49,18.0,96.0,10.0
2024-02-26T14:00:00Z,0.49,18.0,98.0,10.0
2024-02-26T15:00:00Z,0.49,19.0,97.0,10.0
2024-02-26T16:00:00Z,0.51,22.0,94.0,9.0
2024-02-26T17:00:00Z,0.55,31.0,81.0,9.0
2024-02-26T18:00:00Z,0.6,35.0,74.0,9.0
2024-02-26T19:00:00Z,0.56,28.0,77.0,9.0
2024-02-26T20:00:00Z,0.56,32.0,67.0,9.0
2024-02-26T21:00:00Z,0.58,36.0,56.0,9.0
2024-02-26T22:00:00Z,0.55,31.0,58.0,9.0
2024-02-26T23:00:00Z,0.58,30.0,57.0,9.0
2024-02-27T00:00:00Z,0.56,29.0,60.0,9.0
2024-02-27T01:00:00Z,0.55,29.0,58.0,8.0
2024-02-27T02:00:00Z,0.59,37.0,46.0,8.0
2024-02-27T03:00:00Z,0.59,42.0,39.0,8.0
2024-02-27T04:00:00Z,0.59,50.0,29.0,8.0
2024-02-27T05:00:00Z,0.64,50.0,28.0,8.0
2024-02-27T06:00:00Z,0.64,42.0,38.0,9.0
2024-02-27T07:00:00Z,0.66,38.0,47.0,9.0
2024-02-27T08:00:00Z,0.66,30.0,66.0,10.0
2024-02-27T09:00:00Z,0.61,24.0,82.0,10.0
2024-02-27T10:00:00Z,0.59,18.0,93.0,9.0
2024-02-27T11:00:00Z,0.56,17.0,101.0,9.0
2024-02-27T12:00:00Z,0.56,17.0,108.0,10.0
2024-02-27T13:00:00Z,0.56,19.0,111.0,10.0
2024-02-27T14:00:00Z,0.57,21.0,109.0,10.0
2024-02-27T15:00:00Z,0.56,21.0,111.0,9.0
2024-02-27T16:00:00Z,0.54,24.0,106.0,9.0
2024-02-27T17:00:00Z,0.61,32.0,93.0,9.0
2024-02-27T18:00:00Z,0.63,28.0,93.0,8.0
2024-02-27T19:00:00Z,0.61,27.0,93.0,8.0
2024-02-27T20:00:00Z,0.61,31.0,88.0,8.0
2024-02-27T21:00:00Z,0.64,42.0,72.0,8.0
2024-02-27T22:00:00Z,0.65,38.0,72.0,9.0
2024-02-27T23:00:00Z,0.65,41.0,67.0,8.0
2024-02-28T00:00:00Z,0.69,52.0,48.0,8.0
2024-02-28T01:00:00Z,0.69,60.0,36.0,8.0
2024-02-28T02:00:00Z,0.7,63.0,29.0,8.0
2024-02-28T03:00:00Z,0.66,58.0,30.0,8.0
2024-02-28T04:00:00Z,0.68,55.0,25.0,7.0
2024-02-28T05:00:00Z,0.68,47.0,29.0,7.0
2024-02-28T06:00:00Z,0.73,44.0,31.0,8.0
2024-02-28T07:00:00Z,0.71,35.0,46.0,9.0
2024-02-28T08:00:00Z,0.71,30.0,63.0,9.0
2024-02-28T09:00:00Z,0.66,26.0,82.0,8.0
2024-02-28T10:00:00Z,0.64,19.0,99.0,9.0
2024-02-28T11:00:00Z,0.69,19.0,108.0,9.0
2024-02-28T12:00:00Z,0.69,21.0,107.0,9.0
2024-02-28T13:00:00Z,0.63,23.0,108.0,10.0
2024-02-28T14:00:00Z,0.82,26.0,105.0,10.0
2024-02-28T15:00:00Z,0.88,29.0,95.0,11.0
2024-02-28T16:00:00Z,0.63,30.0,82.0,12.0
2024-02-28T17:00:00Z,0.6,29.0,78.0,10.0
2024-02-28T18:00:00Z,0.64,29.0,74.0,8.0
2024-02-28T19:00:00Z,0.7,29.0,67.0,9.0
2024-02-28T20:00:00Z,0.67,29.0,62.0,8.0
2024-02-28T21:00:00Z,0.63,27.0,61.0,8.0
2024-02-28T22:00:00Z,0.53,21.0,72.0,7.0
2024-02-28T23:00:00Z,0.53,18.0,73.0,6.0
2024-02-29T00:00:00Z,0.7,19.0,69.0,7.0
2024-02-29T01:00:00Z,0.7,19.0,66.0,6.0
2024-02-29T02:00:00Z,0.61,19.0,62.0,6.0
2024-02-29T03:00:00Z,0.64,18.0,65.0,5.0
2024-02-29T04:00:00Z,0.63,17.0,66.0,6.0
2024-02-29T05:00:00Z,0.63,18.0,65.0,6.0
2024-02-29T06:00:00Z,0.66,19.0,65.0,6.0
2024-02-29T07:00:00Z,0.63,19.0,69.0,6.0
2024-02-29T08:00:00Z,0.64,23.0,68.0,6.0
2024-02-29T09:00:00Z,0.66,25.0,73.0,6.0
2024-02-29T10:00:00Z,0.68,22.0,79.0,6.0
2024-02-29T11:00:00Z,0.64,21.0,82.0,6.0
2024-02-29T12:00:00Z,0.64,21.0,78.0,6.0
2024-02-29T13:00:00Z,0.65,20.0,76.0,6.0
2024-02-29T14:00:00Z,0.57,18.0,78.0,6.0
2024-02-29T15:00:00Z,0.51,18.0,78.0,7.0
2024-02-29T16:00:00Z,0.53,22.0,72.0,7.0
2024-02-29T17:00:00Z,0.59,26.0,65.0,7.0
2024-02-29T18:00:00Z,0.63,28.0,63.0,7.0
2024-02-29T19:00:00Z,0.61,31.0,57.0,7.0
2024-02-29T20:00:00Z,0.65,36.0,45.0,7.0
2024-02-29T21:00:00Z,0.65,40.0,39.0,7.0
2024-02-29T22:00:00Z,0.65,42.0,34.0,7.0
2024-02-29T23:00:00Z,0.7,49.0,23.0,8.0
2024-03-01T00:00:00Z,0.64,48.0,24.0,8.0
2024-03-01T01:00:00Z,0.63,42.0,34.0,8.0
2024-03-01T02:00:00Z,0.59,39.0,37.0,8.0
2024-03-01T03:00:00Z,0.6,35.0,38.0,9.0
2024-03-01T04:00:00Z,0.61,36.0,33.0,8.0
2024-03-01T05:00:00Z,0.61,37.0,30.0,8.0
2024-03-01T06:00:00Z,0.69,43.0,26.0,8.0
2024-03-01T07:00:00Z,0.69,38.0,34.0,9.0
2024-03-01T08:00:00Z,0.68,37.0,46.0,11.0
2024-03-01T09:00:00Z,0.65,28.0,62.0,13.0
2024-03-01T10:00:00Z,0.64,23.0,74.0,11.0
2024-03-01T11:00:00Z,0.59,19.0,81.0,9.0
2024-03-01T12:00:00Z,0.53,17.0,87.0,8.0
2024-03-01T13:00:00Z,0.55,17.0,88.0,8.0
2024-03-01T14:00:00Z,0.54,17.0,92.0,8.0
2024-03-01T15:00:00Z,0.54,17.0,92.0,8.0
2024-03-01T16:00:00Z,0.55,20.0,86.0,8.0
2024-03-01T17:00:00Z,0.65,26.0,75.0,8.0
2024-03-01T18:00:00Z,0.65,30.0,66.0,7.0
2024-03-01T19:00:00Z,0.71,40.0,51.0,8.0
2024-03-01T20:00:00Z,0.76,46.0,41.0,9.0
2024-03-01T21:00:00Z,0.76,46.0,37.0,8.0
2024-03-01T22:00:00Z,0.74,43.0,39.0,9.0
2024-03-01T23:00:00Z,0.7,36.0,45.0,9.0
2024-03-02T00:00:00Z,0.68,40.0,42.0,8.0
2024-03-02T01:00:00Z,0.68,38.0,42.0,9.0
2024-03-02T02:00:00Z,0.64,34.0,45.0,9.0
2024-03-02T03:00:00Z,0.66,35.0,43.0,8.0
2024-03-02T04:00:00Z,0.62,32.0,43.0,8.0
2024-03-02T05:00:00Z,0.64,35.0,40.0,8.0
2024-03-02T06:00:00Z,0.66,35.0,42.0,10.0
2024-03-02T07:00:00Z,0.71,32.0,52.0,11.0
2024-03-02T08:00:00Z,0.61,24.0,72.0,9.0
2024-03-02T09:00:00Z,0.62,19.0,83.0,9.0
2024-03-02T10:00:00Z,0.62,18.0,88.0,8.0
2024-03-02T11:00:00Z,0.61,17.0,95.0,8.0
2024-03-02T12:00:00Z,0.63,16.0,103.0,8.0
2024-03-02T13:00:00Z,0.55,16.0,109.0,8.0
2024-03-02T14:00:00Z,0.53,17.0,111.0,8.0
2024-03-02T15:00:00Z,0.51,18.0,111.0,7.0
2024-03-02T16:00:00Z,0.53,20.0,106.0,7.0
2024-03-02T17:00:00Z,0.63,25.0,97.0,8.0
2024-03-02T18:00:00Z,0.66,29.0,88.0,10.0
2024-03-02T19:00:00Z,0.71,38.0,72.0,9.0
2024-03-02T20:00:00Z,0.76,44.0,61.0,9.0
2024-03-02T21:00:00Z,0.81,46.0,52.0,8.0
2024-03-02T22:00:00Z,0.85,44.0,48.0,8.0
2024-03-02T23:00:00Z,0.78,37.0,57.0,8.0
2024-03-03T00:00:00Z,0.75,26.0,70.0,8.0
2024-03-03T01:00:00Z,0.72,26.0,72.0,8.0
2024-03-03T02:00:00Z,0.72,25.0,72.0,8.0
2024-03-03T03:00:00Z,0.75,27.0,67.0,8.0
2024-03-03T04:00:00Z,0.75,28.0,65.0,8.0
2024-03-03T05:00:00Z,0.77,32.0,59.0,9.0
2024-03-03T06:00:00Z,0.82,40.0,46.0,8.0
2024-03-03T07:00:00Z,0.84,35.0,56.0,9.0
2024-03-03T08:00:00Z,0.8,31.0,68.0,9.0
2024-03-03T09:00:00Z,0.78,29.0,81.0,9.0
2024-03-03T10:00:00Z,0.7,25.0,95.0,9.0
2024-03-03T11:00:00Z,0.66,21.0,108.0,8.0
2024-03-03T12:00:00Z,0.59,18.0,116.0,7.0
2024-03-03T13:00:00Z,0.57,19.0,118.0,8.0
2024-03-03T14:00:00Z,0.56,19.0,119.0,7.0
2024-03-03T15:00:00Z,0.54,21.0,118.0,7.0
2024-03-03T16:00:00Z,0.56,23.0,114.0,7.0
2024-03-03T17:00:00Z,0.63,27.0,100.0,7.0
2024-03-03T18:00:00Z,0.66,34.0,87.0,7.0
2024-03-03T19:00:00Z,0.69,36.0,83.0,7.0
2024-03-03T20:00:00Z,0.69,42.0,73.0,8.0
2024-03-03T21:00:00Z,0.66,37.0,76.0,8.0
2024-03-03T22:00:00Z,0.67,34.0,77.0,8.0
2024-03-03T23:00:00Z,0.69,31.0,84.0,7.0
2024-03-04T00:00:00Z,0.72,31.0,84.0,8.0
2024-03-04T01:00:00Z,0.75,34.0,76.0,8.0
2024-03-04T02:00:00Z,0.74,32.0,72.0,9.0
2024-03-04T03:00:00Z,0.74,29.0,72.0,8.0
2024-03-04T04:00:00Z,0.79,31.0,66.0,9.0
2024-03-04T05:00:00Z,0.82,36.0,54.0,9.0
2024-03-04T06:00:00Z,0.89,39.0,47.0,9.0
2024-03-04T07:00:00Z,0.98,42.0,42.0,9.0
2024-03-04T08:00:00Z,1.0,39.0,44.0,10.0
2024-03-04T09:00:00Z,0.97,38.0,46.0,10.0
2024-03-04T10:00:00Z,0.93,36.0,53.0,10.0
2024-03-04T11:00:00Z,0.81,32.0,62.0,10.0
2024-03-04T12:00:00Z,0.79,31.0,67.0,9.0
2024-03-04T13:00:00Z,0.79,32.0,66.0,9.0
2024-03-04T14:00:00Z,0.79,33.0,66.0,9.0
2024-03-04T15:00:00Z,0.8,33.0,65.0,8.0
2024-03-04T16:00:00Z,0.79,36.0,61.0,10.0
2024-03-04T17:00:00Z,0.74,35.0,59.0,11.0
2024-03-04T18:00:00Z,0.65,32.0,59.0,8.0
2024-03-04T19:00:00Z,0.63,29.0,59.0,9.0
2024-03-04T20:00:00Z,0.61,28.0,61.0,8.0
2024-03-04T21:00:00Z,0.59,27.0,61.0,8.0
2024-03-04T22:00:00Z,0.64,27.0,59.0,7.0
2024-03-04T23:00:00Z,0.66,25.0,59.0,6.0
2024-03-05T00:00:00Z,0.75,22.0,61.0,7.0
2024-03-05T01:00:00Z,0.85,21.0,61.0,7.0
2024-03-05T02:00:00Z,0.92,21.0,63.0,7.0
2024-03-05T03:00:00Z,0.94,19.0,63.0,7.0
2024-03-05T04:00:00Z,0.86,19.0,63.0,6.0
2024-03-05T05:00:00Z,0.91,22.0,55.0,6.0
2024-03-05T06:00:00Z,0.83,25.0,52.0,6.0
2024-03-05T07:00:00Z,0.76,24.0,57.0,6.0
2024-03-05T08:00:00Z,0.75,26.0,62.0,6.0
2024-03-05T09:00:00Z,0.72,27.0,65.0,6.0
2024-03-05T10:00:00Z,0.71,26.0,63.0,6.0
2024-03-05T11:00:00Z,0.73,24.0,67.0,6.0
2024-03-05T12:00:00Z,0.7,25.0,67.0,6.0
2024-03-05T13:00:00Z,0.67,24.0,73.0,6.0
2024-03-05T14:00:00Z,0.67,27.0,70.0,6.0
2024-03-05T15:00:00Z,0.7,29.0,64.0,6.0
2024-03-05T16:00:00Z,0.81,36.0,46.0,6.0
2024-03-05T17:00:00Z,0.94,43.0,27.0,6.0
2024-03-05T18:00:00Z,0.99,46.0,18.0,6.0
2024-03-05T19:00:00Z,0.98,48.0,13.0,6.0
2024-03-05T20:00:00Z,0.96,49.0,15.0,6.0
2024-03-05T21:00:00Z,0.98,49.0,12.0,7.0
2024-03-05T22:00:00Z,0.94,48.0,10.0,7.0
2024-03-05T23:00:00Z,0.9,45.0,10.0,7.0
2024-03-06T00:00:00Z,0.85,42.0,9.0,7.0
2024-03-06T01:00:00Z,0.89,41.0,12.0,7.0
2024-03-06T02:00:00Z,0.85,39.0,20.0,7.0
2024-03-06T03:00:00Z,0.8,31.0,44.0,7.0
2024-03-06T04:00:00Z,0.66,20.0,79.0,7.0
2024-03-06T05:00:00Z,0.63,20.0,81.0,8.0
2024-03-06T06:00:00Z,0.61,22.0,79.0,9.0
2024-03-06T07:00:00Z,0.63,23.0,76.0,9.0
2024-03-06T08:00:00Z,0.6,21.0,77.0,10.0
2024-03-06T09:00:00Z,0.64,20.0,84.0,10.0
2024-03-06T10:00:00Z,0.64,19.0,91.0,9.0
2024-03-06T11:00:00Z,0.64,18.0,98.0,9.0
2024-03-06T12:00:00Z,0.66,19.0,101.0,9.0
2024-03-06T13:00:00Z,0.67,21.0,102.0,9.0
2024-03-06T14:00:00Z,0.72,22.0,99.0,8.0
2024-03-06T15:00:00Z,0.71,23.0,102.0,8.0
2024-03-06T16:00:00Z,0.72,26.0,95.0,7.0
2024-03-06T17:00:00Z,0.8,35.0,74.0,7.0
2024-03-06T18:00:00Z,0.84,41.0,58.0,6.0
2024-03-06T19:00:00Z,0.95,44.0,45.0,6.0
2024-03-06T20:00:00Z,0.94,49.0,33.0,6.0
2024-03-06T21:00:00Z,0.95,47.0,30.0,7.0
2024-03-06T22:00:00Z,0.9,41.0,32.0,7.0
2024-03-06T23:00:00Z,0.85,38.0,34.0,7.0
2024-03-07T00:00:00Z,0.84,37.0,35.0,7.0
2024-03-07T01:00:00Z,0.84,36.0,32.0,8.0
2024-03-07T02:00:00Z,0.85,41.0,23.0,7.0
2024-03-07T03:00:00Z,0.84,43.0,23.0,7.0
2024-03-07T04:00:00Z,0.89,49.0,16.0,8.0
2024-03-07T05:00:00Z,0.93,49.0,16.0,9.0
2024-03-07T06:00:00Z,0.97,50.0,18.0,9.0
2024-03-07T07:00:00Z,0.96,49.0,26.0,12.0
2024-03-07T08:00:00Z,0.93,43.0,45.0,12.0
2024-03-07T09:00:00Z,0.89,32.0,67.0,10.0
2024-03-07T10:00:00Z,0.81,25.0,87.0,9.0
2024-03-07T11:00:00Z,0.78,21.0,101.0,8.0
2024-03-07T12:00:00Z,0.76,19.0,103.0,7.0
2024-03-07T13:00:00Z,0.75,20.0,106.0,7.0
2024-03-07T14:00:00Z,0.7,21.0,111.0,8.0
2024-03-07T15:00:00Z,0.71,21.0,112.0,8.0
2024-03-07T16:00:00Z,0.71,25.0,108.0,8.0
2024-03-07T17:00:00Z,0.75,29.0,96.0,8.0
2024-03-07T18:00:00Z,0.72,31.0,88.0,8.0
2024-03-07T19:00:00Z,0.78,36.0,77.0,8.0
2024-03-07T20:00:00Z,0.74,34.0,77.0,8.0
2024-03-07T21:00:00Z,0.8,37.0,68.0,8.0
2024-03-07T22:00:00Z,0.83,46.0,54.0,9.0
2024-03-07T23:00:00Z,0.83,49.0,47.0,9.0
2024-03-08T00:00:00Z,0.88,53.0,38.0,10.0
2024-03-08T01:00:00Z,0.88,48.0,40.0,12.0
2024-03-08T02:00:00Z,0.82,47.0,40.0,11.0
2024-03-08T03:00:00Z,0.82,47.0,34.0,11.0
2024-03-08T04:00:00Z,0.77,44.0,32.0,11.0
2024-03-08T05:00:00Z,0.8,50.0,22.0,10.0
2024-03-08T06:00:00Z,0.85,50.0,24.0,11.0
2024-03-08T07:00:00Z,0.79,39.0,40.0,11.0
2024-03-08T08:00:00Z,0.66,31.0,57.0,10.0
2024-03-08T09:00:00Z,0.51,21.0,75.0,9.0
2024-03-08T10:00:00Z,0.45,17.0,85.0,8.0
2024-03-08T11:00:00Z,0.4,16.0,90.0,8.0
2024-03-08T12:00:00Z,0.38,15.0,94.0,7.0
2024-03-08T13:00:00Z,0.36,15.0,97.0,7.0
2024-03-08T14:00:00Z,0.34,15.0,98.0,7.0
2024-03-08T15:00:00Z,0.36,16.0,97.0,6.0
2024-03-08T16:00:00Z,0.33,19.0,93.0,6.0
2024-03-08T17:00:00Z,0.39,26.0,81.0,6.0
2024-03-08T18:00:00Z,0.47,33.0,68.0,7.0
2024-03-08T19:00:00Z,0.54,45.0,48.0,7.0
2024-03-08T20:00:00Z,0.6,54.0,33.0,7.0
2024-03-08T21:00:00Z,0.64,60.0,24.0,7.0
2024-03-08T22:00:00Z,0.63,53.0,29.0,6.0
2024-03-08T23:00:00Z,0.63,50.0,29.0,7.0
2024-03-09T00:00:00Z,0.61,50.0,27.0,7.0
2024-03-09T01:00:00Z,0.64,53.0,23.0,7.0
2024-03-09T02:00:00Z,0.61,56.0,18.0,8.0
2024-03-09T03:00:00Z,0.74,69.0,7.0,10.0
2024-03-09T04:00:00Z,0.74,66.0,8.0,12.0
2024-03-09T05:00:00Z,0.7,61.0,11.0,10.0
2024-03-09T06:00:00Z,0.75,51.0,22.0,10.0
2024-03-09T07:00:00Z,0.81,41.0,47.0,10.0
2024-03-09T08:00:00Z,0.78,27.0,82.0,9.0
2024-03-09T09:00:00Z,0.66,20.0,97.0,8.0
2024-03-09T10:00:00Z,0.6,17.0,107.0,8.0
2024-03-09T11:00:00Z,0.55,16.0,114.0,8.0
2024-03-09T12:00:00Z,0.54,16.0,119.0,8.0
2024-03-09T13:00:00Z,0.51,17.0,123.0,8.0
2024-03-09T14:00:00Z,0.51,17.0,126.0,7.0
2024-03-09T15:00:00Z,0.5,18.0,128.0,7.0
2024-03-09T16:00:00Z,0.54,21.0,124.0,7.0
2024-03-09T17:00:00Z,0.54,27.0,113.0,8.0
2024-03-09T18:00:00Z,0.59,31.0,105.0,8.0
2024-03-09T19:00:00Z,0.6,30.0,105.0,8.0
2024-03-09T20:00:00Z,0.63,33.0,97.0,8.0
2024-03-09T21:00:00Z,0.63,33.0,94.0,9.0
2024-03-09T22:00:00Z,0.64,29.0,96.0,8.0
2024-03-09T23:00:00Z,0.65,27.0,96.0,9.0
2024-03-10T00:00:00Z,0.65,25.0,96.0,9.0
2024-03-10T01:00:00Z,0.65,25.0,93.0,9.0
2024-03-10T02:00:00Z,0.66,27.0,87.0,9.0
2024-03-10T03:00:00Z,0.67,30.0,78.0,9.0
2024-03-10T04:00:00Z,0.69,33.0,69.0,9.0
2024-03-10T05:00:00Z,0.66,37.0,59.0,9.0
2024-03-10T06:00:00Z,0.71,36.0,53.0,9.0
2024-03-10T07:00:00Z,0.75,33.0,55.0,10.0
2024-03-10T08:00:00Z,0.88,31.0,68.0,11.0
2024-03-10T09:00:00Z,0.94,29.0,90.0,11.0
2024-03-10T10:00:00Z,0.83,25.0,124.0,10.0
2024-03-10T11:00:00Z,0.75,23.0,150.0,9.0
2024-03-10T12:00:00Z,0.74,23.0,158.0,8.0
2024-03-10T13:00:00Z,0.64,24.0,161.0,8.0
2024-03-10T14:00:00Z,0.64,24.0,159.0,8.0
2024-03-10T15:00:00Z,0.63,25.0,154.0,8.0
2024-03-10T16:00:00Z,0.66,27.0,151.0,8.0
2024-03-10T17:00:00Z,0.66,32.0,142.0,8.0
2024-03-10T18:00:00Z,0.7,34.0,134.0,8.0
2024-03-10T19:00:00Z,0.71,35.0,128.0,8.0
2024-03-10T20:00:00Z,0.73,39.0,110.0,8.0
2024-03-10T21:00:00Z,0.74,38.0,101.0,9.0
2024-03-10T22:00:00Z,0.76,36.0,94.0,9.0
2024-03-10T23:00:00Z,0.79,36.0,87.0,9.0
2024-03-11T00:00:00Z,0.74,39.0,78.0,9.0
2024-03-11T01:00:00Z,0.75,42.0,68.0,8.0
2024-03-11T02:00:00Z,0.73,46.0,58.0,8.0
2024-03-11T03:00:00Z,0.71,48.0,54.0,8.0
2024-03-11T04:00:00Z,0.74,48.0,47.0,8.0
2024-03-11T05:00:00Z,0.75,51.0,43.0,8.0
2024-03-11T06:00:00Z,0.82,58.0,33.0,8.0
2024-03-11T07:00:00Z,0.91,53.0,45.0,11.0
2024-03-11T08:00:00Z,0.89,48.0,71.0,13.0
2024-03-11T09:00:00Z,0.81,39.0,91.0,14.0
2024-03-11T10:00:00Z,0.8,30.0,105.0,13.0
2024-03-11T11:00:00Z,0.74,24.0,120.0,12.0
2024-03-11T12:00:00Z,0.73,22.0,139.0,13.0
2024-03-11T13:00:00Z,0.63,20.0,146.0,11.0
2024-03-11T14:00:00Z,0.46,19.0,138.0,10.0
2024-03-11T15:00:00Z,0.46,21.0,133.0,9.0
2024-03-11T16:00:00Z,0.47,26.0,124.0,9.0
2024-03-11T17:00:00Z,0.56,35.0,109.0,9.0
2024-03-11T18:00:00Z,0.61,41.0,100.0,11.0
2024-03-11T19:00:00Z,0.74,46.0,96.0,13.0
2024-03-11T20:00:00Z,0.72,41.0,90.0,12.0
2024-03-11T21:00:00Z,0.72,34.0,86.0,13.0
2024-03-11T22:00:00Z,0.7,32.0,83.0,11.0
2024-03-11T23:00:00Z,0.65,33.0,79.0,11.0
2024-03-12T00:00:00Z,0.63,34.0,74.0,12.0
2024-03-12T01:00:00Z,0.75,38.0,66.0,11.0
2024-03-12T02:00:00Z,0.85,39.0,65.0,11.0
2024-03-12T03:00:00Z,0.95,40.0,59.0,11.0
2024-03-12T04:00:00Z,0.94,39.0,61.0,11.0
2024-03-12T05:00:00Z,0.76,32.0,79.0,10.0
2024-03-12T06:00:00Z,0.7,31.0,83.0,10.0
2024-03-12T07:00:00Z,0.65,27.0,87.0,9.0
2024-03-12T08:00:00Z,0.55,21.0,94.0,9.0
2024-03-12T09:00:00Z,0.51,21.0,96.0,9.0
2024-03-12T10:00:00Z,0.54,21.0,104.0,9.0
2024-03-12T11:00:00Z,0.51,19.0,113.0,9.0
2024-03-12T12:00:00Z,0.49,18.0,118.0,9.0
2024-03-12T13:00:00Z,0.44,18.0,120.0,8.0
2024-03-12T14:00:00Z,0.38,17.0,120.0,7.0
2024-03-12T15:00:00Z,0.36,18.0,121.0,7.0
2024-03-12T16:00:00Z,0.38,21.0,120.0,7.0
2024-03-12T17:00:00Z,0.46,29.0,113.0,7.0
2024-03-12T18:00:00Z,0.55,34.0,107.0,9.0
2024-03-12T19:00:00Z,0.59,34.0,99.0,9.0
2024-03-12T20:00:00Z,0.59,31.0,98.0,9.0
2024-03-12T21:00:00Z,0.63,32.0,89.0,9.0
2024-03-12T22:00:00Z,0.68,26.0,91.0,8.0
2024-03-12T23:00:00Z,0.65,25.0,87.0,8.0
2024-03-13T00:00:00Z,0.61,24.0,85.0,7.0
2024-03-13T01:00:00Z,0.64,23.0,85.0,7.0
2024-03-13T02:00:00Z,0.64,22.0,83.0,7.0
2024-03-13T03:00:00Z,0.66,22.0,79.0,8.0
2024-03-13T04:00:00Z,0.67,24.0,74.0,8.0
2024-03-13T05:00:00Z,0.66,26.0,68.0,8.0
2024-03-13T06:00:00Z,0.74,29.0,63.0,9.0
2024-03-13T07:00:00Z,0.8,29.0,66.0,9.0
2024-03-13T08:00:00Z,0.71,27.0,75.0,8.0
2024-03-13T09:00:00Z,0.65,23.0,89.0,9.0
2024-03-13T10:00:00Z,0.5,19.0,108.0,7.0
2024-03-13T11:00:00Z,0.44,17.0,120.0,7.0
2024-03-13T12:00:00Z,0.44,18.0,125.0,8.0
2024-03-13T13:00:00Z,0.44,20.0,125.0,7.0
2024-03-13T14:00:00Z,0.41,19.0,121.0,7.0
2024-03-13T15:00:00Z,0.41,21.0,114.0,7.0
2024-03-13T16:00:00Z,0.41,23.0,106.0,7.0
2024-03-13T17:00:00Z,0.44,26.0,95.0,7.0
2024-03-13T18:00:00Z,0.42,31.0,80.0,7.0
2024-03-13T19:00:00Z,0.41,34.0,71.0,7.0
2024-03-13T20:00:00Z,0.44,33.0,68.0,7.0
2024-03-13T21:00:00Z,0.46,34.0,66.0,10.0
2024-03-13T22:00:00Z,0.45,32.0,63.0,11.0
2024-03-13T23:00:00Z,0.5,32.0,58.0,10.0
2024-03-14T00:00:00Z,0.49,36.0,50.0,10.0
2024-03-14T01:00:00Z,0.49,47.0,36.0,9.0
2024-03-14T02:00:00Z,0.5,50.0,33.0,8.0
2024-03-14T03:00:00Z,0.55,46.0,37.0,7.0
2024-03-14T04:00:00Z,0.52,42.0,44.0,6.0
2024-03-14T05:00:00Z,0.54,40.0,54.0,6.0
2024-03-14T06:00:00Z,0.54,40.0,59.0,6.0
2024-03-14T07:00:00Z,0.55,41.0,59.0,7.0
2024-03-14T08:00:00Z,0.45,30.0,88.0,7.0
2024-03-14T09:00:00Z,0.39,20.0,108.0,7.0
2024-03-14T10:00:00Z,0.36,15.0,117.0,6.0
2024-03-14T11:00:00Z,0.34,14.0,122.0,6.0
2024-03-14T12:00:00Z,0.32,14.0,123.0,6.0
2024-03-14T13:00:00Z,0.33,15.0,127.0,6.0
2024-03-14T14:00:00Z,0.35,15.0,129.0,6.0
2024-03-14T15:00:00Z,0.33,16.0,126.0,6.0
2024-03-14T16:00:00Z,0.36,18.0,119.0,6.0
2024-03-14T17:00:00Z,0.39,20.0,112.0,6.0
2024-03-14T18:00:00Z,0.4,24.0,99.0,6.0
2024-03-14T19:00:00Z,0.41,25.0,95.0,6.0
2024-03-14T20:00:00Z,0.4,25.0,90.0,6.0
2024-03-14T21:00:00Z,0.41,23.0,88.0,6.0
2024-03-14T22:00:00Z,0.4,22.0,86.0,6.0
2024-03-14T23:00:00Z,0.43,25.0,76.0,6.0
2024-03-15T00:00:00Z,0.43,26.0,66.0,6.0
2024-03-15T01:00:00Z,0.47,29.0,57.0,6.0
2024-03-15T02:00:00Z,0.47,47.0,35.0,6.0
2024-03-15T03:00:00Z,0.49,45.0,34.0,6.0
2024-03-15T04:00:00Z,0.51,52.0,27.0,7.0
2024-03-15T05:00:00Z,0.59,53.0,27.0,8.0
2024-03-15T06:00:00Z,0.66,49.0,33.0,10.0
2024-03-15T07:00:00Z,0.68,34.0,55.0,11.0
2024-03-15T08:00:00Z,0.64,27.0,77.0,10.0
2024-03-15T09:00:00Z,0.53,19.0,107.0,8.0
2024-03-15T10:00:00Z,0.46,18.0,115.0,8.0
2024-03-15T11:00:00Z,0.47,15.0,125.0,7.0
2024-03-15T12:00:00Z,0.41,15.0,129.0,6.0
2024-03-15T13:00:00Z,0.39,16.0,133.0,6.0
2024-03-15T14:00:00Z,0.35,17.0,134.0,10.0
2024-03-15T15:00:00Z,0.36,18.0,132.0,6.0
2024-03-15T16:00:00Z,0.35,21.0,124.0,6.0
2024-03-15T17:00:00Z,0.41,24.0,114.0,6.0
2024-03-15T18:00:00Z,0.41,25.0,102.0,6.0
2024-03-15T19:00:00Z,0.41,26.0,101.0,6.0
2024-03-15T20:00:00Z,0.46,27.0,99.0,7.0
2024-03-15T21:00:00Z,0.51,30.0,87.0,7.0
2024-03-15T22:00:00Z,0.5,35.0,68.0,7.0
2024-03-15T23:00:00Z,0.47,33.0,60.0,7.0
2024-03-16T00:00:00Z,0.46,32.0,56.0,6.0
2024-03-16T01:00:00Z,0.44,30.0,51.0,6.0
2024-03-16T02:00:00Z,0.45,32.0,41.0,7.0
2024-03-16T03:00:00Z,0.47,31.0,34.0,7.0
2024-03-16T04:00:00Z,0.47,34.0,26.0,7.0
2024-03-16T05:00:00Z,0.46,35.0,21.0,7.0
2024-03-16T06:00:00Z,0.51,34.0,21.0,7.0
2024-03-16T07:00:00Z,0.54,32.0,26.0,8.0
2024-03-16T08:00:00Z,0.58,30.0,32.0,8.0
2024-03-16T09:00:00Z,0.66,29.0,50.0,9.0
2024-03-16T10:00:00Z,0.76,27.0,81.0,10.0
2024-03-16T11:00:00Z,0.75,25.0,122.0,11.0
2024-03-16T12:00:00Z,0.71,23.0,153.0,11.0
2024-03-16T13:00:00Z,0.67,21.0,172.0,10.0
2024-03-16T14:00:00Z,0.66,22.0,179.0,10.0
2024-03-16T15:00:00Z,0.66,21.0,170.0,9.0
2024-03-16T16:00:00Z,0.66,23.0,152.0,9.0
2024-03-16T17:00:00Z,0.74,30.0,137.0,9.0
2024-03-16T18:00:00Z,0.8,45.0,108.0,9.0
2024-03-16T19:00:00Z,0.94,58.0,85.0,9.0
2024-03-16T20:00:00Z,1.17,65.0,70.0,10.0
2024-03-16T21:00:00Z,1.27,65.0,58.0,10.0
2024-03-16T22:00:00Z,1.38,64.0,46.0,9.0
2024-03-16T23:00:00Z,1.41,67.0,34.0,9.0
2024-03-17T00:00:00Z,1.31,65.0,37.0,9.0
2024-03-17T01:00:00Z,1.14,61.0,53.0,9.0
2024-03-17T02:00:00Z,0.96,53.0,68.0,11.0
2024-03-17T03:00:00Z,0.89,40.0,81.0,12.0
2024-03-17T04:00:00Z,0.68,28.0,88.0,11.0
2024-03-17T05:00:00Z,0.5,27.0,68.0,8.0
2024-03-17T06:00:00Z,0.35,22.0,64.0,7.0
2024-03-17T07:00:00Z,0.34,21.0,66.0,7.0
2024-03-17T08:00:00Z,0.36,21.0,67.0,7.0
2024-03-17T09:00:00Z,0.44,22.0,69.0,7.0
2024-03-17T10:00:00Z,0.44,20.0,75.0,7.0
2024-03-17T11:00:00Z,0.44,18.0,80.0,7.0
2024-03-17T12:00:00Z,0.44,19.0,82.0,7.0
2024-03-17T13:00:00Z,0.44,20.0,85.0,7.0
2024-03-17T14:00:00Z,0.38,20.0,89.0,7.0
2024-03-17T15:00:00Z,0.34,21.0,92.0,7.0
2024-03-17T16:00:00Z,0.36,23.0,90.0,7.0
2024-03-17T17:00:00Z,0.39,26.0,84.0,7.0
2024-03-17T18:00:00Z,0.4,34.0,71.0,7.0
2024-03-17T19:00:00Z,0.44,35.0,64.0,8.0
2024-03-17T20:00:00Z,0.44,31.0,63.0,9.0
2024-03-17T21:00:00Z,0.46,32.0,60.0,8.0
2024-03-17T22:00:00Z,0.43,30.0,62.0,7.0
2024-03-17T23:00:00Z,0.45,27.0,66.0,7.0
2024-03-18T00:00:00Z,0.45,25.0,70.0,7.0
2024-03-18T01:00:00Z,0.49,24.0,71.0,7.0
2024-03-18T02:00:00Z,0.48,23.0,75.0,8.0
2024-03-18T03:00:00Z,0.46,24.0,75.0,8.0
2024-03-18T04:00:00Z,0.51,28.0,66.0,8.0
2024-03-18T05:00:00Z,0.53,32.0,62.0,8.0
2024-03-18T06:00:00Z,0.54,38.0,60.0,8.0
2024-03-18T07:00:00Z,0.5,31.0,75.0,8.0
2024-03-18T08:00:00Z,0.47,28.0,79.0,7.0
2024-03-18T09:00:00Z,0.44,24.0,81.0,7.0
2024-03-18T10:00:00Z,0.39,23.0,82.0,6.0
2024-03-18T11:00:00Z,0.36,21.0,81.0,6.0
2024-03-18T12:00:00Z,0.36,23.0,81.0,6.0
2024-03-18T13:00:00Z,0.36,25.0,78.0,8.0
2024-03-18T14:00:00Z,0.4,30.0,74.0,8.0
2024-03-18T15:00:00Z,0.39,33.0,72.0,8.0
2024-03-18T16:00:00Z,0.41,38.0,65.0,8.0
2024-03-18T17:00:00Z,0.5,45.0,46.0,9.0
2024-03-18T18:00:00Z,0.56,48.0,37.0,9.0
2024-03-18T19:00:00Z,0.51,46.0,37.0,10.0
2024-03-18T20:00:00Z,0.53,43.0,36.0,10.0
2024-03-18T21:00:00Z,0.48,44.0,31.0,10.0
2024-03-18T22:00:00Z,0.49,43.0,30.0,11.0
2024-03-18T23:00:00Z,0.49,38.0,33.0,11.0
2024-03-19T00:00:00Z,0.56,40.0,31.0,11.0
2024-03-19T01:00:00Z,0.57,38.0,37.0,11.0
2024-03-19T02:00:00Z,0.54,28.0,47.0,9.0
2024-03-19T03:00:00Z,0.51,25.0,46.0,9.0
2024-03-19T04:00:00Z,0.51,26.0,40.0,9.0
2024-03-19T05:00:00Z,0.6,30.0,33.0,9.0
2024-03-19T06:00:00Z,0.64,32.0,33.0,10.0
2024-03-19T07:00:00Z,0.6,29.0,44.0,12.0
2024-03-19T08:00:00Z,0.49,22.0,66.0,9.0
2024-03-19T09:00:00Z,0.36,16.0,81.0,7.0
2024-03-19T10:00:00Z,0.4,16.0,87.0,7.0
2024-03-19T11:00:00Z,0.36,14.0,90.0,7.0
2024-03-19T12:00:00Z,0.34,12.0,95.0,6.0
2024-03-19T13:00:00Z,0.34,13.0,98.0,6.0
2024-03-19T14:00:00Z,0.34,13.0,102.0,7.0
2024-03-19T15:00:00Z,0.37,14.0,104.0,8.0
2024-03-19T16:00:00Z,0.4,16.0,104.0,8.0
2024-03-19T17:00:00Z,0.4,21.0,94.0,7.0
2024-03-19T18:00:00Z,0.45,32.0,76.0,8.0
2024-03-19T19:00:00Z,0.51,39.0,62.0,8.0
2024-03-19T20:00:00Z,0.54,51.0,44.0,8.0
2024-03-19T21:00:00Z,0.59,60.0,31.0,9.0
2024-03-19T22:00:00Z,0.64,61.0,24.0,9.0
2024-03-19T23:00:00Z,0.64,65.0,18.0,10.0
2024-03-20T00:00:00Z,0.65,68.0,13.0,11.0
2024-03-20T01:00:00Z,0.67,66.0,10.0,10.0
2024-03-20T02:00:00Z,0.7,71.0,6.0,9.0
2024-03-20T03:00:00Z,0.69,71.0,8.0,11.0
2024-03-20T04:00:00Z,0.59,57.0,21.0,10.0
2024-03-20T05:00:00Z,0.5,33.0,44.0,8.0
2024-03-20T06:00:00Z,0.49,26.0,55.0,7.0
2024-03-20T07:00:00Z,0.46,21.0,65.0,7.0
2024-03-20T08:00:00Z,0.45,18.0,73.0,8.0
2024-03-20T09:00:00Z,0.44,18.0,78.0,9.0
2024-03-20T10:00:00Z,0.5,17.0,84.0,10.0
2024-03-20T11:00:00Z,0.53,18.0,89.0,11.0
2024-03-20T12:00:00Z,0.57,18.0,97.0,11.0
2024-03-20T13:00:00Z,0.53,18.0,102.0,10.0
2024-03-20T14:00:00Z,0.45,17.0,104.0,8.0
2024-03-20T15:00:00Z,0.4,17.0,107.0,7.0
2024-03-20T16:00:00Z,0.4,20.0,104.0,7.0
2024-03-20T17:00:00Z,0.43,25.0,96.0,8.0
2024-03-20T18:00:00Z,0.43,36.0,80.0,8.0
2024-03-20T19:00:00Z,0.43,36.0,75.0,7.0
2024-03-20T20:00:00Z,0.44,32.0,72.0,8.0
2024-03-20T21:00:00Z,0.46,31.0,69.0,10.0
2024-03-20T22:00:00Z,0.45,30.0,68.0,10.0
2024-03-20T23:00:00Z,0.44,30.0,68.0,10.0
2024-03-21T00:00:00Z,0.45,29.0,69.0,10.0
2024-03-21T01:00:00Z,0.45,31.0,64.0,10.0
2024-03-21T02:00:00Z,0.5,30.0,59.0,11.0
2024-03-21T03:00:00Z,0.49,33.0,51.0,9.0
2024-03-21T04:00:00Z,0.49,32.0,49.0,9.0
2024-03-21T05:00:00Z,0.54,39.0,42.0,9.0
2024-03-21T06:00:00Z,0.56,40.0,42.0,10.0
2024-03-21T07:00:00Z,0.59,36.0,50.0,11.0
2024-03-21T08:00:00Z,0.63,34.0,61.0,12.0
2024-03-21T09:00:00Z,0.59,29.0,79.0,11.0
2024-03-21T10:00:00Z,0.57,25.0,98.0,10.0
2024-03-21T11:00:00Z,0.5,19.0,115.0,9.0
2024-03-21T12:00:00Z,0.42,16.0,128.0,8.0
2024-03-21T13:00:00Z,0.41,15.0,132.0,7.0
2024-03-21T14:00:00Z,0.38,15.0,132.0,7.0
2024-03-21T15:00:00Z,0.39,16.0,130.0,7.0
2024-03-21T16:00:00Z,0.42,20.0,124.0,7.0
2024-03-21T17:00:00Z,0.45,23.0,113.0,7.0
2024-03-21T18:00:00Z,0.46,23.0,104.0,7.0
2024-03-21T19:00:00Z,0.41,22.0,98.0,8.0
2024-03-21T20:00:00Z,0.41,23.0,94.0,8.0
2024-03-21T21:00:00Z,0.42,22.0,93.0,8.0
2024-03-21T22:00:00Z,0.44,24.0,87.0,9.0
2024-03-21T23:00:00Z,0.45,26.0,80.0,9.0
2024-03-22T00:00:00Z,0.5,28.0,71.0,10.0
2024-03-22T01:00:00Z,0.52,28.0,66.0,10.0
2024-03-22T02:00:00Z,0.52,25.0,66.0,10.0
2024-03-22T03:00:00Z,0.55,26.0,61.0,10.0
2024-03-22T04:00:00Z,0.56,29.0,55.0,10.0
2024-03-22T05:00:00Z,0.59,34.0,47.0,10.0
2024-03-22T06:00:00Z,0.61,33.0,52.0,10.0
2024-03-22T07:00:00Z,0.66,31.0,58.0,11.0
2024-03-22T08:00:00Z,0.59,27.0,73.0,11.0
2024-03-22T09:00:00Z,0.55,20.0,92.0,10.0
2024-03-22T10:00:00Z,0.55,17.0,106.0,10.0
2024-03-22T11:00:00Z,0.59,15.0,119.0,9.0
2024-03-22T12:00:00Z,0.56,15.0,126.0,9.0
2024-03-22T13:00:00Z,0.56,15.0,131.0,9.0
2024-03-22T14:00:00Z,0.54,15.0,139.0,10.0
2024-03-22T15:00:00Z,0.59,17.0,144.0,10.0
2024-03-22T16:00:00Z,0.63,24.0,140.0,10.0
2024-03-22T17:00:00Z,0.72,33.0,124.0,10.0
2024-03-22T18:00:00Z,0.85,50.0,89.0,10.0
2024-03-22T19:00:00Z,1.06,66.0,59.0,10.0
2024-03-22T20:00:00Z,1.03,89.0,34.0,10.0
2024-03-22T21:00:00Z,0.9,83.0,43.0,10.0
2024-03-22T22:00:00Z,0.8,70.0,50.0,11.0
2024-03-22T23:00:00Z,0.78,63.0,52.0,10.0
2024-03-23T00:00:00Z,0.78,55.0,53.0,13.0
2024-03-23T01:00:00Z,0.76,45.0,57.0,13.0
2024-03-23T02:00:00Z,0.76,38.0,67.0,13.0
2024-03-23T03:00:00Z,0.75,35.0,69.0,12.0
2024-03-23T04:00:00Z,0.69,33.0,67.0,12.0
2024-03-23T05:00:00Z,0.64,35.0,65.0,12.0
2024-03-23T06:00:00Z,0.61,36.0,63.0,11.0
2024-03-23T07:00:00Z,0.61,34.0,66.0,11.0
2024-03-23T08:00:00Z,0.6,32.0,72.0,12.0
2024-03-23T09:00:00Z,0.56,29.0,81.0,11.0
2024-03-23T10:00:00Z,0.57,30.0,87.0,10.0
2024-03-23T11:00:00Z,0.61,30.0,98.0,10.0
2024-03-23T12:00:00Z,0.63,31.0,99.0,9.0
2024-03-23T13:00:00Z,0.65,30.0,92.0,7.0
2024-03-23T14:00:00Z,0.63,27.0,92.0,6.0
2024-03-23T15:00:00Z,0.66,26.0,96.0,6.0
2024-03-23T16:00:00Z,0.71,27.0,97.0,7.0
2024-03-23T17:00:00Z,0.74,24.0,106.0,6.0
2024-03-23T18:00:00Z,0.71,22.0,111.0,6.0
2024-03-23T19:00:00Z,0.73,20.0,113.0,6.0
2024-03-23T20:00:00Z,0.7,19.0,112.0,6.0
2024-03-23T21:00:00Z,0.63,18.0,111.0,6.0
2024-03-23T22:00:00Z,0.54,16.0,109.0,5.0
2024-03-23T23:00:00Z,0.59,16.0,113.0,5.0
2024-03-24T00:00:00Z,0.6,15.0,116.0,5.0
2024-03-24T01:00:00Z,0.56,14.0,115.0,5.0
2024-03-24T02:00:00Z,0.58,14.0,109.0,5.0
2024-03-24T03:00:00Z,0.58,14.0,105.0,5.0
2024-03-24T04:00:00Z,0.58,14.0,102.0,5.0
2024-03-24T05:00:00Z,0.56,15.0,100.0,5.0
2024-03-24T06:00:00Z,0.55,17.0,95.0,6.0
2024-03-24T07:00:00Z,0.55,19.0,89.0,7.0
2024-03-24T08:00:00Z,0.53,22.0,84.0,8.0
2024-03-24T09:00:00Z,0.53,24.0,81.0,9.0
2024-03-24T10:00:00Z,0.55,24.0,80.0,10.0
2024-03-24T11:00:00Z,0.53,20.0,87.0,11.0
2024-03-24T12:00:00Z,0.52,20.0,88.0,13.0
2024-03-24T13:00:00Z,0.46,22.0,85.0,13.0
2024-03-24T14:00:00Z,0.46,21.0,87.0,11.0
2024-03-24T15:00:00Z,0.46,22.0,89.0,9.0
2024-03-24T16:00:00Z,0.51,23.0,89.0,9.0
2024-03-24T17:00:00Z,0.5,23.0,90.0,9.0
2024-03-24T18:00:00Z,0.53,22.0,89.0,11.0
2024-03-24T19:00:00Z,0.48,20.0,92.0,11.0
2024-03-24T20:00:00Z,0.5,22.0,94.0,12.0
2024-03-24T21:00:00Z,0.49,21.0,97.0,10.0
2024-03-24T22:00:00Z,0.5,19.0,87.0,7.0
2024-03-24T23:00:00Z,0.74,18.0,85.0,6.0
2024-03-25T00:00:00Z,0.86,17.0,85.0,6.0
2024-03-25T01:00:00Z,0.7,19.0,81.0,6.0
2024-03-25T02:00:00Z,0.61,21.0,70.0,6.0
2024-03-25T03:00:00Z,0.6,22.0,62.0,6.0
2024-03-25T04:00:00Z,0.59,22.0,58.0,6.0
2024-03-25T05:00:00Z,0.67,25.0,51.0,6.0
2024-03-25T06:00:00Z,0.76,29.0,42.0,6.0
2024-03-25T07:00:00Z,0.74,27.0,47.0,6.0
2024-03-25T08:00:00Z,0.7,25.0,55.0,6.0
2024-03-25T09:00:00Z,0.69,22.0,74.0,6.0
2024-03-25T10:00:00Z,0.63,21.0,84.0,6.0
2024-03-25T11:00:00Z,0.59,21.0,78.0,6.0
2024-03-25T12:00:00Z,0.57,23.0,69.0,5.0
2024-03-25T13:00:00Z,0.59,26.0,57.0,5.0
2024-03-25T14:00:00Z,0.57,27.0,55.0,5.0
2024-03-25T15:00:00Z,0.57,27.0,55.0,5.0
2024-03-25T16:00:00Z,0.57,28.0,49.0,5.0
2024-03-25T17:00:00Z,0.57,28.0,44.0,5.0
2024-03-25T18:00:00Z,0.59,28.0,38.0,6.0
2024-03-25T19:00:00Z,0.68,29.0,31.0,6.0
2024-03-25T20:00:00Z,0.68,29.0,29.0,6.0
2024-03-25T21:00:00Z,0.68,30.0,26.0,6.0
2024-03-25T22:00:00Z,0.71,29.0,24.0,6.0
2024-03-25T23:00:00Z,0.76,28.0,23.0,7.0
2024-03-26T00:00:00Z,0.79,29.0,21.0,7.0
2024-03-26T01:00:00Z,0.84,31.0,18.0,7.0
2024-03-26T02:00:00Z,0.84,31.0,17.0,7.0
2024-03-26T03:00:00Z,0.82,27.0,21.0,7.0
2024-03-26T04:00:00Z,0.82,26.0,21.0,7.0
2024-03-26T05:00:00Z,0.88,30.0,18.0,7.0
2024-03-26T06:00:00Z,0.94,29.0,24.0,7.0
2024-03-26T07:00:00Z,0.86,24.0,41.0,8.0
2024-03-26T08:00:00Z,0.81,24.0,56.0,8.0
2024-03-26T09:00:00Z,0.67,20.0,82.0,7.0
2024-03-26T10:00:00Z,0.63,19.0,102.0,7.0
2024-03-26T11:00:00Z,0.59,16.0,114.0,7.0
2024-03-26T12:00:00Z,0.59,17.0,122.0,7.0
2024-03-26T13:00:00Z,0.63,18.0,129.0,7.0
2024-03-26T14:00:00Z,0.63,19.0,131.0,7.0
2024-03-26T15:00:00Z,0.6,19.0,111.0,7.0
2024-03-26T16:00:00Z,0.56,20.0,99.0,8.0
2024-03-26T17:00:00Z,0.56,22.0,90.0,7.0
2024-03-26T18:00:00Z,0.61,29.0,73.0,7.0
2024-03-26T19:00:00Z,0.66,30.0,64.0,7.0
2024-03-26T20:00:00Z,0.61,33.0,59.0,6.0
2024-03-26T21:00:00Z,0.58,27.0,63.0,6.0
2024-03-26T22:00:00Z,0.58,23.0,63.0,6.0
2024-03-26T23:00:00Z,0.56,22.0,64.0,6.0
2024-03-27T00:00:00Z,0.56,21.0,66.0,6.0
2024-03-27T01:00:00Z,0.56,23.0,65.0,6.0
2024-03-27T02:00:00Z,0.56,19.0,71.0,6.0
2024-03-27T03:00:00Z,0.56,19.0,68.0,6.0
2024-03-27T04:00:00Z,0.58,20.0,65.0,6.0
2024-03-27T05:00:00Z,0.6,24.0,59.0,7.0
2024-03-27T06:00:00Z,0.67,27.0,55.0,7.0
2024-03-27T07:00:00Z,0.72,26.0,57.0,8.0
2024-03-27T08:00:00Z,0.7,25.0,60.0,8.0
2024-03-27T09:00:00Z,0.71,25.0,58.0,8.0
2024-03-27T10:00:00Z,0.74,26.0,51.0,7.0
2024-03-27T11:00:00Z,0.74,24.0,61.0,7.0
2024-03-27T12:00:00Z,0.76,25.0,62.0,6.0
2024-03-27T13:00:00Z,0.76,26.0,62.0,7.0
2024-03-27T14:00:00Z,0.74,28.0,59.0,7.0
2024-03-27T15:00:00Z,0.8,29.0,59.0,7.0
2024-03-27T16:00:00Z,0.8,31.0,54.0,6.0
2024-03-27T17:00:00Z,0.87,34.0,48.0,7.0
2024-03-27T18:00:00Z,0.86,32.0,42.0,7.0
2024-03-27T20:00:00Z,0.75,29.0,41.0,7.0
2024-03-27T21:00:00Z,0.8,28.0,39.0,6.0
2024-03-27T22:00:00Z,0.8,27.0,37.0,6.0
2024-03-27T23:00:00Z,0.77,28.0,35.0,6.0
2024-03-28T00:00:00Z,0.79,27.0,34.0,6.0
2024-03-28T01:00:00Z,0.77,25.0,34.0,6.0
2024-03-28T02:00:00Z,0.79,27.0,27.0,6.0
2024-03-28T03:00:00Z,0.81,30.0,21.0,6.0
2024-03-28T04:00:00Z,0.8,33.0,17.0,6.0
2024-03-28T05:00:00Z,0.84,34.0,17.0,6.0
2024-03-28T06:00:00Z,0.85,36.0,20.0,7.0
2024-03-28T07:00:00Z,0.84,37.0,24.0,7.0
2024-03-28T08:00:00Z,0.74,27.0,46.0,6.0
2024-03-28T09:00:00Z,0.69,23.0,62.0,6.0
2024-03-28T10:00:00Z,0.68,19.0,72.0,6.0
2024-03-28T11:00:00Z,0.64,17.0,81.0,6.0
2024-03-28T12:00:00Z,0.65,17.0,89.0,6.0
2024-03-28T13:00:00Z,0.64,20.0,93.0,6.0
2024-03-28T14:00:00Z,0.62,21.0,95.0,7.0
2024-03-28T15:00:00Z,0.68,20.0,96.0,7.0
2024-03-28T16:00:00Z,0.76,22.0,87.0,7.0
2024-03-28T17:00:00Z,0.83,25.0,76.0,7.0
2024-03-28T18:00:00Z,0.79,23.0,74.0,7.0
2024-03-28T19:00:00Z,0.77,21.0,72.0,7.0
2024-03-28T20:00:00Z,0.7,22.0,64.0,7.0
2024-03-28T21:00:00Z,0.69,22.0,65.0,7.0
2024-03-28T22:00:00Z,0.69,21.0,69.0,8.0
2024-03-28T23:00:00Z,0.63,20.0,80.0,9.0
2024-03-29T00:00:00Z,0.61,19.0,86.0,8.0
2024-03-29T01:00:00Z,0.61,18.0,90.0,8.0
2024-03-29T02:00:00Z,0.6,17.0,92.0,8.0
2024-03-29T03:00:00Z,0.61,16.0,91.0,8.0
2024-03-29T04:00:00Z,0.63,16.0,88.0,8.0
2024-03-29T05:00:00Z,0.61,20.0,82.0,8.0
2024-03-29T06:00:00Z,0.6,20.0,81.0,8.0
2024-03-29T07:00:00Z,0.57,20.0,83.0,8.0
2024-03-29T08:00:00Z,0.54,17.0,90.0,9.0
2024-03-29T09:00:00Z,0.59,15.0,93.0,9.0
2024-03-29T10:00:00Z,0.59,14.0,100.0,8.0
2024-03-29T11:00:00Z,0.57,14.0,113.0,9.0
2024-03-29T12:00:00Z,0.53,15.0,126.0,9.0
2024-03-29T13:00:00Z,0.51,16.0,135.0,9.0
2024-03-29T14:00:00Z,0.5,16.0,141.0,9.0
2024-03-29T15:00:00Z,0.49,16.0,142.0,9.0
2024-03-29T16:00:00Z,0.56,17.0,133.0,9.0
2024-03-29T17:00:00Z,0.61,22.0,114.0,9.0
2024-03-29T18:00:00Z,0.64,31.0,91.0,9.0
2024-03-29T19:00:00Z,0.63,32.0,83.0,9.0
2024-03-29T20:00:00Z,0.6,29.0,84.0,9.0
2024-03-29T21:00:00Z,0.65,32.0,76.0,9.0
2024-03-29T22:00:00Z,0.7,31.0,65.0,9.0
2024-03-29T23:00:00Z,0.75,27.0,64.0,8.0
2024-03-30T00:00:00Z,0.78,23.0,65.0,8.0
2024-03-30T01:00:00Z,0.76,24.0,60.0,8.0
2024-03-30T02:00:00Z,0.78,25.0,57.0,8.0
2024-03-30T03:00:00Z,0.76,27.0,53.0,8.0
2024-03-30T04:00:00Z,0.78,34.0,41.0,8.0
2024-03-30T05:00:00Z,0.75,39.0,36.0,8.0
2024-03-30T06:00:00Z,0.78,37.0,46.0,9.0
2024-03-30T07:00:00Z,0.8,34.0,59.0,10.0
2024-03-30T08:00:00Z,0.83,34.0,68.0,11.0
2024-03-30T09:00:00Z,0.81,34.0,81.0,11.0
2024-03-30T10:00:00Z,0.9,24.0,104.0,13.0
2024-03-30T11:00:00Z,0.89,21.0,124.0,14.0
2024-03-30T12:00:00Z,0.76,20.0,149.0,13.0
2024-03-30T13:00:00Z,0.76,21.0,164.0,14.0
2024-03-30T14:00:00Z,0.76,26.0,176.0,12.0
2024-03-30T15:00:00Z,0.63,25.0,170.0,11.0
2024-03-30T16:00:00Z,0.66,27.0,163.0,11.0
2024-03-30T17:00:00Z,0.79,35.0,142.0,12.0
2024-03-30T18:00:00Z,0.89,33.0,129.0,12.0
2024-03-30T19:00:00Z,0.89,29.0,122.0,12.0
2024-03-30T20:00:00Z,0.78,27.0,116.0,11.0
2024-03-30T21:00:00Z,0.63,25.0,110.0,10.0
2024-03-30T22:00:00Z,0.62,26.0,97.0,10.0
2024-03-30T23:00:00Z,0.61,26.0,86.0,10.0
2024-03-31T00:00:00Z,0.51,24.0,85.0,9.0
2024-03-31T01:00:00Z,0.51,24.0,90.0,9.0
2024-03-31T02:00:00Z,0.54,23.0,92.0,8.0
2024-03-31T03:00:00Z,0.53,20.0,96.0,8.0
2024-03-31T04:00:00Z,0.5,19.0,94.0,7.0
2024-03-31T05:00:00Z,0.53,25.0,83.0,8.0
2024-03-31T06:00:00Z,0.51,26.0,79.0,8.0
2024-03-31T07:00:00Z,0.53,24.0,83.0,8.0
2024-03-31T08:00:00Z,0.54,24.0,91.0,9.0
2024-03-31T09:00:00Z,0.5,22.0,103.0,9.0
2024-03-31T10:00:00Z,0.49,18.0,118.0,9.0
2024-03-31T11:00:00Z,0.49,17.0,126.0,9.0
2024-03-31T12:00:00Z,0.48,17.0,131.0,8.0
2024-03-31T13:00:00Z,0.51,16.0,136.0,8.0
2024-03-31T14:00:00Z,0.52,17.0,142.0,9.0
2024-03-31T15:00:00Z,0.55,18.0,139.0,9.0
2024-03-31T16:00:00Z,0.56,18.0,129.0,8.0
2024-03-31T17:00:00Z,0.56,18.0,118.0,8.0
2024-03-31T18:00:00Z,0.59,25.0,98.0,8.0
2024-03-31T19:00:00Z,0.57,24.0,95.0,8.0
2024-03-31T20:00:00Z,0.57,25.0,92.0,8.0
2024-03-31T21:00:00Z,0.6,28.0,85.0,8.0
2024-03-31T22:00:00Z,0.54,26.0,84.0,8.0
2024-03-31T23:00:00Z,0.56,24.0,83.0,8.0
2024-04-01T00:00:00Z,0.56,22.0,83.0,8.0
2024-04-01T01:00:00Z,0.56,23.0,82.0,8.0
2024-04-01T02:00:00Z,0.57,27.0,76.0,8.0
2024-04-01T03:00:00Z,0.57,25.0,76.0,8.0
2024-04-01T04:00:00Z,0.6,26.0,75.0,9.0
2024-04-01T05:00:00Z,0.61,31.0,70.0,9.0
2024-04-01T06:00:00Z,0.66,38.0,64.0,10.0
2024-04-01T07:00:00Z,0.74,32.0,87.0,12.0
2024-04-01T08:00:00Z,0.91,29.0,114.0,15.0
2024-04-01T09:00:00Z,1.07,27.0,132.0,16.0
2024-04-01T10:00:00Z,0.99,20.0,154.0,14.0
2024-04-01T11:00:00Z,0.98,16.0,168.0,13.0
2024-04-01T12:00:00Z,0.94,14.0,172.0,11.0
2024-04-01T13:00:00Z,0.87,14.0,174.0,10.0
2024-04-01T14:00:00Z,0.8,14.0,177.0,9.0
2024-04-01T15:00:00Z,0.8,17.0,184.0,9.0
2024-04-01T16:00:00Z,0.81,21.0,184.0,9.0
2024-04-01T17:00:00Z,0.8,23.0,167.0,9.0
2024-04-01T18:00:00Z,0.78,25.0,154.0,9.0
2024-04-01T19:00:00Z,0.83,28.0,145.0,10.0
2024-04-01T20:00:00Z,0.86,28.0,141.0,10.0
2024-04-01T21:00:00Z,0.96,26.0,143.0,9.0
2024-04-01T22:00:00Z,0.96,24.0,129.0,10.0
2024-04-01T23:00:00Z,0.9,24.0,105.0,10.0
2024-04-02T00:00:00Z,0.89,25.0,84.0,10.0
2024-04-02T01:00:00Z,0.85,27.0,63.0,10.0
2024-04-02T02:00:00Z,0.77,28.0,51.0,11.0
2024-04-02T03:00:00Z,0.72,26.0,53.0,12.0
2024-04-02T04:00:00Z,0.72,24.0,56.0,12.0
2024-04-02T05:00:00Z,0.76,24.0,55.0,11.0
2024-04-02T06:00:00Z,0.81,26.0,54.0,11.0
2024-04-02T07:00:00Z,0.81,28.0,54.0,10.0
2024-04-02T08:00:00Z,0.79,29.0,52.0,10.0
2024-04-02T09:00:00Z,0.79,31.0,50.0,9.0
2024-04-02T10:00:00Z,0.87,31.0,50.0,8.0
2024-04-02T11:00:00Z,1.11,33.0,47.0,8.0
2024-04-02T12:00:00Z,1.51,31.0,66.0,10.0
2024-04-02T13:00:00Z,1.39,34.0,89.0,11.0
2024-04-02T14:00:00Z,1.08,36.0,98.0,11.0
2024-04-02T15:00:00Z,0.91,38.0,86.0,9.0
2024-04-02T16:00:00Z,0.85,40.0,77.0,9.0
2024-04-02T17:00:00Z,0.79,38.0,75.0,9.0
2024-04-02T18:00:00Z,0.8,37.0,67.0,9.0
2024-04-02T19:00:00Z,0.8,37.0,57.0,8.0
2024-04-02T20:00:00Z,0.85,38.0,46.0,8.0
2024-04-02T21:00:00Z,0.83,35.0,47.0,7.0
2024-04-02T22:00:00Z,0.9,32.0,50.0,7.0
2024-04-02T23:00:00Z,0.97,30.0,47.0,7.0
2024-04-03T00:00:00Z,0.9,28.0,47.0,8.0
2024-04-03T01:00:00Z,0.85,31.0,42.0,8.0
2024-04-03T02:00:00Z,0.86,30.0,37.0,8.0
2024-04-03T03:00:00Z,0.82,28.0,35.0,7.0
2024-04-03T04:00:00Z,0.74,24.0,39.0,7.0
2024-04-03T05:00:00Z,0.76,27.0,33.0,7.0
2024-04-03T06:00:00Z,0.79,28.0,32.0,8.0
2024-04-03T07:00:00Z,0.87,28.0,33.0,8.0
2024-04-03T08:00:00Z,0.91,28.0,37.0,7.0
2024-04-03T09:00:00Z,0.93,31.0,39.0,9.0
2024-04-03T10:00:00Z,0.95,30.0,41.0,8.0
2024-04-03T11:00:00Z,0.91,29.0,46.0,8.0
2024-04-03T12:00:00Z,0.9,28.0,49.0,9.0
2024-04-03T13:00:00Z,0.9,30.0,48.0,8.0
2024-04-03T14:00:00Z,0.85,31.0,46.0,7.0
2024-04-03T15:00:00Z,0.84,30.0,45.0,7.0
2024-04-03T16:00:00Z,0.86,32.0,39.0,7.0
2024-04-03T17:00:00Z,0.89,32.0,36.0,7.0
2024-04-03T18:00:00Z,0.86,31.0,34.0,7.0
2024-04-03T19:00:00Z,0.94,36.0,24.0,7.0
2024-04-03T20:00:00Z,0.85,34.0,22.0,7.0
2024-04-03T21:00:00Z,0.74,27.0,31.0,7.0
2024-04-03T22:00:00Z,0.74,26.0,32.0,7.0
2024-04-03T23:00:00Z,0.59,24.0,50.0,7.0
2024-04-04T00:00:00Z,0.46,19.0,70.0,7.0
2024-04-04T01:00:00Z,0.41,20.0,71.0,7.0
2024-04-04T02:00:00Z,0.42,21.0,72.0,8.0
2024-04-04T03:00:00Z,0.45,20.0,74.0,9.0
2024-04-04T04:00:00Z,0.48,22.0,69.0,8.0
2024-04-04T05:00:00Z,0.49,25.0,68.0,8.0
2024-04-04T06:00:00Z,0.49,25.0,71.0,8.0
2024-04-04T07:00:00Z,0.54,25.0,72.0,8.0
2024-04-04T08:00:00Z,0.5,22.0,79.0,9.0
2024-04-04T09:00:00Z,0.49,19.0,88.0,8.0
2024-04-04T10:00:00Z,0.53,19.0,92.0,9.0
2024-04-04T11:00:00Z,0.49,18.0,99.0,10.0
2024-04-04T12:00:00Z,0.53,18.0,104.0,10.0
2024-04-04T13:00:00Z,0.54,18.0,106.0,9.0
2024-04-04T14:00:00Z,0.55,17.0,112.0,9.0
2024-04-04T15:00:00Z,0.46,18.0,112.0,8.0
2024-04-04T16:00:00Z,0.45,20.0,107.0,8.0
2024-04-04T17:00:00Z,0.48,24.0,95.0,8.0
2024-04-04T18:00:00Z,0.48,28.0,80.0,8.0
2024-04-04T19:00:00Z,0.49,29.0,72.0,8.0
2024-04-04T20:00:00Z,0.56,34.0,57.0,8.0
2024-04-04T21:00:00Z,0.61,40.0,40.0,7.0
2024-04-04T22:00:00Z,0.6,40.0,34.0,7.0
2024-04-04T23:00:00Z,0.62,46.0,25.0,7.0
2024-04-05T00:00:00Z,0.63,44.0,21.0,7.0
2024-04-05T01:00:00Z,0.6,46.0,16.0,6.0
2024-04-05T02:00:00Z,0.62,48.0,15.0,7.0
2024-04-05T03:00:00Z,0.6,51.0,14.0,7.0
2024-04-05T04:00:00Z,0.6,52.0,14.0,8.0
2024-04-05T05:00:00Z,0.65,59.0,11.0,9.0
2024-04-05T06:00:00Z,0.85,57.0,20.0,11.0
2024-04-05T07:00:00Z,1.01,47.0,52.0,16.0
2024-04-05T08:00:00Z,0.8,36.0,89.0,15.0
2024-04-05T09:00:00Z,0.65,26.0,114.0,12.0
2024-04-05T10:00:00Z,0.68,21.0,123.0,11.0
2024-04-05T11:00:00Z,0.69,19.0,131.0,12.0
2024-04-05T12:00:00Z,0.66,18.0,135.0,11.0
2024-04-05T13:00:00Z,0.57,16.0,138.0,10.0
2024-04-05T14:00:00Z,0.53,15.0,138.0,9.0
2024-04-05T15:00:00Z,0.56,16.0,135.0,9.0
2024-04-05T16:00:00Z,0.56,18.0,133.0,9.0
2024-04-05T17:00:00Z,0.59,23.0,126.0,9.0
2024-04-05T18:00:00Z,0.6,32.0,111.0,9.0
2024-04-05T19:00:00Z,0.62,29.0,109.0,9.0
2024-04-05T20:00:00Z,0.61,29.0,100.0,9.0
2024-04-05T21:00:00Z,0.61,27.0,99.0,9.0
2024-04-05T22:00:00Z,0.59,24.0,103.0,9.0
2024-04-05T23:00:00Z,0.6,25.0,103.0,9.0
2024-04-06T00:00:00Z,0.6,24.0,100.0,9.0
2024-04-06T01:00:00Z,0.61,26.0,84.0,8.0
2024-04-06T02:00:00Z,0.61,29.0,72.0,8.0
2024-04-06T03:00:00Z,0.64,46.0,47.0,8.0
2024-04-06T04:00:00Z,0.66,57.0,31.0,8.0
2024-04-06T05:00:00Z,0.7,56.0,42.0,9.0
2024-04-06T06:00:00Z,0.73,47.0,56.0,11.0
2024-04-06T07:00:00Z,0.74,35.0,86.0,14.0
2024-04-06T08:00:00Z,0.67,28.0,108.0,13.0
2024-04-06T09:00:00Z,0.63,23.0,120.0,13.0
2024-04-06T10:00:00Z,0.57,17.0,137.0,9.0
2024-04-06T11:00:00Z,0.55,14.0,146.0,8.0
2024-04-06T12:00:00Z,0.5,14.0,146.0,7.0
2024-04-06T13:00:00Z,0.5,14.0,143.0,7.0
2024-04-06T14:00:00Z,0.5,15.0,142.0,7.0
2024-04-06T15:00:00Z,0.52,16.0,139.0,8.0
2024-04-06T16:00:00Z,0.52,18.0,134.0,8.0
2024-04-06T17:00:00Z,0.54,21.0,126.0,8.0
2024-04-06T18:00:00Z,0.59,28.0,108.0,8.0
2024-04-06T19:00:00Z,0.6,32.0,97.0,8.0
2024-04-06T20:00:00Z,0.6,33.0,90.0,8.0
2024-04-06T21:00:00Z,0.59,28.0,90.0,8.0
